pdf_id,pdf_filename,local_path,sha256,paper_title,authors,year,venue,version,relevance_screening,pass_reason,analysis_file,status,page_count,duplicate_of,version_note,screening_reason,doi,arxiv,screening_source_location,read_scope,source_type,sort_index
B001,Agarwal 등 - 2023 - Dexterous Functional Grasping.pdf,260918/Agarwal 등 - 2023 - Dexterous Functional Grasping.pdf,c12f68a582bc9f3d1113f38610b62a3a337054583da3e89945e4d10c719903b9,Dexterous Functional Grasping,Ananye Agarwal; Shagun Uppal; Kenneth Shaw; Deepak Pathak,2023,CoRL 2023,"arXiv v1, 2023-12-05",Relevant,Not applicable,batch_001/papers/2023-agarwal-dexterous-functional-grasping.md,completed,15,Not applicable,Single selected version; 15-page arXiv v1 including Appendix A–E. Appendix D has observation-dimension inconsistency.,초기 visual affordance 후 object pose/vision 없이 proprioception과 GRU로 blind grasp를 수행; recurrence 비교와 training-only object state를 조사할 수 있음,Not stated,2312.02975v1,"Title/Abstract, p.1; §1–2, pp.2–5; Appendix D observation, p.15",Full main text pp.1–8; references pp.9–12 checked; Appendix A–E pp.13–15 read. PDF pp.5–6 and 15 rendered and visually inspected.,Research paper,1
B002,"Ahn 등 - Do As I Can, Not As I Say Grounding Language in Robotic Affordances.pdf","260918/Ahn 등 - Do As I Can, Not As I Say Grounding Language in Robotic Affordances.pdf",68ce624b1df1f3c7479cb13953e18dd228bb699cc271005b5e27f2c79f2af153,"Do As I Can, Not As I Say: Grounding Language in Robotic Affordances",Michael Ahn; Anthony Brohan; Noah Brown; Yevgen Chebotar; Omar Cortes; Byron David; Chelsea Finn; Chuyuan Fu; Keerthana Gopalakrishnan; Karol Hausman; Alex Herzog; Daniel Ho; Jasmine Hsu; Julian Ibarz; Brian Ichter; Alex Irpan; Eric Jang; Rosario Jauregui Ruano; Kyle Jeffrey; Sally Jesmonth; Nikhil J Joshi; Ryan Julian; Dmitry Kalashnikov; Yuheng Kuang; Kuang-Huei Lee; Sergey Levine; Yao Lu; Linda Luu; Carolina Parada; Peter Pastor; Jornell Quiambao; Kanishka Rao; Jarek Rettinghouse; Diego Reyes; Pierre Sermanet; Nicolas Sievers; Clayton Tan; Alexander Toshev; Vincent Vanhoucke; Fei Xia; Ted Xiao; Peng Xu; Sichun Xu; Mengyuan Yan; Andy Zeng,Not stated,Not stated,Not stated,PASS,언어 모델의 skill 선택을 image-based affordance/value function으로 grounding하는 연구다. Method와 RL/BC 입력을 확인했으나 tactile·F/T 또는 시각 갱신 없이 접촉 정보를 보완하는 구조를 다루지 않아 PASS.,Not applicable,passed,34,Not applicable,선택 PDF에 publication year/venue/arXiv version의 명시적 표기 확인되지 않음. 참고문헌 연도로 출판연도를 추정하지 않음.,언어 모델의 skill 선택을 image-based affordance/value function으로 grounding하는 연구다. Method와 RL/BC 입력을 확인했으나 tactile·F/T 또는 시각 갱신 없이 접촉 정보를 보완하는 구조를 다루지 않아 PASS.,Not stated,Not stated,"Title/Abstract/§1, PDF pp.1–2; §3–4, p.4; Appendix C.1, pp.19–20",Screening: title/abstract/introduction; method and language-conditioned policy overview; Appendix C.1 input architecture. PASS 후 상세 분석하지 않음.,Research paper,2
B003,Aljalbout 등 - 2024 - On the Role of the Action Space in Robot Manipulation Learning and Sim-to-Real Transfer.pdf,260918/Aljalbout 등 - 2024 - On the Role of the Action Space in Robot Manipulation Learning and Sim-to-Real Transfer.pdf,318bd687d4ff35c244d5a028e6d78a790ae10f714dbb1c3be746ebe1c62f2bb6,On the Role of the Action Space in Robot Manipulation Learning and Sim-to-Real Transfer,Elie Aljalbout; Felix Frank; Maximilian Karl; Patrick van der Smagt,2023,Not stated,"arXiv v1, 2023-12-06",PASS,"Reaching/pushing의 action-space 및 sim-to-real 성능 비교가 중심이며 pushing Actor에 current object position/orientation을 제공한다. Tactile·F/T 관측, 접촉 locality 추정, 물체 정보 미관측의 보완을 분석하지 않아 PASS.",Not applicable,passed,9,Not applicable,파일명은 2024이나 실제 선택 PDF는 2023-12-06 arXiv v1. 이 Manifest는 읽은 버전의 2023을 기록하며 출판본을 읽은 것으로 처리하지 않음.,"Reaching/pushing의 action-space 및 sim-to-real 성능 비교가 중심이며 pushing Actor에 current object position/orientation을 제공한다. Tactile·F/T 관측, 접촉 locality 추정, 물체 정보 미관측의 보완을 분석하지 않아 PASS.",Not stated,2312.03673v1,"Title/Abstract/§I, PDF p.1; §III, pp.2–3; §IV observation, p.4","Screening: title/abstract/introduction, method/controller overview and experimental observation specification. PASS 후 상세 분석하지 않음.",Research paper,3
B004,Articulation Joint Friction.pdf,260918/Articulation Joint Friction.pdf,9c399575d71f9ee045ad1434c011d591d7cc6780f927c534c0db5ace053a9216,Articulation Joint Friction,PhysX Team,2025,Not applicable,Technical document dated 2025-04-28,PASS,PhysX articulation joint friction의 API·solver 구현을 설명하는 기술문서다. Manipulation의 센서 관측이나 tactile/F/T에 의한 부족한 물체 정보 보완을 다루는 연구가 아니므로 PASS.,Not applicable,passed,3,Not applicable,학술 논문이 아닌 PhysX Team의 3쪽 구현 기술문서. 문서 날짜는 PDF p.1에 명시.,PhysX articulation joint friction의 API·solver 구현을 설명하는 기술문서다. Manipulation의 센서 관측이나 tactile/F/T에 의한 부족한 물체 정보 보완을 다루는 연구가 아니므로 PASS.,Not stated,Not stated,"Title/date/Basics/§1, PDF p.1; §2–4, pp.2–3",Screening: 문서 종류·범위 확인을 위해 3쪽 내용을 확인. 상세 manipulation 분석 대상에서 제외.,Technical documentation (non-paper),4
B005,Azimi 등 - 2026 - Benchmarking Action Spaces in Reinforcement Learning for Vision-based Robotic Manipulation.pdf,260918/Azimi 등 - 2026 - Benchmarking Action Spaces in Reinforcement Learning for Vision-based Robotic Manipulation.pdf,f3d1e7cdb2c94096fe9d727f110c71e9ec9d41ac62426ec6ce4181f3e4ea3073,Benchmarking Action Spaces in Reinforcement Learning for Vision-based Robotic Manipulation,Seyed Alireza Azimi; Homayoon Farrahi; Abhishek Naik; Colin Bellinger; A. Rupam Mahmood,2026,Not stated,"arXiv v1, 2026-06-17",PASS,지속 RGB·proprioception 기반 picking/pushing에서 action-space를 비교한다. 입력·controller·grasp-status 정의까지 확인했으나 tactile/F/T 또는 접촉 정보 보완 자체의 분석을 제공하지 않아 PASS.,Not applicable,passed,9,Not applicable,선택 PDF p.1의 arXiv v1 표기 기준. Observation의 grasp status와 thresholded gripper command를 tactile sensor 측정으로 재해석하지 않음.,지속 RGB·proprioception 기반 picking/pushing에서 action-space를 비교한다. 입력·controller·grasp-status 정의까지 확인했으나 tactile/F/T 또는 접촉 정보 보완 자체의 분석을 제공하지 않아 PASS.,Not stated,2606.18594v1,"Title/Abstract/§I, PDF p.1; §III-C/IV, p.3; §IV-B/C, p.4; Eq.(11)/§V-B, p.5","Screening: title/abstract/introduction, method/controller overview, observations and actor–critic architecture; grasp-status ambiguity 확인을 위해 Eq.(11) 추가 확인. PASS 후 상세 분석하지 않음.",Research paper,5
B006,Back 등 - 2022 - Unseen Object Amodal Instance Segmentation via Hierarchical Occlusion Modeling.pdf,260918/Back 등 - 2022 - Unseen Object Amodal Instance Segmentation via Hierarchical Occlusion Modeling.pdf,40c6c6b4bace80b7f58742960f8be2de91ca5f32eb1b17df7cabddf0f5116326,Unseen Object Amodal Instance Segmentation via Hierarchical Occlusion Modeling,Seunghyeok Back; Joosoon Lee; Taewon Kim; Sangjun Noh; Raeyoung Kang; Seongho Bak; Kyoobin Lee,2022,2022 IEEE International Conference on Robotics and Automation (ICRA),publisher,PASS,RGB-D 영상의 visible/amodal mask 및 occlusion을 예측하는 perception 연구다. Tactile·F/T 또는 접촉 조작 중 부족한 object information의 보완 구조를 다루지 않아 PASS.,Not applicable,passed,8,Not applicable,제공본은 IEEE 출판본. 선택한 15개 안에 같은 논문의 다른 버전 없음,RGB-D 영상의 visible/amodal mask 및 occlusion을 예측하는 perception 연구다. Tactile·F/T 또는 접촉 조작 중 부족한 object information의 보완 구조를 다루지 않아 PASS.,10.1109/ICRA46639.2022.9811646,Not stated,Title/Abstract/Introduction PDF p.1; Problem statement §III p.2; Method/Observation §IV-A–B pp.2–3,Screening only: PDF pp.1–3; detailed analysis not performed,Research paper,6
B007,Beltran-Hernandez 등 - 2020 - Learning Force Control for Contact-Rich Manipulation Tasks With Rigid Position-Controlled Robots.pdf,260918/Beltran-Hernandez 등 - 2020 - Learning Force Control for Contact-Rich Manipulation Tasks With Rigid Position-Controlled Robots.pdf,b8338cd208ea74e5afc83a9159b391ef5dae2d4d61694ea452996ca9eae5d802,Learning Force Control for Contact-Rich Manipulation Tasks With Rigid Position-Controlled Robots,Cristian Camilo Beltran-Hernandez; Damien Petit; Ixchel Georgina Ramirez-Alpizar; Takayuki Nishi; Shinichi Kikuchi; Takamitsu Matsubara; Kensuke Harada,2020,"IEEE Robotics and Automation Letters 5(4), 5709–5716",publisher,Relevant,Not applicable,batch_001/papers/2020-beltran-hernandez-learning-force-control.md,completed,8,Not applicable,Single selected file; no alternate version comparison,F/T와 EEF 목표 pose 오차·속도를 함께 입력하여 접촉 조작을 수행하는 사례다. 물체 형상 모델 없이 동작하지만 알려진 EEF goal과 튜닝된 force controller에 의존하므로 F/T-only라는 표현의 조건을 구분하는 데 직접 유용하다. Tactile은 사용하지 않으며 F/T 센서 제거 비교도 없다.,10.1109/LRA.2020.3010739,Not stated,"Title/Abstract/Introduction, PDF pp.1–2; §III-B and Fig.1, PDF p.3",Provided PDF pp.1–8; no separate appendix; no external code/video/supplement,Research paper,7
B008,Bergmann 등 - 2025 - Precision-Focused Reinforcement Learning Model for Robotic Object Pushing.pdf,260918/Bergmann 등 - 2025 - Precision-Focused Reinforcement Learning Model for Robotic Object Pushing.pdf,6f34f73c0f3f8c541e626664cbffa907574b4fd15d289314665edca514483d38,Precision-Focused Reinforcement Learning Model for Robotic Object Pushing,Lara Bergmann; David Leins; Robert Haschke; Klaus Neumann,2025,"2025 International Conference on Advanced Robotics and Mechatronics (ICARM), 758–765",publisher,Partially Relevant,Not applicable,batch_001/papers/2025-bergmann-precision-focused-pushing.md,completed,8,Not applicable,Single selected file; no alternate version comparison,"Tactile/F/T를 사용하지 않는 vision–proprioception pushing 연구다. 다만 binary visual representation에 없는 mass/friction 정보를 episode history로 보완한다는 명시적 논리와 memory 비교가 있으므로, 미관측 물성의 history 보완 구조에 한정하여 포함한다. 시각이 없는 실행 또는 tactile 정보손실 보완의 직접 증거로 사용하지 않는다.",10.1109/ICARM65671.2025.11293485,Not stated,"Title/Abstract/Introduction, PDF p.1; §IV-A–B observation/history, PDF pp.2–3",Provided PDF pp.1–8; no separate appendix; no external code/video/supplement,Research paper,8
B009,Black 등 - 2026 - $π_0$ A Vision-Language-Action Flow Model for General Robot Control.pdf,260918/Black 등 - 2026 - $π_0$ A Vision-Language-Action Flow Model for General Robot Control.pdf,e507e0360e8be44655a789ca7a38c2457aa463fc52d320c6a39efd6bdd542bc8,π0: A Vision-Language-Action Flow Model for General Robot Control,Kevin Black; Noah Brown; Danny Driess; Adnan Esmail; Michael Equi; Chelsea Finn; Niccolo Fusai; Lachy Groom; Karol Hausman; Brian Ichter; Szymon Jakubczak; Tim Jones; Liyiming Ke; Sergey Levine; Adrian Li-Bell; Mohith Mothukuri; Suraj Nair; Karl Pertsch; Lucy Xiaoyang Shi; James Tanner; Quan Vuong; Anna Walling; Haohuan Wang; Ury Zhilinsky,2024,Not stated (arXiv preprint),arXiv v1; 2024-10-31,PASS,RGB 영상·언어 지시·관절각을 사용하는 범용 VLA 정책 연구다. 접촉 sensing이나 축약 tactile·F/T의 정보 보완 및 역할 비교를 다루지 않아 PASS.,Not applicable,passed,17,Not applicable,파일명에는 2026이나 PDF 표기는 arXiv v1 (31 Oct 2024)이므로 원문 연도 2024를 사용. 선택 범위 내 다른 버전 없음,RGB 영상·언어 지시·관절각을 사용하는 범용 VLA 정책 연구다. 접촉 sensing이나 축약 tactile·F/T의 정보 보완 및 역할 비교를 다루지 않아 PASS.,Not stated,2410.24164v1,Title/Abstract PDF p.1; Introduction pp.2–3; Overview/Method §III–IV pp.4–5; observation definition p.5,Screening only: PDF pp.1–5; detailed analysis not performed,Research paper,9
B010,Brohan 등 - 2023 - RT-2 Vision-Language-Action Models Transfer Web Knowledge to Robotic Control.pdf,260918/Brohan 등 - 2023 - RT-2 Vision-Language-Action Models Transfer Web Knowledge to Robotic Control.pdf,0a62dc36bbbfdea232ad45a0ab75c82e9cf535b55333ff22c02d5da1897ccac3,RT-2: Vision-Language-Action Models Transfer Web Knowledge to Robotic Control,Anthony Brohan; Noah Brown; Justice Carbajal; Yevgen Chebotar; Xi Chen; Krzysztof Choromanski; Tianli Ding; Danny Driess; Avinava Dubey; Chelsea Finn; Pete Florence; Chuyuan Fu; Montse Gonzalez Arenas; Keerthana Gopalakrishnan; Kehang Han; Karol Hausman; Alexander Herzog; Jasmine Hsu; Brian Ichter; Alex Irpan; Nikhil Joshi; Ryan Julian; Dmitry Kalashnikov; Yuheng Kuang; Isabel Leal; Lisa Lee; Tsang-Wei Edward Lee; Sergey Levine; Yao Lu; Henryk Michalewski; Igor Mordatch; Karl Pertsch; Kanishka Rao; Krista Reymann; Michael Ryoo; Grecia Salazar; Pannag Sanketi; Pierre Sermanet; Jaspiar Singh; Anikait Singh; Radu Soricut; Huong Tran; Vincent Vanhoucke; Quan Vuong; Ayzaan Wahid; Stefan Welker; Paul Wohlhart; Jialin Wu; Fei Xia; Ted Xiao; Peng Xu; Sichun Xu; Tianhe Yu; Brianna Zitkovich,2023,Not stated (arXiv preprint),arXiv v1; 2023-07-28; manuscript header 2023-08-01,PASS,Camera 영상·언어 지시를 robot action token으로 연결하는 VLA 연구다. Unseen dynamics의 실패 사례는 있으나 tactile·F/T 기반 접촉 정보 보완 또는 modality 역할을 조사하지 않아 PASS.,Not applicable,passed,26,Not applicable,PDF의 arXiv v1 날짜와 본문 header 날짜를 함께 기록. 선택 범위 내 다른 버전 없음,Camera 영상·언어 지시를 robot action token으로 연결하는 VLA 연구다. Unseen dynamics의 실패 사례는 있으나 tactile·F/T 기반 접촉 정보 보완 또는 modality 역할을 조사하지 않아 PASS.,Not stated,2307.15818v1,Title/Abstract/Introduction PDF pp.1–3; Method/inputs §3.1–3.3 pp.4–6; scope check Appendix G p.23,Screening only: PDF pp.1–6 and Appendix G p.23; detailed analysis not performed,Research paper,10
B011,Brouwer 등 - 2026 - Gentle Object Retraction in Dense Clutter Using Multimodal Force Sensing and Imitation Learning.pdf,260918/Brouwer 등 - 2026 - Gentle Object Retraction in Dense Clutter Using Multimodal Force Sensing and Imitation Learning.pdf,aea8d5dca5fa450d5ca5385d33cfde6963921726202723eee2fd916b24ff093d,Gentle Object Retraction in Dense Clutter Using Multimodal Force Sensing and Imitation Learning,Dane Brouwer; Joshua Citron; Heather Nolte; Jeannette Bohg; Mark Cutkosky,2026,"IEEE Robotics and Automation Letters 11(2), 1578–1585",Publisher version,Relevant,Not applicable,batch_001/papers/2026-brouwer-gentle-object-retraction.md,completed,8,Not applicable,권·호는 February 2026이다. PDF는 publication 11 December 2025 및 current version 19 December 2025를 별도로 표시한다. 선택된 배치 안에서 동일 논문의 다른 파일은 확인되지 않았다.,"조밀한 clutter 안에서 물체를 꺼내는 정책에 분포형 triaxial tactile과 joint-torque 기반 추정 wrench를 함께 제공한다. 동일한 imitation-learning 구조에서 각 force modality의 제거 실험을 수행하므로 정보의 역할과 검증 범위를 직접 비교할 수 있다. Binary tactile 연구는 아니며, 현재 RGB 영상도 계속 사용한다.",10.1109/LRA.2025.3643332,Not stated,"Title/Abstract/§I, PDF p.1; §III-A–B, PDF pp.2–3; Fig.3",PDF pp.1–8 전체: 본문·실험·토론·결론·참고문헌. 별도 Appendix 없음. Fig.2·3·6은 렌더링으로 센서/모델 구성과 수치를 교차 확인.,Research paper,11
B012,Chen 등 - 2025 - UltraDP Generalizable Carotid Ultrasound Scanning with Force-Aware Diffusion Policy.pdf,260918/Chen 등 - 2025 - UltraDP Generalizable Carotid Ultrasound Scanning with Force-Aware Diffusion Policy.pdf,28eed2e8fedd40d6a82fbd461e8dfa9d6a79f52bcd46f7dafa04a0ba6066ad0a,UltraDP: Generalizable Carotid Ultrasound Scanning with Force-Aware Diffusion Policy,Ruoqu Chen; Xiangjie Yan; Kangchen Lv; Gao Huang; Zheng Li; Xiang Li,2025,"2025 IEEE/RSJ International Conference on Intelligent Robots and Systems (IROS), 20074–20080",Publisher version,Partially Relevant,Not applicable,batch_001/papers/2025-chen-ultradp-force-aware-scanning.md,completed,7,Not applicable,PDF 첫 페이지의 conference/DOI 및 본문을 기준으로 확인. 선택된 배치 안에서 동일 논문의 다른 파일은 확인되지 않았다.,"Task는 경동맥 ultrasound scanning으로 일반 물체 manipulation과 다르지만, 접촉을 유지하는 로봇 정책이 wrist F/T와 probe pose를 어떻게 함께 쓰는지 직접 조사할 수 있다. Wrench 관측과 pose 관측을 각각 제거한 ablation 및 실패 분석이 있다. Tactile와 Binary representation 연구는 아니므로 force/proprioception/영상의 역할과 low-level controller 분리에 한정해 포함한다.",10.1109/IROS60139.2025.11246769,Not stated,"Title/Abstract/§I, PDF pp.1–2; §III-A–D, PDF pp.3–4; Table III, p.6",PDF pp.1–7 전체: 관련 연구·방법·실험·결론·참고문헌. 별도 Appendix 없음. Fig.3의 네트워크와 Table II–III를 렌더링으로 확인.,Research paper,12
B013,Cramer 등 - 2025 - CHEQ-ing the Box Safe Variable Impedance Learning for Robotic Polishing.pdf,260918/Cramer 등 - 2025 - CHEQ-ing the Box Safe Variable Impedance Learning for Robotic Polishing.pdf,c961295d97a000d866506cb4cd6c8dd0831a2bbb3e4e8c44dfa8c8e5f33be235,CHEQ-ing the Box: Safe Variable Impedance Learning for Robotic Polishing,Emma Cramer; Lukas Jäschke; Sebastian Trimpe,2025,Not stated,"arXiv:2501.07985v1 [cs.RO], 14 January 2025",Relevant,Not applicable,batch_001/papers/2025-cramer-cheq-safe-variable-impedance.md,completed,12,Not applicable,PDF 첫 페이지에 arXiv version/date 표시. Venue/DOI는 원문에서 확인되지 않음. Appendix A–C가 같은 PDF에 포함되어 있다. 선택된 배치 안에서 동일 논문의 다른 파일은 확인되지 않았다.,"시각 없이 force와 proprioception으로 polishing을 수행하는 variable-impedance RL 연구다. 그러나 알려진 workpiece 위의 reference path와 nominal controller를 사용하므로, pose 없는 manipulation을 성립시키는 geometry/task prior를 구체적으로 분석할 수 있다. Force input, critic ensemble, runtime controller mixing, reward와 safety termination을 분리할 수 있으며 tactile 병용의 근거는 제공하지 않는다.",Not stated,2501.07985v1,"Title/Abstract/§1, PDF pp.1–2; §3–4.2, pp.3–4; Fig.1–2","PDF pp.1–12 전체: 본문·참고문헌·Appendix A (details), B (simulation), C (hardware). State/control diagram p.3, 결과 p.5, appendix 결과 p.12를 렌더링으로 확인.",Research paper,13
B014,Cui 등 - 2026 - Vi-TacMan Articulated Object Manipulation via Vision and Touch.pdf,260918/Cui 등 - 2026 - Vi-TacMan Articulated Object Manipulation via Vision and Touch.pdf,e4906095739291fec96f41452cbec9a752d50a53dbe50d57defb965db2647062,Vi-TacMan: Articulated Object Manipulation via Vision and Touch,Leiyao Cui; Zihang Zhao; Sirui Xie; Wenhuan Zhang; Zhi Han; Yixin Zhu,2026,arXiv preprint; published venue Not stated,"arXiv:2510.06339v3, 2 April 2026",Relevant,Not applicable,batch_001/papers/2026-cui-vi-tacman.md,completed,8,Not applicable,Single selected file; no alternate version comparison,초기 vision으로 stable grasp와 coarse interaction direction을 얻고 이후 tactile contact regulation으로 articulated manipulation을 수행하므로 초기 object 정보 이후의 보완 구조를 직접 보여 준다. Tactile은 threshold로 활성 marker를 고른 뒤 marker 위치변화를 유지하는 표현이며 영역별 Binary policy가 아니다. F/T를 함께 사용하는 연구는 아니다.,Not stated,2510.06339v3,"Title/Abstract/Introduction, PDF pp.1–2; §II-A–B, pp.2–3; §III-E, pp.5–6",Provided PDF pp.1–8; no separate appendix; no external code/video/supplement,Research paper,14
B015,Dadiotis 등 - 2025 - Dynamic Object Goal Pushing with Mobile Manipulators Through Model-Free Constrained Reinforcement Le.pdf,260918/Dadiotis 등 - 2025 - Dynamic Object Goal Pushing with Mobile Manipulators Through Model-Free Constrained Reinforcement Le.pdf,3e2c43e804a6430d7501034a50bef6de747e7a52bf95805a1750ecbca073c173,Dynamic object goal pushing with mobile manipulators through model-free constrained reinforcement learning,Ioannis Dadiotis; Mayank Mittal; Nikos Tsagarakis; Marco Hutter,2025,"2025 IEEE International Conference on Robotics and Automation (ICRA), 13363–13369",publisher,Partially Relevant,Not applicable,batch_001/papers/2025-dadiotis-dynamic-object-goal-pushing.md,completed,7,Not applicable,Single selected file; no alternate version comparison,"Tactile/F/T를 정책 입력으로 쓰지 않는 contact-rich pushing 연구지만, 실행 actor의 pose-only object 정보와 학습 critic·reward·constraint의 추가 물체 GT를 명확하게 분리한다. 따라서 shape/dynamics가 실행에서 빠진 조작의 training-time information 조건을 비교하는 한정 근거로 포함한다. 시각/pose가 없는 실행이나 tactile·F/T 상보성의 직접 근거는 아니다.",10.1109/ICRA55743.2025.11128166,Not stated,"Title/Abstract/Introduction, PDF pp.1–2; §III-C–E and Tables I–II, PDF pp.3–4",Provided PDF pp.1–7; no separate appendix; no external code/video/supplement,Research paper,15
B016,"Deng 등 - 2025 - Coarse-to-Fine Robotic Pushing Using Touch, Vision and Proprioception.pdf","260918/Deng 등 - 2025 - Coarse-to-Fine Robotic Pushing Using Touch, Vision and Proprioception.pdf",a1b55c26c1ec3b0e73fd3ae75e29a4b11fe4e5d42210a94ed35a84da696ab9ec,"Coarse-to-Fine Robotic Pushing Using Touch, Vision and Proprioception",Bowen Deng; Yijiong Lin; Max Yang; Nathan F. Lepora,2025,IEEE Robotics and Automation Letters 10(2):1545–1552,Publisher version; issue February 2025; online publication 2024-12-04,Relevant,Not applicable,batch_002/papers/2025-deng-coarse-to-fine-robotic-pushing.md,completed,8,Not applicable,2025 권호를 year로 사용. Online publication은 2024이며 선택 PDF에 두 날짜가 모두 명시됨.,물체 local contact pose를 3개 성분으로 축약한 tactile estimator와 proprioception을 결합해 pushing한다. 이 표현에서 없는 물체 전체 위치·방향 및 초기 접근 정보는 vision의 단계별 재위치 추정과 bounding rectangle로 보완한다. Multi-stage와 single-stage 비교가 있지만 tactile-only/vision-only 센서 제거 실험과는 다르다.,10.1109/LRA.2024.3511378,Not stated,"Abstract/§I, PDF p.1; §III-A–C, pp.3–4",본문·Related Work·Method·실험·Discussion·References pp.1–8을 확인했다. Table III/IV가 있는 PDF p.6을 렌더링 검수했다. 외부에서 인용한 controller/GAN 논문은 이번 PDF의 상세 명세로 채워 넣지 않았다.,Research paper,16
B017,Dengler 등 - 2025 - Learning Goal-Directed Object Pushing in Cluttered Scenes With Location-Based Attention (2).pdf,260918/Dengler 등 - 2025 - Learning Goal-Directed Object Pushing in Cluttered Scenes With Location-Based Attention (2).pdf,bfb651b2b02d330d2ea70e8021143dee6ab4a5036d520a952db3dca8a9e29584,Learning Goal-Directed Object Pushing in Cluttered Scenes With Location-Based Attention,Nils Dengler; Juan Del Aguila Ferrandis; João Moura; Sethu Vijayakumar; Maren Bennewitz,2025,IROS 2025,Publisher version,PASS,"Object/target pose와 occupancy grid를 제공한 pushing에서 location-based attention을 비교하는 연구다. LSTM의 hidden friction/inertia에 대한 일반적 설명은 있으나 tactile/F/T, pose 부재 보완 또는 접촉 정보의 모달리티별 역할을 직접 조사하지 않아 PASS.",Not applicable,passed,7,Not applicable,B017/B018의 DOI·제목·7쪽 본문 일치. 전체 추출문에서 다운로드 권한 footer 행을 제외하면 동일하며 Method/실험 변경 없음. SHA-256은 다르므로 동일 파일 해시가 아닌 같은 출판본 복사본으로 판정.,"Object/target pose와 occupancy grid를 제공한 pushing에서 location-based attention을 비교하는 연구다. LSTM의 hidden friction/inertia에 대한 일반적 설명은 있으나 tactile/F/T, pose 부재 보완 또는 접촉 정보의 모달리티별 역할을 직접 조사하지 않아 PASS.",10.1109/IROS60139.2025.11246809,Not stated,"Title/Abstract/§I, PDF p.1; Fig.2/§III-A–B, p.3",Title/abstract/introduction·method overview·observation을 screening; PASS 후 상세 노트 없음. 중복 확인용 전체 페이지 텍스트 비교.,Research paper,17
B018,Dengler 등 - 2025 - Learning Goal-Directed Object Pushing in Cluttered Scenes With Location-Based Attention.pdf,260918/Dengler 등 - 2025 - Learning Goal-Directed Object Pushing in Cluttered Scenes With Location-Based Attention.pdf,59fb2e3006d34140b738f2608f061f1c1cf7c57d01fdc61c836cec8ae47c1061,Learning Goal-Directed Object Pushing in Cluttered Scenes With Location-Based Attention,Nils Dengler; Juan Del Aguila Ferrandis; João Moura; Sethu Vijayakumar; Maren Bennewitz,2025,IROS 2025,Publisher version,duplicate,"Object/target pose와 occupancy grid를 제공한 pushing에서 location-based attention을 비교하는 연구다. LSTM의 hidden friction/inertia에 대한 일반적 설명은 있으나 tactile/F/T, pose 부재 보완 또는 접촉 정보의 모달리티별 역할을 직접 조사하지 않아 PASS.",Not applicable,duplicate,7,B017,B017/B018의 DOI·제목·7쪽 본문 일치. 전체 추출문에서 다운로드 권한 footer 행을 제외하면 동일하며 Method/실험 변경 없음. SHA-256은 다르므로 동일 파일 해시가 아닌 같은 출판본 복사본으로 판정.,"Object/target pose와 occupancy grid를 제공한 pushing에서 location-based attention을 비교하는 연구다. LSTM의 hidden friction/inertia에 대한 일반적 설명은 있으나 tactile/F/T, pose 부재 보완 또는 접촉 정보의 모달리티별 역할을 직접 조사하지 않아 PASS.",10.1109/IROS60139.2025.11246809,Not stated,"Title/DOI, PDF p.1; §III-B observation, p.3; B017과 전체 텍스트 비교",B017과 동일 출판본 복사본 확인. 별도 정독/분석 노트 없음.,Research paper,18
B019,Fang 등 - 2026 - Force Policy Learning Hybrid Force-Position Control Policy under Interaction Frame for Contact-Rich.pdf,260918/Fang 등 - 2026 - Force Policy Learning Hybrid Force-Position Control Policy under Interaction Frame for Contact-Rich.pdf,32f6abdeacef110e29c8239bb80afc1b997dce84937a765b55260e00c7b82034,Force Policy: Learning Hybrid Force-Position Control Policy under Interaction Frame for Contact-Rich Manipulation,Hongjie Fang; Shirun Tang; Mingyu Mei; Haoxiang Qin; Zihao He; Jingjing Chen; Ying Feng; Chenxi Wang; Wanxi Liu; Zaixing He; Cewu Lu; Shiquan Wang,2026,Not stated (arXiv preprint),arXiv v2; 9 May 2026,Relevant,Not applicable,batch_002/papers/2026-fang-force-policy.md,completed,24,Not applicable,선택 파일 1개; 실제 읽은 PDF 버전 기준,"손목/플랜지 F/T와 운동 이력으로 접촉 제어 좌표계와 힘·위치 제어 축을 구성한다. 동일한 힘·운동 신호만으로 마찰과 탄성 변형을 구별하기 어려워 시각·과업 의미 정보를 학습 라벨 생성에 추가한다. F/T의 정보적 한계와 추가 가정, 시각과 힘의 실행 역할을 직접 비교할 수 있다.",Not stated,2602.22088v2,Abstract/Introduction pp.1–2; §III–IV pp.3–6,본문 pp.1–9 및 포함된 Supplement pp.13–24를 읽었다. 핵심 Table II–VI 및 Fig.5–9를 PDF 렌더로 확인했다.,Research paper,19
B020,Ferrandis 등 - 2024 - Learning Visuotactile Estimation and Control for Non-prehensile Manipulation under Occlusions.pdf,260918/Ferrandis 등 - 2024 - Learning Visuotactile Estimation and Control for Non-prehensile Manipulation under Occlusions.pdf,ecfad6c9a5839c38964246df185782ba7dae9b5de6ab8ab8c1ac30dbf5b0baae,Learning Visuotactile Estimation and Control for Non-prehensile Manipulation under Occlusions,Juan Del Aguila Ferrandis; João Moura; Sethu Vijayakumar,2024,8th Conference on Robot Learning (CoRL 2024),arXiv v1; 17 December 2024; CoRL manuscript with appendix,Relevant,Not applicable,batch_002/papers/2024-del-aguila-ferrandis-visuotactile-estimation-occlusions.md,completed,15,Not applicable,선택 파일 1개; 실제 읽은 PDF 버전 기준,가려진 물체의 pose를 force·EEF pose·과거 시각 정보로 추정하고 불확실성까지 RL 정책에 제공한다. Privileged policy를 이용한 데이터 생성과 실제 배포 정책 입력이 명확히 다르다. 제목의 tactile은 여기서 wrist F/T 기반 force feedback이며 별도 촉각 배열과 혼동하지 않아야 한다.,Not stated,2412.13157v1,"Abstract/§1–3, pp.1–4","본문 pp.1–8, Appendix A–B pp.12–15를 읽고 Table 2 및 Fig.2–4를 렌더 확인했다.",Research paper,20
B021,Ge 등 - 2026 - FILIC Dual-Loop Force-Guided Imitation Learning with Impedance Torque Control for Contact-Rich Mani.pdf,260918/Ge 등 - 2026 - FILIC Dual-Loop Force-Guided Imitation Learning with Impedance Torque Control for Contact-Rich Mani.pdf,71230e32ceafefd1ed30f08ad61e855ca4a27e35e6efa12c053f8c555ae070bf,FILIC: Dual-Loop Force-Guided Imitation Learning with Impedance Torque Control for Contact-Rich Manipulation Tasks,Haizhou Ge; Yufei Jia; Zheng Li; Yue Li; Zhixing Chen; Lu Shi; Lei Han; Ruqi Huang; Guyue Zhou,2026,Not stated (arXiv preprint),arXiv v2; 19 June 2026,Relevant,Not applicable,batch_002/papers/2026-ge-filic.md,completed,8,Not applicable,선택 파일 1개; 실제 읽은 PDF 버전 기준,관절 토크를 digital twin과 Jacobian으로 보정·변환한 EEF wrench의 역할을 조사한다. 동일 시각·EEF position 입력에서 raw joint torque와 estimated force를 비교하므로 접촉 정보 표현의 유용성에 직접적인 근거를 제공한다. 독립 wrist F/T를 사용한 방법과 명확히 구별할 수 있다.,Not stated,2509.17053v2,"Abstract/§I/§IV, pp.1–5",본문 pp.1–7을 전부 읽고 Fig.3–4와 Table I–III를 PDF 렌더 확인했다. p.8은 참고문헌이며 별도 appendix는 없다.,Research paper,21
B022,Georgakis 등 - 2022 - Learning to Map for Active Semantic Goal Navigation.pdf,260918/Georgakis 등 - 2022 - Learning to Map for Active Semantic Goal Navigation.pdf,b4e878cad3c07a526e4b1b407a73d7eb0acd69de5b1e2e38a2fb3bf0da6cd1b0,Learning to Map for Active Semantic Goal Navigation,Georgios Georgakis; Bernadette Bucher; Karl Schmeckpeper; Siddharth Singh; Kostas Daniilidis,2022,ICLR 2022,"arXiv v2, 2022-03-08",PASS,"RGB-D 기반 semantic map과 uncertainty를 이용한 object-goal navigation 연구다. 접촉 조작, tactile/F/T 또는 조작 중 물체 정보 보완을 다루지 않아 PASS.",Not applicable,passed,19,Not applicable,선택 파일 1개; 다른 버전 미검토,"RGB-D 기반 semantic map과 uncertainty를 이용한 object-goal navigation 연구다. 접촉 조작, tactile/F/T 또는 조작 중 물체 정보 보완을 다루지 않아 PASS.",Not stated,2106.15648v2,"Title/Abstract/§1, PDF p.1; §3 Approach/§3.1, p.3",Title/abstract/introduction 및 RGB-D mapping/navigation pipeline을 screening; PASS 후 상세 분석 없음.,Research paper,22
B023,Han 및 Kim - 2023 - Proprioceptive Sensor-Based Simultaneous Multi-Contact Point Localization and Force Identification f.pdf,260918/Han 및 Kim - 2023 - Proprioceptive Sensor-Based Simultaneous Multi-Contact Point Localization and Force Identification f.pdf,bd15b5edddee5ad6286c6e43e39c089ba0ceae9072a3d27effa9c78ad08cb9b0,Proprioceptive Sensor-Based Simultaneous Multi-Contact Point Localization and Force Identification for Robotic Arms,Seo Wook Han; Min Jun Kim,2023,Not stated (arXiv preprint),arXiv v1; 7 March 2023,Relevant,Not applicable,batch_002/papers/2023-han-proprioceptive-multi-contact-localization.md,completed,7,Not applicable,선택 파일 1개; 실제 읽은 PDF 버전 기준,"조작 정책은 아니지만 joint torque와 base F/T를 이용한 접촉점·접촉력 추정의 성립 조건과 모호성을 직접 분석한다. Robot surface mesh, dynamics, 순차적 점 접촉 등의 추가 제약을 요구하며 base F/T를 더해도 singularity가 남는 실패 사례를 제시한다.",Not stated,2303.03903v1,"Abstract/§I–II, pp.1–3",본문 pp.1–6을 읽고 Table I–III와 Fig.5–6를 렌더 확인했다. p.7은 참고문헌; 관련 appendix 없음.,Research paper,23
B024,Handa 등 - 2020 - DexPilot Vision-Based Teleoperation of Dexterous Robotic Hand-Arm System.pdf,260918/Handa 등 - 2020 - DexPilot Vision-Based Teleoperation of Dexterous Robotic Hand-Arm System.pdf,5f770721c6bd8a076083aa80e0e751832bd23f0a8eff867baeaf41ac95c6f8ff,DexPilot: Vision-Based Teleoperation of Dexterous Robotic Hand-Arm System,Ankur Handa; Karl Van Wyk; Wei Yang; Jacky Liang; Yu-Wei Chao; Qian Wan; Stan Birchfield; Nathan Ratliff; Dieter Fox,2020,ICRA 2020,Publisher version,PASS,"시각으로 사람 손을 추적해 retargeting하는 teleoperation 연구다. BioTac은 장착·데이터 수집용으로 설명되지만 실행은 촉각 피드백 없이 사람의 시각·공간 추론에 의존하며, tactile/F/T 정보 보완 구조를 검증하지 않아 PASS.",Not applicable,passed,7,Not applicable,선택 파일 1개; 다른 버전 미검토,"시각으로 사람 손을 추적해 retargeting하는 teleoperation 연구다. BioTac은 장착·데이터 수집용으로 설명되지만 실행은 촉각 피드백 없이 사람의 시각·공간 추론에 의존하며, tactile/F/T 정보 보완 구조를 검증하지 않아 PASS.",Not stated,Not stated,"Title/Abstract/§I, PDF p.1; §III Hardware/§IV Architecture, p.2",Title/abstract/introduction·하드웨어·method/input pipeline까지 확인. BioTac 장착을 tactile feedback 사용으로 오인하지 않음; 상세 노트 없음.,Research paper,24
B025,Hansen 등 - 2022 - Visuotactile-RL Learning Multimodal Manipulation Policies with Deep Reinforcement Learning.pdf,260918/Hansen 등 - 2022 - Visuotactile-RL Learning Multimodal Manipulation Policies with Deep Reinforcement Learning.pdf,158c8174d4647386453f85cd6eb790d810331502b747cd06e078b538f95b270a,Visuotactile-RL: Learning Multimodal Manipulation Policies with Deep Reinforcement Learning,Johanna Hansen; Francois Hogan; Dmitriy Rivkin; David Meger; Michael Jenkin; Gregory Dudek,2022,"IEEE ICRA 2022, pp.8298–8304",IEEE publisher version,Relevant,Not applicable,batch_002/papers/2022-hansen-visuotactile-rl.md,completed,7,Not applicable,선택 파일 1개; 실제 읽은 PDF 버전 기준,시각·촉각·proprioception 조합과 tactile gate/augmentation을 비교하여 각 modality가 어떤 조건에서 유용한지 조사한다. Binary contact gate는 존재하지만 촉각 자체는 연속 depth image여서 축약 촉각과 혼동하지 않아야 한다. 시각 교란 및 물성 변화 실험이 추가 센서 역할의 근거를 제공한다.,10.1109/ICRA46639.2022.9812019,Not stated,"Abstract/§I/§IV–V, pp.1–5",본문 pp.1–6을 읽고 핵심 Table I를 렌더 확인했다. p.7은 참고문헌; 관련 appendix 없음.,Research paper,25
B026,Heins 및 Schoellig - 2024 - Force Push Robust Single-Point Pushing With Force Feedback.pdf,260918/Heins 및 Schoellig - 2024 - Force Push Robust Single-Point Pushing With Force Feedback.pdf,93c06694fda20a300d07bb12d3cee8ae06a5edfcc724ccf40ad9fa5410a1f6a7,Force Push: Robust Single-Point Pushing With Force Feedback,Adam Heins; Angela P. Schoellig,2024,"IEEE Robotics and Automation Letters 9(8), pp.6856–6863",IEEE publisher version; published13June2024; August2024 issue,Relevant,Not applicable,batch_002/papers/2024-heins-force-push.md,completed,8,Not applicable,선택 파일 1개; 실제 읽은 PDF 버전 기준,"Current object pose와 물체 모델 없이 wrist F/T planar force로 single-point pushing을 제어한다. 다만 robot localization, EEF상 알려진 contact point, approximate initial object position, convex·quasistatic 단일 물체라는 제약이 있으므로 force-only라는 표현의 범위를 정확히 분리할 수 있다.",10.1109/LRA.2024.3414180,Not stated,"Abstract/§I/§III, pp.1–2",본문 pp.1–8을 읽고 Fig.12–14의 실물 trajectory/비교/force trace를 렌더 확인했다. PDF 밖 영상은 분석 근거로 사용하지 않았다.,Research paper,26
B027,Higuera 등 - 2023 - Perceiving Extrinsic Contacts from Touch Improves Learning Insertion Policies.pdf,260918/Higuera 등 - 2023 - Perceiving Extrinsic Contacts from Touch Improves Learning Insertion Policies.pdf,86e13b38ca1a51b689e4193ce0b973c33585487dc9bb0ba79ab87427dee22467,Perceiving Extrinsic Contacts from Touch Improves Learning Insertion Policies,Carolina Higuera; Joseph Ortiz; Haozhi Qi; Luis Pineda; Byron Boots; Mustafa Mukadam,2023,Not stated (arXiv preprint),arXiv v1;28September2023,Relevant,Not applicable,batch_002/papers/2023-higuera-extrinsic-contacts-insertion.md,completed,7,Not applicable,선택 파일 1개; 실제 읽은 PDF 버전 기준,"손가락–물체 tactile image를 외부 물체–환경 contact patch로 바꾸고 PPO policy에 제공한다. Proprio-only, tactile embedding, estimated patch, GT patch를 비교하므로 축약 표현의 역할과 geometry/grasp prior, training-only GT를 분석하는 데 직접 유용하다.",Not stated,2309.16652v1,"Abstract/§I/§III/V, pp.1–4",본문 pp.1–6을 읽고 Fig.5–8의 policy learning/evaluation 그래프를 렌더 확인했다. p.7은 참고문헌; 관련 appendix 없음.,Research paper,27
B028,Hu 등 - 2025 - Dexterous in-hand manipulation of slender cylindrical objects through deep reinforcement learning wi.pdf,260918/Hu 등 - 2025 - Dexterous in-hand manipulation of slender cylindrical objects through deep reinforcement learning wi.pdf,7c246d3600450a13c5244e4e95412e864b5e3f7ea4173b40d4d9334e587b3e0c,Dexterous in-hand manipulation of slender cylindrical objects through deep reinforcement learning with tactile sensing,Wenbin Hu; Bidan Huang; Wang Wei Lee; Sicheng Yang; Yu Zheng; Zhibin Li,2025,Robotics and Autonomous Systems 186 (2025) 104904,Elsevier published article; available online 30 December 2024,Relevant,Not applicable,batch_002/papers/2025-hu-tactile-slender-in-hand-manipulation.md,completed,9,Not applicable,선택 파일 1개; 실제 읽은 PDF 버전 기준,"세 손가락의 384개 piezoresistive taxel을 Boolean contact로 바꾼 뒤 손가락별 3D contact-center, 즉 9차원으로 축약하여 PPO actor에 제공한다. Contact center, 3-bit finger contact, raw tactile, GT object pose 조합을 같은 network 규모에서 비교하므로 축약 tactile의 정보 보존·손실, proprioception 보완, training-only GT 경계를 직접 분석할 수 있다.",10.1016/j.robot.2024.104904,미명시,"Abstract/§1/§3–4/§6, PDF pp.1–7","PDF 9쪽 전체를 읽었다. Fig. 2–3의 hand·taxel 배치, Table 1과 Fig. 7–9의 simulation 결과, Fig. 10–12의 tactile sim-to-real·실물 시연, 결론의 Future Work를 렌더링해 확인했다.",Research paper,28
B029,implicitDrives.pdf,260918/implicitDrives.pdf,da83a96c5be85410efd69cdfe9c07f134d37c41931172bfd76be9b8272390846,Implicit Spring Joint Drives,PhysX Team,2024,Not applicable,Technical document dated 2024-04-23,PASS,"PhysX implicit PD joint drive와 solver의 수치 구현을 설명하는 기술문서다. Manipulation의 sensing 정보, tactile/F/T 보완 또는 접촉 추정 연구가 아니므로 PASS.",Not applicable,passed,7,Not applicable,선택 파일 1개; 다른 버전 미검토,"PhysX implicit PD joint drive와 solver의 수치 구현을 설명하는 기술문서다. Manipulation의 sensing 정보, tactile/F/T 보완 또는 접촉 추정 연구가 아니므로 PASS.",Not stated,Not stated,"Title/date/Definitions, PDF p.1; PGS/TGS solver headings, pp.2–7",제목·정의·문서 범위를 확인한 screening. 기술문서로 분류하고 상세 조작 분석에서 제외.,Technical documentation (non-paper),29
B030,Kang 등 - 2025 - Robotic Compliant Object Prying Using Diffusion Policy Guided by Vision and Force Observations.pdf,260918/Kang 등 - 2025 - Robotic Compliant Object Prying Using Diffusion Policy Guided by Vision and Force Observations.pdf,c7950f1c65a6e981ec170fe08cd13783116924de765b8d0b930cf3dd204f72c6,Robotic Compliant Object Prying Using Diffusion Policy Guided by Vision and Force Observations,Jeon Ho Kang; Sagar Joshi; Ruopeng Huang; Satyandra K. Gupta,2025,IEEE Robotics and Automation Letters (accepted March 2025; preprint),"arXiv v2, 18 March 2025; IEEE RA-L accepted preprint",Relevant,Not applicable,batch_002/papers/2025-kang-compliant-object-prying-vision-force.md,completed,8,Not applicable,선택 파일 1개; 실제 읽은 PDF 버전 기준,"KUKA의 end-effector-frame 3축 force, wrist RGB, EEF state를 diffusion policy에 결합하고 vision-only·naive force concatenation·projected force·cross-attention fusion을 각각 120회 비교한다. 현재 vision을 계속 사용하고 tactile은 없지만, 저차원 force가 고차원 vision에 묻히는 문제와 contact mode 전환에서 force가 제공하는 정보를 직접 검증하므로 F/T 역할·표현·sensor-fusion 질문에 직접 유용하다.",미명시,2503.03998v2,"Abstract/§III–IV/§VI, PDF pp.1–7","PDF 8쪽 전체를 읽었다. Fig. 3의 force–vision cross-attention 구조, Fig. 4–5의 물체·prying 단계, Fig. 6–9와 Table I의 시간·힘·성공률·실패 사례를 렌더링해 확인했다. p.8은 참고문헌이다.",Research paper,30
B031,Khatib - 1987 - A unified approach for motion and force control of robot manipulators The operational space formula 1.pdf,260918/Khatib - 1987 - A unified approach for motion and force control of robot manipulators The operational space formula 1.pdf,362ffdee671c0a480f2e90346c4d812e52a74853da8618f4a43b59bffbd9bab0,A Unified Approach for Motion and Force Control of Robot Manipulators: The Operational Space Formulation,Oussama Khatib,1987,"IEEE Journal of Robotics and Automation RA-3(1), 43–53",Korean translated/reformatted PDF; translator/publication status Not stated,duplicate,Not applicable,batch_002/papers/1987-khatib-operational-space-motion-force.md,duplicate,17,B032,"Same title/author/year, §I–IX structure and references as B032; 17p Korean translation/reformat. Publisher original B032 selected; no independent method/result version identified.","운동/힘 제어를 성립시키는 known constraint direction, task frame, robot dynamics와 force feedback의 역할을 명시하는 기초 제어 연구다. F/T만으로 contact geometry를 복원하는 방법이 아니므로, force control과 contact inference를 구분하기 위한 근거로 포함한다. Tactile 축약 및 modality ablation은 다루지 않는다.",Not stated,Not stated,"B031 pp.1,17 and section structure; B032 pp.1–11","Duplicate screening: title/author/structure, first page rendered, last references p.17; English original B032 fully analysed.",Research paper,31
B032,Khatib - 1987 - A unified approach for motion and force control of robot manipulators The operational space formula.pdf,260918/Khatib - 1987 - A unified approach for motion and force control of robot manipulators The operational space formula.pdf,7c4f6a6918e0a1a4b9f40f27fb605410e7274609e7f38666bfa8979158dd61a4,A Unified Approach for Motion and Force Control of Robot Manipulators: The Operational Space Formulation,Oussama Khatib,1987,"IEEE Journal of Robotics and Automation RA-3(1), 43–53",English publisher PDF,Partially Relevant,Not applicable,batch_002/papers/1987-khatib-operational-space-motion-force.md,completed,11,Not applicable,B031은 같은 논문의 한국어 번역형 17p이며 번역자/공식성 미명시. 원문 publisher B032(11p)를 대표 근거로 사용; 별도 논문으로 세지 않음.,"운동/힘 제어를 성립시키는 known constraint direction, task frame, robot dynamics와 force feedback의 역할을 명시하는 기초 제어 연구다. F/T만으로 contact geometry를 복원하는 방법이 아니므로, force control과 contact inference를 구분하기 위한 근거로 포함한다. Tactile 축약 및 modality ablation은 다루지 않는다.",Not stated,Not stated,"Abstract/§I–II, pp.1–3; §V and Fig.3, pp.6–7","영문 PDF pp.1–11 전체(본문·수식·토론·참고문헌), Fig.3 제어 구조 렌더 확인. B031은 제목·구조·마지막 참고문헌을 비교해 번역형 중복으로 확인; 분석 근거로 사용하지 않음.",Research paper,32
B033,Kim 등 - 2023 - Pre-and Post-Contact Policy Decomposition for Non-Prehensile Manipulation with Zero-Shot Sim-To-Real.pdf,260918/Kim 등 - 2023 - Pre-and Post-Contact Policy Decomposition for Non-Prehensile Manipulation with Zero-Shot Sim-To-Real.pdf,5143c8df90534fe6e6f15feb357bbff8e1a90988e5a737a345d71f5b178e7da7,Pre- and Post-Contact Policy Decomposition for Non-Prehensile Manipulation with Zero-Shot Sim-To-Real Transfer,Minchan Kim; Junhyek Han; Jaehyung Kim; Beomjoon Kim,2023,"IEEE/RSJ IROS 2023, 10644–10651",Publisher PDF,Partially Relevant,Not applicable,batch_002/papers/2023-kim-pre-post-contact-sim-to-real.md,completed,8,Not applicable,선택 범위 내 다른 버전 없음,Tactile/F/T 연구는 아니지만 접촉 조작에서 simulator 3D pose/shape를 쓰는 teacher와 실행 시 RGB keypoint를 쓰는 student의 정보 차이를 명시한다. 지속적인 시각 pose 정보가 있는 방법과 blind contact feedback을 비교하고 training-only object information을 분리하는 데 유용하다. Sensor compensation의 촉각 근거로 사용하지 않는다.,10.1109/IROS55552.2023.10341657,Not stated,"§I/III, pp.2–5; Fig.3 p.5","PDF pp.1–8 전체(본문·실험·한계·참고문헌), Fig.5/Table III p.7 렌더 확인. 별도 부록 없음.",Research paper,33
B034,Kim 등 - 2025 - TRAN-D 2D Gaussian Splatting-based Sparse-view Transparent Object Depth Reconstruction via Physics.pdf,260918/Kim 등 - 2025 - TRAN-D 2D Gaussian Splatting-based Sparse-view Transparent Object Depth Reconstruction via Physics.pdf,ca8ffb830658552cd47e3788bd9f4c6abea546439eb7c333c0cd9c9d7e1dd8d4,TRAN-D: 2D Gaussian Splatting-based Sparse-view Transparent Object Depth Reconstruction via Physics Simulation for Scene Update,Jeongyun Kim; Seunghoon Jeong; Giseop Kim; Myung-Hwan Jeon; Eunji Jun; Ayoung Kim,2025,Not stated,"arXiv:2507.11069v3, 26 August 2025",PASS,Sparse-view RGB 기반 투명물체 depth reconstruction 및 physics-based scene update 연구다. Contact/tactile/F/T feedback으로 manipulation 중 부족한 정보를 보완하는 policy·estimator를 다루지 않아 PASS.,Not applicable,passed,13,Not applicable,선택 배치 안 동일 논문 다른 버전 없음,현재 조사 질문의 contact sensing 보완 구조와 직접 연결되지 않는 perception 연구.,Not stated,2507.11069v3,"Title/Abstract/§1, p.1; §3 overview and Fig.2, p.3","Screening: title/abstract/introduction, method overview 및 observation inputs (§3, p.3). 상세 분석하지 않음.",Research paper,34
B035,Koval 등 - Pre- and Post-Contact Policy Decomposition for Planar Contact Manipulation Under Uncertainty.pdf,260918/Koval 등 - Pre- and Post-Contact Policy Decomposition for Planar Contact Manipulation Under Uncertainty.pdf,6f712f0f2dc6166cbf3dbcee616089ebec24000f4094458708e5e69d243a5c32,Pre- and Post-Contact Policy Decomposition for Planar Contact Manipulation Under Uncertainty,Michael C. Koval; Nancy S. Pollard; Siddhartha S. Srinivasa,Not stated,Not stated,Author-formatted PDF; publication/version identifier Not stated,Relevant,Not applicable,batch_002/papers/undated-koval-contact-policy-decomposition.md,completed,9,Not applicable,원문에 publication year/venue/DOI/version 표시가 없어 미명시. 파일명에도 연도 없음; undated identifier 사용.,"Binary contact만으로 불확실한 object pose를 다루는 closed-loop pushing 연구다. Initial belief, known geometry, quasi-static transition model, contact-manifold particle filter가 축약 sensing을 보완하는 구조를 명시한다. Sparse fingertip sensing에서 information-gathering policy의 필요성을 비교한다.",Not stated,Not stated,"Abstract/§I, pp.1–2; §III-A, p.3; §V-A, p.6",PDF pp.1–9 전체: 방법·정리/오차 bound·실험·한계/향후 연구·참고문헌. Fig.5–6 p.7 렌더 확인. 별도 부록 없음.,Research paper,35
B036,Lach 등 - 2024 - Zero-Shot Transfer of a Tactile-based Continuous Force Control Policy from Simulation to Robot.pdf,260918/Lach 등 - 2024 - Zero-Shot Transfer of a Tactile-based Continuous Force Control Policy from Simulation to Robot.pdf,0a6faf3649135e59037c359ec6c4e82f0869da075c10d0b895f26920c18f5854,Zero-Shot Transfer of a Tactile-based Continuous Force Control Policy from Simulation to Robot,Luca Lach; Robert Haschke; Davide Tateo; Jan Peters; Helge Ritter; Júlia Borràs; Carme Torras,2024,"IEEE/RSJ IROS 2024, 725–732",Publisher PDF,Relevant,Not applicable,batch_002/papers/2024-lach-continuous-force-control.md,completed,8,Not applicable,선택 범위 내 다른 버전 없음,"두 손가락의 연속 normal-force와 position/history만으로 unknown object compliance 및 offset에 대응하는 force-control policy다. 힘의 크기를 보존하는 scalar tactile, binary contact-memory, proprioception의 역할을 구분할 수 있다. Reward의 object velocity와 실행 입력도 명확히 분리된다.",10.1109/IROS58592.2024.10802386,Not stated,"Abstract, p.1; §IV-A–C, pp.4–5","PDF pp.1–8 전체(본문·실험·결론·참고문헌), Fig.6/7 및 Table II p.6 렌더 확인. 별도 부록 없음.",Research paper,36
B037,Lang 등 - 2025 - VDTF-ACT ACT-based Multimodal Space Fine Manipulation Method with Visual Depth Tactile Fusion.pdf,260918/Lang 등 - 2025 - VDTF-ACT ACT-based Multimodal Space Fine Manipulation Method with Visual Depth Tactile Fusion.pdf,b2a853f00e404205c401f93f4c9f1a9948347d90e12dc6a214feb309cbf88f1d,VDTF-ACT: ACT-based Multimodal Space Fine Manipulation Method with Visual Depth Tactile Fusion,Siyi Lang; Jihang Chen; Bo Zhang; Hanlin Dong; Panfeng Huang; Zhiqiang Ma,2025,"IEEE/RSJ IROS 2025, 1511–1517",Publisher PDF,Relevant,Not applicable,batch_002/papers/2025-lang-vdtf-act.md,completed,7,Not applicable,선택 범위 내 다른 버전 없음,Low-gravity insertion에서 vision/depth와 distributed force tactile을 결합하며 tactile encoder를 비교한다. Tactile가 object–gripper relative motion에 대한 feedback을 제공한다는 저자 설명과 실제 비교 범위를 분리해 정리할 수 있다. Depth와 tactile을 함께 추가한 비교이므로 각 modality의 독립적 기여를 과장하지 않는다.,10.1109/IROS60139.2025.11246342,Not stated,Abstract p.1; §IV pp.3–5; §V-D p.6,"PDF pp.1–7 전체(본문·알고리즘·실험·결론·참고문헌), Fig.5 p.6 렌더 확인. 별도 부록 없음.",Research paper,37
B038,Lee 등 - 2024 - DexTouch Learning to Seek and Manipulate Objects With Tactile Dexterity (2).pdf,260918/Lee 등 - 2024 - DexTouch Learning to Seek and Manipulate Objects With Tactile Dexterity (2).pdf,cf9edbb075ea6bbdf55845cf692642ea9dc39f9747589b16683ea087058a117d,DexTouch: Learning to Seek and Manipulate Objects With Tactile Dexterity,Kang-Won Lee; Yuzhe Qin; Xiaolong Wang; Soo-Chul Lim,2024,"IEEE Robotics and Automation Letters 9(12), 10772–10779",Publisher PDF; current version 21 October 2024,Relevant,Not applicable,batch_002/papers/2024-lee-dextouch.md,completed,8,Not applicable,"B038/B039는 SHA가 다르지만 동일 DOI/본문/표를 가진 publisher copies. 다운로드 footer를 제거한 text가 완전히 일치. B038 대표, B039 duplicate.",16-channel Binary tactile로 vision 없는 grasp/door/valve manipulation을 수행하며 current object pose가 없는 actor와 object GT를 받는 critic을 명시적으로 분리한다. Sensor 제거·민감도·배치·wrist F/T 대체 비교가 있어 reduced tactile 및 F/T의 실제 역할을 비교하는 직접 근거다. Binary tactile와 F/T를 함께 넣은 실험은 아니다.,10.1109/LRA.2024.3478571,Not stated,"Abstract/§I, p.1; §III–IV, pp.2–5; §V-C–D, p.6","B038 PDF pp.1–8 전체(related work, methods, rewards, training, all experiments/conclusion/references). Fig.5 및 Table II–III를 확대 렌더로 확인. B039는 전 페이지 text를 footer 제외 비교하여 동일 본문 확인.",Research paper,38
B039,Lee 등 - 2024 - DexTouch Learning to Seek and Manipulate Objects With Tactile Dexterity.pdf,260918/Lee 등 - 2024 - DexTouch Learning to Seek and Manipulate Objects With Tactile Dexterity.pdf,1acdf1b6ca87db993050706032e60df71836c4675e02151219acff3a6fdb863a,DexTouch: Learning to Seek and Manipulate Objects With Tactile Dexterity,Kang-Won Lee; Yuzhe Qin; Xiaolong Wang; Soo-Chul Lim,2024,"IEEE Robotics and Automation Letters 9(12), 10772–10779",Publisher PDF; current version 21 October 2024,duplicate,Not applicable,batch_002/papers/2024-lee-dextouch.md,duplicate,8,B038,Same DOI/publisher version as B038. Entire extracted body identical after removing download footer; SHA differs. No method/result changes.,16-channel Binary tactile로 vision 없는 grasp/door/valve manipulation을 수행하며 current object pose가 없는 actor와 object GT를 받는 critic을 명시적으로 분리한다. Sensor 제거·민감도·배치·wrist F/T 대체 비교가 있어 reduced tactile 및 F/T의 실제 역할을 비교하는 직접 근거다. Binary tactile와 F/T를 함께 넣은 실험은 아니다.,10.1109/LRA.2024.3478571,Not stated,"Abstract/§I, p.1; §III–IV, pp.2–5; §V-C–D, p.6",Duplicate comparison: all pages text compared with B038 excluding download footer; B038 fully read and figures/tables inspected.,Research paper,39
B040,Lee 등 - 2025 - Progressive Policy Learning A Hierarchical Framework for Dexterous Bimanual Manipulation.pdf,260918/Lee 등 - 2025 - Progressive Policy Learning A Hierarchical Framework for Dexterous Bimanual Manipulation.pdf,40965d06e240b0cc50077cf2deebae06c09164a6b7fd7a320b23bab14f23294a,Progressive Policy Learning: A Hierarchical Framework for Dexterous Bimanual Manipulation,Kang-Won Lee; Jung-Woo Lee; Seongyong Kim; Soo-Chul Lim,2025,"Mathematics 13(22), 3585",Publisher open-access PDF; published 8 November 2025,Partially Relevant,Not applicable,batch_002/papers/2025-lee-progressive-policy-learning.md,completed,18,Not applicable,선택 범위 내 다른 버전 없음,"두 손의 cube grasp-and-rotate RL을 실행 중 RGB-D/ArUco로 갱신되는 cube body/layer pose와 keypoint에 의존해 수행하며 tactile/F/T observation은 없다. 다만 measured wrench가 아닌 외력 disturbance와 접촉 sensing을 분리하고, 저자가 vision-centric state estimation의 physical-interaction 정보 부재를 실물 실패 원인으로 명시해 tactile-vision fusion을 후속 과제로 제시한다. 따라서 제한 sensing 정책의 직접 근거가 아니라 current-pose vision 및 미관측 접촉의 비교군으로 포함한다.",10.3390/math13223585,Not stated,"Abstract/§3.1–3.2, PDF pp.1,4–8; §4.4–5, pp.13–16","PDF pp.1–18 전체(본문, 수식, 표·그림, 결론, 참고문헌). Fig.5/Table 2의 비교 수치를 렌더 확인. 별도 Video S1은 확인하지 않음.",Research paper,40
B041,Liang 등 - 2020 - In-Hand Object Pose Tracking via Contact Feedback and GPU-Accelerated Robotic Simulation.pdf,260918/Liang 등 - 2020 - In-Hand Object Pose Tracking via Contact Feedback and GPU-Accelerated Robotic Simulation.pdf,52e13e7a78ceab0d86ebd0b7b5f4b0b7137c52cd79f9330d774df98dc96b4313,In-Hand Object Pose Tracking via Contact Feedback and GPU-Accelerated Robotic Simulation,Jacky Liang; Ankur Handa; Karl Van Wyk; Viktor Makoviychuk; Oliver Kroemer; Dieter Fox,2020,"2020 IEEE International Conference on Robotics and Automation (ICRA), 6203–6209",IEEE conference publisher PDF,Relevant,Not applicable,batch_002/papers/2020-liang-in-hand-object-pose-tracking.md,completed,7,Not applicable,선택 범위 내 다른 버전 없음; PDF에 DOI는 명시되지 않음,"초기 vision pose 이후 조작 중 vision 없이 fingertip BioTac에서 추정한 3D contact-force vectors와 robot state/history를 physics simulations에 대조해 6D in-hand object pose를 30 Hz로 추적한다. Wrist wrench가 아니라 tactile-derived force이며, known sensor pose·object mesh·initial visual belief·forward dynamics 가정을 요구하고 banana slippage에서 모든 hypotheses가 발산하면 회복하지 못하는 한계를 직접 보여 준다.",Not stated,Not stated,"Abstract/§I, PDF pp.1–2; §III, pp.2–5; §IV–V, pp.5–6","PDF pp.1–7 전체(본문, Algorithm 1, Fig.2–4, 결론, 참고문헌). Fig.3–4의 contact ablation과 real failure를 렌더 확인. 별도 supplement 없음.",Research paper,41
B042,Liang 등 - 2023 - Code as Policies Language Model Programs for Embodied Control.pdf,260918/Liang 등 - 2023 - Code as Policies Language Model Programs for Embodied Control.pdf,e36857fa13746da031444ec59549e61204ca92d599b1d048ac1c55aaf1f6d0a3,Code as Policies: Language Model Programs for Embodied Control,Jacky Liang; Wenlong Huang; Fei Xia; Peng Xu; Karol Hausman; Brian Ichter; Pete Florence; Andy Zeng,2023,Not stated,"arXiv:2209.07753v4, 25 May 2023",PASS,언어모델의 robot policy code 생성 연구이며 tactile/F/T compensation을 분석하지 않는다. Appendix F의 impedance 예제도 current EEF position/velocity·Jacobian으로 joint torque를 생성하며 force/contact sensing 입력을 사용하지 않아 PASS.,Not applicable,passed,16,Not applicable,2022 arXiv ID이나 이 PDF version date는 2023. Venue는 PDF 미명시,일반 visual/perception API와 controller code synthesis의 연구로 현재 Review 질문의 실질적 sensor evidence가 없음.,Not stated,2209.07753v4,"Abstract/§I, p.1; §III-D, p.5; Appendix F, pp.11–12","Screening: abstract/introduction, methodology/perception-control overview, Appendix F impedance example 및 입력 확인. 상세 분석하지 않음.",Research paper,42
B043,Lin 등 - 2022 - Tactile Gym 2.0 Sim-to-Real Deep Reinforcement Learning for Comparing Low-Cost High-Resolution Robo.pdf,260918/Lin 등 - 2022 - Tactile Gym 2.0 Sim-to-Real Deep Reinforcement Learning for Comparing Low-Cost High-Resolution Robo.pdf,e2d99c8f078d3c46b3f3032a2fc5c1c2bb319804de050bfa13cb62fccad0761b,Tactile Gym 2.0: Sim-to-Real Deep Reinforcement Learning for Comparing Low-Cost High-Resolution Robot Touch,Yijiong Lin; John Lloyd; Alex Church; Nathan F. Lepora,2022,"IEEE Robotics and Automation Letters 7(4), 10754–10761",IEEE publisher PDF; current version 9 August 2022,Relevant,Not applicable,batch_002/papers/2022-lin-tactile-gym-2.md,completed,8,Not applicable,선택 범위 내 다른 버전 없음,"TacTip, DIGIT, DigiTac의 optical tactile image를 동일 sim-to-real PPO framework에 넣어 object pushing·edge following·surface following을 실물에서 비교한다. Current object pose는 policy 입력으로 보고되지 않고 ArUco/CAD는 평가 GT에 쓰이며, sensor 구조·stiffness·contact deformation이 약한 물체와 concave surface 실패를 좌우한다. 다만 세 sensor 모두 tactile을 사용해 no-tactile/FT baseline은 없다.",10.1109/LRA.2022.3195195,Not stated,"Abstract/§III-B–F, PDF pp.1–5; §IV–V, pp.5–8","PDF pp.1–8 전체(본문, Tables I–VII, Figs.1–7, discussion, 참고문헌). p.6 Table IV–V와 pushing failure를 렌더 확인. 별도 supplement/video는 확인하지 않음.",Research paper,43
B044,Lin 등 - 2023 - Attention for Robot Touch Tactile Saliency Prediction for Robust Sim-to-Real Tactile Control.pdf,260918/Lin 등 - 2023 - Attention for Robot Touch Tactile Saliency Prediction for Robust Sim-to-Real Tactile Control.pdf,806a84c298a9045f891ef497c4605430841524753a285b7f65dcad9ca5405690,Attention for Robot Touch: Tactile Saliency Prediction for Robust Sim-to-Real Tactile Control,Yijiong Lin; Mauro Comi; Alex Church; Dandan Zhang; Nathan F. Lepora,2023,"2023 IEEE/RSJ International Conference on Intelligent Robots and Systems (IROS), 10806–10812",IEEE conference publisher PDF,Relevant,Not applicable,batch_002/papers/2023-lin-tactile-saliency.md,completed,7,Not applicable,선택 범위 내 다른 버전 없음,"단일 TacTip image에 target edge와 distractor contacts가 함께 나타날 때 contact-depth map과 saliency map으로 target contact만 분리하고, tactile pose PID와 image-based deep-RL controller 모두의 실물 edge-following failure를 복구한다. Net F/T가 아니라 spatial tactile image를 사용해 multi-contact ambiguity를 줄이는 직접 사례이며, current global object pose·scene vision 없이 local target-contact pose/shape를 보완한다.",10.1109/IROS55552.2023.10341888,Not stated,"Abstract/§I, PDF p.1; §III, pp.2–4; §IV-C–V, pp.5–7","PDF pp.1–7 전체(방법 수식, Tables I–II, Figs.1–6, discussion/future, 참고문헌). pp.5–6의 pose/control 비교표와 pipeline을 렌더 확인. Project page와 supplement는 확인하지 않음.",Research paper,44
B045,Lin 등 - 2023 - Bi-Touch Bimanual Tactile Manipulation With Sim-to-Real Deep Reinforcement Learning.pdf,260918/Lin 등 - 2023 - Bi-Touch Bimanual Tactile Manipulation With Sim-to-Real Deep Reinforcement Learning.pdf,74151c1505e6d62d406005739cb859791a5e63f9a120ec254aa0a183a6e47f99,Bi-Touch: Bimanual Tactile Manipulation With Sim-to-Real Deep Reinforcement Learning,Yijiong Lin; Alex Church; Max Yang; Haoran Li; John Lloyd; Dandan Zhang; Nathan F. Lepora,2023,"IEEE Robotics and Automation Letters 8(9), 5472–5479",IEEE publisher PDF; current version 24 July 2023,Relevant,Not applicable,batch_002/papers/2023-lin-bi-touch.md,completed,8,Not applicable,선택 범위 내 다른 버전 없음,"두 TacTip optical tactile image와 proprioception만으로 bi-pushing·bi-reorienting·bi-gathering PPO policies를 학습·실물 전이한다. Simulator object pose와 goals는 reward·curriculum에 쓰지만 실물 actor에는 object pose가 없고, ArUco는 정량 평가에만 쓴다고 명시한다. F/T 입력은 없으며 random force는 disturbance다.",10.1109/LRA.2023.3295991,Not stated,"Abstract/§III-B–C, PDF pp.1,3–5; §IV–V, pp.5–8; Fig.7 caption, p.7","PDF pp.1–8 전체(본문, Eqs.1–4, Tables I–III, Figs.1–7, discussion/future work, 참고문헌). pp.5–7의 학습 곡선·정량표·ArUco 설명을 렌더 확인. Supplementary video는 확인하지 않음.",Research paper,45
B046,Liu 등 - 2024 - Tactile Active Inference Reinforcement Learning for Efficient Robotic Manipulation Skill Acquisition.pdf,260918/Liu 등 - 2024 - Tactile Active Inference Reinforcement Learning for Efficient Robotic Manipulation Skill Acquisition.pdf,3fbd7187e4c38f2304ea421fe7979f896e82a815fee4f5cd11a811e3f4f7d8fc,Tactile Active Inference Reinforcement Learning for Efficient Robotic Manipulation Skill Acquisition,Zihao Liu; Xing Liu; Yizhai Zhang; Zhengxiong Liu; Panfeng Huang,2024,"2024 IEEE/RSJ International Conference on Intelligent Robots and Systems (IROS), 10884–10889",Publisher,Relevant,Not applicable,batch_002/papers/2024-liu-tactile-active-inference.md,completed,6,Not applicable,Selected PDF version only; no alternate version comparison,"고해상도 tactile image를 접촉 중심·강도·optical-flow entropy로 축약하고 로봇/물체 상태와 결합하는 연구다. Sim pushing과 real screwing에서 object 정보 조건이 크게 달라 이를 분리해야 한다. 특히 tactile 없는 AIRL 비교와, nut angle GT 대신 tactile entropy를 reward로 쓰는 구조가 조사 질문에 직접 대응한다.",10.1109/IROS58592.2024.10802750,Not stated,"Abstract/§I, p.1; §III-B–IV-B, pp.3–5","PDF pp.1–6 전체(참고문헌 포함), 별도 Appendix 없음; pp.4–5 그림·수식·결과 그래프 렌더 확인. 외부 코드/영상은 확인하지 않음.",Research paper,46
B047,Liu 등 - 2025 - FACTR Force-Attending Curriculum Training for Contact-Rich Policy Learning.pdf,260918/Liu 등 - 2025 - FACTR Force-Attending Curriculum Training for Contact-Rich Policy Learning.pdf,8d59e64b4e599f6cbb67096647f546b28fccca5ceaa7ef86df8500fbc3c4fcab,FACTR: Force-Attending Curriculum Training for Contact-Rich Policy Learning,Jason Jingzhou Liu; Yulong Li; Kenneth Shaw; Tony Tao; Ruslan Salakhutdinov; Deepak Pathak,2025,Not stated (arXiv preprint),"arXiv v2, 2025-04-24",Relevant,Not applicable,batch_002/papers/2025-liu-factr.md,completed,15,Not applicable,Selected PDF version only; no alternate version comparison,Robot external joint torque를 vision과 결합하고 force 입력을 무시하는 학습 문제를 curriculum으로 완화한다. Sensor 및 curriculum 비교가 있어 접촉 정보의 실제 추가 역할을 평가할 수 있다. 측정원은 joint torque 및 gripper current이며 wrist F/T나 distributed tactile이 아니다.,Not stated,2502.17432v2,"Title/Abstract/§I, PDF pp.1–2; §IV-A/§V-A, PDF pp.4–6","PDF pp.1–15 전체 및 Appendix VII–XII 확인; pp.9,14–15의 attention·ablation·task 결과표 렌더 확인. 외부 코드/영상 미확인.",Research paper,47
B048,Liu 등 - 2025 - FetchBot Learning Generalizable Object Fetching in Cluttered Scenes via Zero-Shot Sim2Real 1.pdf,260918/Liu 등 - 2025 - FetchBot Learning Generalizable Object Fetching in Cluttered Scenes via Zero-Shot Sim2Real 1.pdf,c64f231cbd632118f33cbaf85e3aee488ec1effb501c22deb0a314a56f43df80,FetchBot: Learning Generalizable Object Fetching in Cluttered Scenes via Zero-Shot Sim2Real,Weiheng Liu; Yuxuan Wan; Jilong Wang; Yuxuan Kuang; Wenbo Cui; Xuesong Shi; Haoran Li; Dongbin Zhao; Zhizheng Zhang; He Wang,2025,9th Conference on Robot Learning (CoRL 2025),"arXiv v2, 2025-08-24",PASS,RGB로 예측한 depth와 occupancy completion을 이용하는 vision-based fetching 연구다. Method/Observation을 확인했으나 tactile/F/T 또는 접촉 피드백의 정보 부족·역할 분담을 분석하지 않아 PASS.,Not applicable,passed,26,Not applicable,Selected arXiv v2; CoRL 2025 header on PDF p.1. No alternate version among assigned IDs.,Vision/occupancy 기반 가림 복원과 oracle distillation이 중심이며 이번 contact-sensing 질문의 직접 근거가 없음.,Not stated,2502.17894v2,"Abstract/§1, PDF pp.1–2; §3.1–3.4, PDF pp.3–5",Screening only: PDF pp.1–5 title/abstract/introduction/related work/method/observation. PASS 이후 상세 분석하지 않음.,Research paper,48
B049,Liu 등 - 2025 - ForceMimic Force-Centric Imitation Learning with Force-Motion Capture System for Contact-Rich Manip.pdf,260918/Liu 등 - 2025 - ForceMimic Force-Centric Imitation Learning with Force-Motion Capture System for Contact-Rich Manip.pdf,3d03855b800a8ca9c897a37b1766436a30d55f04e3780659d59497d27ea870f2,ForceMimic: Force-Centric Imitation Learning with Force-Motion Capture System for Contact-Rich Manipulation,Wenhai Liu; Junbo Wang; Yiming Wang; Weiming Wang; Cewu Lu,2025,"IEEE ICRA 2025, pp.1105–1112",Publisher version,Relevant,Not applicable,batch_002/papers/2025-liu-forcemimic.md,completed,8,Not applicable,Selected PDF version only; no alternate version comparison,"시각 경로의 접촉 오차를 force control로 보완하는 모방학습 연구다. 특히 제안 정책의 force 출력과 저수준 force feedback을 구분하며, force를 정책 입력에 추가한 비교군이 오히려 실패하는 사례를 제시한다. Tactile 병용 연구는 아니지만 추가 센서 정보의 역할과 배포 시 입력 분포 문제에 직접 근거를 준다.",10.1109/ICRA55743.2025.11128061,Not stated,"Title/Abstract/§I–III, PDF pp.1–4","PDF pp.1–8 전체(본문 pp.1–6, 참고문헌 pp.7–8); Fig.4 및 Table I/Figs.6–7을 렌더 확인. 별도 부록 없음.",Research paper,49
B050,Liu 등 - 2025 - Learning a High-quality Robotic Wiping Policy Using Systematic Reward Analysis and Visual-Language M.pdf,260918/Liu 등 - 2025 - Learning a High-quality Robotic Wiping Policy Using Systematic Reward Analysis and Visual-Language M.pdf,dbe9a465f98a1ac28aa8dc70e8796626df1a2e3bf6aa1b360ec84aab1ec99ec9,Learning a High-quality Robotic Wiping Policy Using Systematic Reward Analysis and Visual-Language Model Based Curriculum,Yihong Liu; Dongyeop Kang; Sehoon Ha,2025,Not stated,"arXiv v1, 18 February 2025",Relevant,Not applicable,batch_002/papers/2025-liu-high-quality-robotic-wiping.md,completed,7,Not applicable,Selected PDF version only; no alternate version comparison,"Blind surface wiping에서 curvature/friction을 관측하지 않고 F/T와 robot state 및 주어진 waypoint로 접촉 힘과 이동을 제어한다. 실행 시 센서 정보와 학습 중 contact/collision·waypoint 보상, VLM 영상 피드백을 구분할 수 있다. Tactile 비교가 아니라 force 기반 partial-observation manipulation 및 training-only 정보 사례로 포함한다.",Not stated,2502.12599v1,"Abstract/§I/§III-A, PDF pp.1–3","PDF pp.1–7 전체(본문 pp.1–6, 참고문헌 p.7); Table I 및 Fig.4 렌더 확인. 별도 부록 없음.",Research paper,50
B051,Lloyd 및 Lepora - 2024 - Pose-and-shear-based tactile servoing.pdf,260918/Lloyd 및 Lepora - 2024 - Pose-and-shear-based tactile servoing.pdf,dbb9876a0719e4e18e36c59234ecff5ec525f253a26ef2e2590a1f68804aea66,Pose-and-shear-based tactile servoing,John Lloyd; Nathan F. Lepora,2024,"The International Journal of Robotics Research 43(7), 1024–1055",Publisher version,Relevant,Not applicable,batch_002/papers/2024-lloyd-pose-and-shear-tactile-servoing.md,completed,32,Not applicable,Selected PDF version only; no alternate version comparison,외부 vision/current whole-object pose 없이 tactile의 local pose-and-shear와 proprioception으로 surface following과 pushing을 수행한다. 특히 slip-induced tactile aliasing을 uncertainty model 및 robot kinematics 기반 Bayesian filter로 보완하고 그 효과를 비교한다. Binary marker image와 영역별 contact Boolean은 다른 표현이므로 구분해서 분석한다.,10.1177/02783649231225811,Not stated,"Abstract/§1/§3, PDF pp.1–2,5–12","PDF pp.1–32 전체(본문 pp.1–26, 참고문헌 pp.26–28, Appendices A–D pp.28–32); Tables 2/4/6–9 렌더 확인.",Research paper,51
B052,Luu 등 - 2026 - ManiFeel Benchmarking and Understanding Visuotactile Manipulation Policy Learning.pdf,260918/Luu 등 - 2026 - ManiFeel Benchmarking and Understanding Visuotactile Manipulation Policy Learning.pdf,f9bbb98529baf333276c989b912a5f887a3ec4ba6156d6debd2601882664cc12,ManiFeel: Benchmarking and Understanding Visuotactile Manipulation Policy Learning,Quan Khanh Luu; Pokuang Zhou; Zhengtong Xu; Zhiyuan Zhang; Qiang Qiu; Yu She,2026,Not stated,"arXiv v2, 12 January 2026",Relevant,Not applicable,batch_002/papers/2026-luu-manifeel.md,completed,19,Not applicable,Selected PDF version only; no alternate version comparison,"Vision-only, vision+TacRGB, vision+distributed tactile force field를 같은 proprioception·imitation-policy 조건에서 비교하여 tactile 정보의 과업별 역할과 추가 입력의 역효과를 직접 보여 준다. 다만 실행 중 vision을 계속 사용하며 tactile-only 조건은 없고, TacFF는 wrist 6축 F/T가 아니라 접촉면의 normal/shear grid다.",Not stated,2505.18472v2,"Abstract/§I/§III-A–B, PDF pp.1–7","PDF pp.1–19 전체(본문 pp.1–14, Appendices A–D pp.14–17, 참고문헌 pp.17–19); Figs.5/11 및 Tables II/IV를 렌더 확인. 별도 supplement는 확인하지 않음.",Research paper,52
B053,Ma 등 - 2026 - Current as Touch Proprioceptive Contact Feedback for Compliant Dexterous Manipulation.pdf,260918/Ma 등 - 2026 - Current as Touch Proprioceptive Contact Feedback for Compliant Dexterous Manipulation.pdf,34aa3921204a77c9ce36aeaf5fe0b59191fa25fff206dabd38a4c5634578a88e,Current as Touch: Proprioceptive Contact Feedback for Compliant Dexterous Manipulation,Chenyang Ma; Yunchao Yao; Zhenyu Wei; Ruogu Li; Daniel Szafir; Mingyu Ding,2026,Not stated,"arXiv v1, 3 July 2026",Relevant,Not applicable,batch_002/papers/2026-ma-current-as-touch.md,completed,18,Not applicable,Selected PDF version only; no alternate version comparison,"외부 tactile/F/T 없이 hand motor current와 joint-state history를 contact/load cue로 사용하고 current 제거 ablation을 실물에서 수행한다. Current는 calibrated force나 wrench가 아니며 contact location도 주지 않으므로, proprioceptive force proxy의 정보·가정·모호성과 object-pose 보완 조건을 직접 비교할 수 있다.",Not stated,2607.03529v1,"Abstract/§1/§3, PDF pp.1–6","PDF pp.1–18 전체(본문 pp.1–9, Appendices A–C pp.9–15, 참고문헌 pp.16–18); Fig.3, Tables 1–4/7 및 Appendix C를 렌더 확인. Webpage/video는 확인하지 않음.",Research paper,53
B054,Manuelli 및 Tedrake - 2016 - Localizing external contact using proprioceptive sensors The Contact Particle Filter.pdf,260918/Manuelli 및 Tedrake - 2016 - Localizing external contact using proprioceptive sensors The Contact Particle Filter.pdf,d7330c53000689c6109986b637cf330e0ba72cc7df78e879548df861c84de453,Localizing External Contact Using Proprioceptive Sensors: The Contact Particle Filter,Lucas Manuelli; Russ Tedrake,2016,"IEEE/RSJ IROS 2016, pp.5062–5069",Publisher version,Relevant,Not applicable,batch_002/papers/2016-manuelli-contact-particle-filter.md,completed,8,Not applicable,Selected PDF version only; no alternate version comparison,Wrist F/T 단독 연구는 아니지만 joint-torque residual로 접촉 위치를 복원할 때 필요한 geometry·dynamics·friction 조건과 multi-contact 비식별성을 직접 다룬다. 따라서 force 정보의 locality 복원 범위와 추가 가정을 판단하는 핵심 근거로 포함한다. 조작 policy 학습 성능을 제시하는 논문으로 취급하지 않는다.,Not stated,Not stated,"Abstract/§I–IV, PDF pp.1–3",PDF pp.1–8 전체; Fig.3–4 및 Table I/§VI를 렌더 확인. 별도 부록 없음.,Research paper,54
B055,Marques 등 - 2025 - Map Space Belief Prediction for Manipulation-Enhanced Mapping.pdf,260918/Marques 등 - 2025 - Map Space Belief Prediction for Manipulation-Enhanced Mapping.pdf,2d27bf0208b733bb34e551baebb269dc2e2824bde898abce6b5996d326bfdd05,Map Space Belief Prediction for Manipulation-Enhanced Mapping,Joao Marcos Correia Marques; Nils Dengler; Tobias Zaenker; Jesper Mücke; Shenlong Wang; Maren Bennewitz; Kris Hauser,2025,Not stated,"arXiv v3, 2025-06-18",PASS,RGB-D semantic mapping의 상위 viewpoint/push 선택과 map-belief prediction 연구다. Push 중 관측 부재와 learned dynamics는 다루지만 tactile/F/T·접촉 센싱의 정보 보완이나 한계를 분석하지 않아 이번 Review 범위에서는 PASS.,Not applicable,passed,15,Not applicable,"Selected arXiv v3 dated 2025-06-18, PDF p.1; publication venue not stated there.",일반적 partial-observation mapping을 접촉 센싱 연구로 확대하지 않음.,Not stated,2502.20606v3,"Abstract/§I, PDF pp.1–2; §III/IV-A–C, PDF pp.3–4",Screening only: PDF pp.1–4 title/abstract/introduction/related work/problem/method/observation. PASS 이후 상세 분석하지 않음.,Research paper,55
B056,Martin-Martin 등 - 2019 - Variable Impedance Control in End-Effector Space An Action Space for Reinforcement Learning in Cont.pdf,260918/Martin-Martin 등 - 2019 - Variable Impedance Control in End-Effector Space An Action Space for Reinforcement Learning in Cont.pdf,82b4393c8ff1a3e0a0ffd37d6f10af61822781da33c5dc5d2b550d1e44def9f7,Variable Impedance Control in End-Effector Space: An Action Space for Reinforcement Learning in Contact-Rich Tasks,Roberto Martín-Martín; Michelle A. Lee; Rachel Gardner; Silvio Savarese; Jeannette Bohg; Animesh Garg,2019,IEEE/RSJ IROS 2019,IEEE publisher PDF,PASS,"Action-space/impedance 비교가 중심이며 tactile 또는 force observation을 사용하지 않는다. Wiping은 RGB+EEF pose/velocity를 사용하고 실물에서도 direct force sensing이 없다고 명시하여, 현재 contact information 보완 질문의 직접 근거가 아니므로 PASS.",Not applicable,passed,8,Not applicable,선택 범위에서 중복 미확인,"Action-space/impedance 비교가 중심이며 tactile 또는 force observation을 사용하지 않는다. Wiping은 RGB+EEF pose/velocity를 사용하고 실물에서도 direct force sensing이 없다고 명시하여, 현재 contact information 보완 질문의 직접 근거가 아니므로 PASS.",Not stated,Not stated,"Title/Abstract/Introduction; controller overview; §V.C Observation 및 실물 센싱 명시, PDF pp.1–3,7","Title/Abstract/Introduction; controller overview; §V.C Observation 및 실물 센싱 명시, PDF pp.1–3,7",Research paper,56
B057,Miller 등 - 2025 - Enhancing Tactile-based Reinforcement Learning for Robotic Control.pdf,260918/Miller 등 - 2025 - Enhancing Tactile-based Reinforcement Learning for Robotic Control.pdf,e51421f53cd0d4b333b05f64adf74fc0f7a52e8ee48c4bbc1c07276a1d0573b2,Enhancing Tactile-based Reinforcement Learning for Robotic Control,Elle Miller; Trevor McInroe; David Abel; Oisin Mac Aodha; Sethu Vijayakumar,2025,NeurIPS 2025,"arXiv v1, 24 October 2025; NeurIPS 2025 header; Appendix A–H 포함",Relevant,Not applicable,batch_002/papers/2025-miller-enhancing-tactile-rl.md,completed,28,Not applicable,선택 범위에서 동일 논문의 다른 버전은 확인되지 않음,Sparse binary contact와 proprioception/history를 결합하고 tactile 제거 및 자기지도 표현학습을 비교한다. Object pose 없는 actor·critic과 GT를 쓰는 reward/reset을 분리하여 검토할 수 있다. 모든 로봇 실험은 simulation이며 실물 전이 성과로 해석하지 않는다.,Not stated,2510.21609v1,"Title/Abstract/Introduction/Method overview/Observation, PDF pp.1–3",PDF pp.1–28 본문 및 포함된 부록을 새로 확인; 핵심 표·그림 렌더링 확인,Research paper,57
B058,Narang 등 - 2022 - Factory Fast Contact for Robotic Assembly.pdf,260918/Narang 등 - 2022 - Factory Fast Contact for Robotic Assembly.pdf,3ed5068251c0eaef46fc394cbf8d0482a027dc22ee0dfa1067929ca90b9ff8b6,Factory: Fast Contact for Robotic Assembly,Yashraj Narang; Kier Storey; Iretiayo Akinola; Miles Macklin; Philipp Reist; Lukasz Wawrzyniak; Yunrong Guo; Adam Moravanszky; Gavriel State; Michelle Lu; Ankur Handa; Dieter Fox,2022,Not stated,"arXiv v1, 7 May 2022; Appendix 포함",Partially Relevant,Not applicable,batch_002/papers/2022-narang-factory.md,completed,21,Not applicable,선택 범위에서 동일 논문의 다른 버전은 확인되지 않음,"주요 기여는 접촉 시뮬레이션이지만 Screw task에서 pose/velocity에 force와 action을 추가하는 observation ablation을 제공한다. GT pose를 계속 제공하는 조건에서 force의 유용성이 자동으로 보장되지 않는 비교 근거이며, sensor-free 또는 tactile 정책의 실물 검증 사례는 아니다.",Not stated,2205.03532v1,"Title/Abstract; §IV.C–V, pp.7–10; Table IV p.11",PDF pp.1–21 본문 및 포함된 부록을 새로 확인; 핵심 표·그림 렌더링 확인,Research paper,58
B059,Nazari 등 - 2023 - Deep Functional Predictive Control (deep-FPC) Robot Pushing 3-D Cluster Using Tactile Prediction.pdf,260918/Nazari 등 - 2023 - Deep Functional Predictive Control (deep-FPC) Robot Pushing 3-D Cluster Using Tactile Prediction.pdf,01c9bb150cad65d334b1acdaa95755a6a8ef33e47f5792294e1151594171b3c3,Deep Functional Predictive Control (deep-FPC): Robot Pushing 3-D Cluster using Tactile Prediction,Kiyanoush Nazari; Gabriele Gandolfi; Zeynab Talebpour; Vishnu Rajendran; Willow Mandil; Paolo Rocco; Amir Ghalamzan-E.,2023,IEEE/RSJ IROS 2023,"IEEE publisher PDF, pp.10771–10776",Relevant,Not applicable,batch_002/papers/2023-nazari-deep-fpc.md,completed,6,Not applicable,선택 범위에서 동일 논문의 다른 버전은 확인되지 않음,시각 대신 tactile image와 robot trajectory/history로 flexible stem contact를 예측하며 접촉 유지 pushing을 수행한다. Tactile image를 1D contact location으로 축약하는 controller와 원시 영상의 dynamics model을 구분하여 분석할 수 있다.,10.1109/IROS55552.2023.10342410,Not stated,"Title/Abstract/Introduction/Method overview/Observation, PDF pp.1–3",PDF pp.1–6 본문 및 포함된 부록을 새로 확인; 핵심 표·그림 렌더링 확인,Research paper,59
B060,Nguyen 등 - 2021 - Belief-Grounded Networks for Accelerated Robot Learning under Partial Observability.pdf,260918/Nguyen 등 - 2021 - Belief-Grounded Networks for Accelerated Robot Learning under Partial Observability.pdf,8e3be2a708c8895163badb862df69b46c9be7eba05a5b575744368219a51f9f9,Belief-Grounded Networks for Accelerated Robot Learning under Partial Observability,Hai Nguyen; Brett Daley; Xinchao Song; Christopher Amato; Robert Platt,2021 (PDF version); CoRL 2020,CoRL 2020,"arXiv v5, 21 October 2021; CoRL 2020 header; Appendix A–E",Relevant,Not applicable,batch_002/papers/2021-nguyen-belief-grounded-networks.md,completed,14,Not applicable,선택 범위에서 동일 논문의 다른 버전은 확인되지 않음,Object position을 보지 못하는 contact manipulation에서 observation-action history를 belief supervision으로 학습한다. 논문이 force-feedback이라 부르는 신호는 finger coordinate/angle이며 별도 wrist F/T와 혼동하지 않아야 한다. 학습 전용 privileged belief와 실행 관측을 명확히 비교할 수 있다.,Not stated,2010.09170v5,"Title/Abstract/Introduction/Method overview/Observation, PDF pp.1–3",PDF pp.1–14 본문 및 포함된 부록을 새로 확인; 핵심 표·그림 렌더링 확인,Research paper,60
B061,Oh 등 - 2026 - FACTR 2 Learning External Force Sensing for Commodity Robot Arms Improves Policy Learning.pdf,260918/Oh 등 - 2026 - FACTR 2 Learning External Force Sensing for Commodity Robot Arms Improves Policy Learning.pdf,e289338c5cd2be42e02c41d700e499d6e6bb625c877660812b570031d678e295,FACTR 2: Learning External Force Sensing for Commodity Robot Arms Improves Policy Learning,Steven Oh; Jason Jingzhou Liu; Tony Tao; Philip Han; Kenneth Shaw; Satoshi Funabashi; Ruslan Salakhutdinov; Deepak Pathak,2026,Not stated,"arXiv v1, 10 June 2026; Appendix A–D",Relevant,Not applicable,batch_002/papers/2026-oh-factr2.md,completed,22,Not applicable,선택 범위에서 동일 논문의 다른 버전은 확인되지 않음,"Motor current와 proprioceptive history에서 external joint torque를 추정하고, 이를 policy input 및 training sample selection에 각각 사용하는 근거를 제공한다. Dedicated wrist F/T나 distributed tactile 없이 contact 정보가 어떤 모델·보정 가정에 의해 얻어지는지 분석할 수 있다.",Not stated,2606.12406v1,"Title/Abstract/Introduction/Method overview/Observation, PDF pp.1–3",PDF pp.1–22 본문 및 포함된 부록을 새로 확인; 핵심 표·그림 렌더링 확인,Research paper,61
B062,Okada 등 - 2024 - A Contact Model based on Denoising Diffusion to Learn Variable Impedance Control for Contact-rich Ma.pdf,260918/Okada 등 - 2024 - A Contact Model based on Denoising Diffusion to Learn Variable Impedance Control for Contact-rich Ma.pdf,d11c40991f1903fb8ff57243099de87f180bd3d5e74f2c8b225bc075c6068c8e,A Contact Model based on Denoising Diffusion to Learn Variable Impedance Control for Contact-rich Manipulation,Masashi Okada; Mayumi Komatsu; Tadahiro Taniguchi,2024,IEEE/RSJ IROS 2024,"IEEE publisher PDF, pp.7286–7293; Appendix A",Partially Relevant,Not applicable,batch_002/papers/2024-okada-diffusion-contact-model.md,completed,8,Not applicable,선택 범위에서 동일 논문의 다른 버전은 확인되지 않음,Demonstration trajectory가 explicit surface model을 대신하는 geometry prior이며 force trajectory를 예측해 variable stiffness를 조정한다. Online tactile compensation 연구는 아니지만 object geometry 없이 force-based contact task를 성립시키는 추가 정보와 force의 학습·평가 역할을 분석하는 데 유용하다.,10.1109/IROS58592.2024.10801976,Not stated,"Title/Abstract/Introduction/Method overview/Observation, PDF pp.1–3",PDF pp.1–8 본문 및 포함된 부록을 새로 확인; 핵심 표·그림 렌더링 확인,Research paper,62
B063,Ozdamar 등 - 2024 - Pushing in the Dark A Reactive Pushing Strategy for Mobile Robots Using Tactile Feedback.pdf,260918/Ozdamar 등 - 2024 - Pushing in the Dark A Reactive Pushing Strategy for Mobile Robots Using Tactile Feedback.pdf,d42a4eca50357a08a1a86bffb30ccc018149062627dd0ddd46fabdd495b4e76f,Pushing in the Dark: A Reactive Pushing Strategy for Mobile Robots Using Tactile Feedback,Idil Ozdamar; Doganay Sirintuna; Robin Arbaud; Arash Ajoudani,2024,"IEEE Robotics and Automation Letters 9(8),6824–6831",IEEE publisher PDF,Relevant,Not applicable,batch_002/papers/2024-ozdamar-pushing-in-the-dark.md,completed,8,Not applicable,선택 범위에서 동일 논문의 다른 버전은 확인되지 않음,42개 capacitive sensing area를 threshold하고 접촉 위치로 축약해 current object pose/shape 없이 pushing한다. Binary/contact-location representation과 robot pose/known base geometry의 보완 관계를 직접 검토할 수 있다. 손목 F/T나 force magnitude를 사용하는 방법은 아니다.,10.1109/LRA.2024.3414279,Not stated,"Title/Abstract/Introduction/Method overview/Observation, PDF pp.1–3",PDF pp.1–8 본문 및 포함된 부록을 새로 확인; 핵심 표·그림 렌더링 확인,Research paper,63
B064,Padalkar - Guiding real-world reinforcement learning for in-contact manipulation tasks with Shared Control Temp.pdf,260918/Padalkar - Guiding real-world reinforcement learning for in-contact manipulation tasks with Shared Control Temp.pdf,7aab5f995fd6a7c3c8eef488842e21defbd86d330b9657c73076755862cc5482,Guiding real-world reinforcement learning for in-contact manipulation tasks with Shared Control Templates,Abhishek Padalkar; Gabriel Quere; Antonin Raffin; João Silvério; Freek Stulp,2024,"Autonomous Robots 48, Article 12","Publisher PDF, published 4 June 2024; Appendix A included",Relevant,Not applicable,batch_002/papers/2024-padalkar-shared-control-templates.md,completed,17,Not applicable,선택 범위에서 동일 논문의 다른 버전은 확인되지 않음,"실물 grid-clamp insertion에서 FK로 얻은 clamp 위치와 3D force를 actor에 제공한다. 알려진 hole frame, orientation constraint, 좁은 탐색 영역이 접촉 학습을 성립시키므로 F/T 기반 방법의 추가 정보와 가정을 비교하는 데 직접 관련된다. Force cost 비교는 존재하지만 force 입력 제거 실험과는 구분해야 한다.",10.1007/s10514-024-10164-6,Not stated,"Title/Abstract/Introduction/Method overview/Observation, PDF pp.1–3",PDF pp.1–17 본문 및 포함된 부록을 새로 확인; 핵심 표·그림 렌더링 확인,Research paper,64
B065,Padalkar 등 - 2025 - Towards Safe and Efficient Learning in the Wild Guiding RL With Constrained Uncertainty-Aware Movem.pdf,260918/Padalkar 등 - 2025 - Towards Safe and Efficient Learning in the Wild Guiding RL With Constrained Uncertainty-Aware Movem.pdf,72065fa915de2044072efd34ffd63af79d3c1372160b70079179a6bf16c03da2,Towards Safe and Efficient Learning in the Wild: Guiding RL With Constrained Uncertainty-Aware Movement Primitives,Abhishek Padalkar; Freek Stulp; Gerhard Neumann; João Silvério,2025,"IEEE Robotics and Automation Letters 10(7), 6880–6887","IEEE publisher PDF, July 2025 issue",Relevant,Not applicable,batch_002/papers/2025-padalkar-kernelized-guided-rl.md,completed,8,Not applicable,선택 범위에서 동일 논문의 다른 버전은 확인되지 않음,실물 BNC insertion/locking에서 6D wrench와 EEF pose를 RL actor에 제공한다. Demonstration에서 얻은 nominal trajectory·covariance와 수작업 linear constraints가 함께 사용되므로 force-feedback 조작의 추가 정보와 prior를 분석할 수 있다. Force 입력 자체의 ablation은 보고하지 않는다.,10.1109/LRA.2025.3566599,Not stated,"Title/Abstract/Introduction/Method overview/Observation, PDF pp.1–3",PDF pp.1–8 본문 및 포함된 부록을 새로 확인; 핵심 표·그림 렌더링 확인,Research paper,65
B066,Pan 등 - 2026 - Beyond Binary Sim-to-Real Dexterous Manipulation with Physics-Grounded Contact Representation.pdf,260918/Pan 등 - 2026 - Beyond Binary Sim-to-Real Dexterous Manipulation with Physics-Grounded Contact Representation.pdf,f022d8c38412db7bbb55839a936b1a11caa9af4fbf4c3b0ffd701da60731e508,Beyond Binary: Sim-to-Real Dexterous Manipulation with Physics-Grounded Contact Representation,Jiahe Pan; Stelian Coros; Jitendra Malik; Toru Lin,2026,arXiv preprint,arXiv v1 (27 May 2026),Relevant,Not applicable,batch_003/papers/2026-pan-beyond-binary-cop-tactile.md,completed,18,Not applicable,Selected PDF version only; no alternate version comparison,"Binary tactile가 힘 크기와 접촉 위치를 버리는 문제를 직접 비교하고, 3D force와 3D contact position을 보존하는 CoP 표현이 blind manipulation을 어떻게 개선하는지 실험한다. Actor의 proprioception·previous action·recurrent history와 critic/reward의 simulator GT를 분리할 수 있어 본 Review 질문에 직접적인 근거를 제공한다.",Not stated,2605.28812v1,"Title/Abstract/§1/§3.4/§4, PDF pp.1–8","PDF pp.1–18 전체(본문, Limitations, Appendices A–F); Tables 1–6와 Figures 1/11–13 렌더 확인.",Research paper,66
B067,Pang 등 - 2021 - Identifying External Contacts from Joint Torque Measurements on Serial Robotic Arms and Its Limitati.pdf,260918/Pang 등 - 2021 - Identifying External Contacts from Joint Torque Measurements on Serial Robotic Arms and Its Limitati.pdf,a46dff570a309911de96824021bbc18b705e736a47b087dd5ffc447bf12afb75,Identifying External Contacts from Joint Torque Measurements on Serial Robotic Arms and Its Limitations,Tao Pang; Jack Umenberger; Russ Tedrake,2021,2021 IEEE International Conference on Robotics and Automation (ICRA),IEEE publisher version,Partially Relevant,Not applicable,batch_003/papers/2021-pang-external-contact-joint-torque-limitations.md,completed,7,Not applicable,Selected PDF version only; no alternate version comparison,Manipulation policy가 아니라 joint-torque-only contact localization의 성립 가정과 근본 ambiguity를 정량 분석한다. 본 Review의 두 번째 핵심 질문인 F/T 또는 wrench만으로 contact locality를 어디까지 복원할 수 있는지에 직접적인 제한 근거를 제공한다.,10.1109/ICRA48506.2021.9561761,Not stated,"Title/Abstract/§I–III, PDF pp.1–3",PDF pp.1–7 전체; Figures 3–5/9와 implementation/conclusion 렌더 확인.,Research paper,67
B068,Park 등 - 2025 - DA-Fusion Deformable Attention-Based RGB-D Fusion Transformer for Unseen Object Instance Segmentati.pdf,260918/Park 등 - 2025 - DA-Fusion Deformable Attention-Based RGB-D Fusion Transformer for Unseen Object Instance Segmentati.pdf,f2fe53c4eefe08e87678a7a4607191394d009816c5f28569edc93185d92ac059,DA-Fusion: Deformable Attention-Based RGB-D Fusion Transformer for Unseen Object Instance Segmentation,Yesol Park; Hye-Jung Yoon; Juno Kim; Byoung-Tak Zhang,2025,2025 IEEE International Conference on Robotics and Automation (ICRA),IEEE publisher version,PASS,"RGB-D unseen-object instance segmentation 연구이며 tactile, force/F/T, contact-based manipulation policy, partial-observation contact compensation을 다루지 않는다.",Not applicable,passed,7,Not applicable,Selected IEEE publisher PDF; alternate versions not compared,"Title, Abstract, Introduction, architecture and conclusion을 확인했으나 핵심 기여는 RGB-depth feature fusion과 segmentation benchmark이다.",10.1109/ICRA55743.2025.11128151,Not stated,"Title/Abstract/§I–IV/§VI, PDF pp.1–4,7","Screening: Title, Abstract, Introduction, Method overview, sensor inputs, experiments/conclusion (PDF pp.1–7에서 관련 절 확인).",Research paper,68
B069,Portela 등 - 2024 - Learning Force Control for Legged Manipulation.pdf,260918/Portela 등 - 2024 - Learning Force Control for Legged Manipulation.pdf,e1f88d0516e488be20e8800153fd69bd00e0df19d89bc033b2da756f2e83fa64,Learning Force Control for Legged Manipulation,Tifanny Portela; Gabriel B. Margolis; Yandong Ji; Pulkit Agrawal,2024,2024 IEEE International Conference on Robotics and Automation (ICRA),IEEE publisher version,Partially Relevant,Not applicable,batch_003/papers/2024-portela-learning-force-control-legged-manipulation.md,completed,7,Not applicable,Selected PDF version only; no alternate version comparison,"Blind sweeping과 task는 다르지만, end-effector F/T 없이 proprioception history와 privileged-state estimator로 external force를 추정하고 force-control policy를 구성한다. 실행 센서와 training-only force GT/critic state를 분리해 object/contact 정보 부족을 보완하는 사례로 유용하다.",10.1109/ICRA57147.2024.10611066,Not stated,"Title/Abstract/§I/§III–IV, PDF pp.1–4","PDF pp.1–7 전체; observation/privileged architecture, simulation/real force results, Discussion 렌더 확인.",Research paper,69
B070,Raissi 등 - 2019 - Physics-informed neural networks A deep learning framework for solving forward and inverse problems.pdf,260918/Raissi 등 - 2019 - Physics-informed neural networks A deep learning framework for solving forward and inverse problems.pdf,3f1fb8174a8cd6620e6a237690b147d2e291e0385cb0ed13f0d339f89f6e30c4,Physics-Informed Neural Networks: A Deep Learning Framework for Solving Forward and Inverse Problems Involving Nonlinear Partial Differential Equations,M. Raissi; P. Perdikaris; G. E. Karniadakis,2019,"Journal of Computational Physics 378, 686–707",Publisher version,PASS,"비선형 PDE의 forward/inverse solution을 위한 physics-informed neural network 연구이며 robotic manipulation, tactile, F/T, contact inference 또는 partial-observation control을 다루지 않는다.",Not applicable,passed,22,Not applicable,"Selected publisher PDF; accepted 28 Oct 2018, published in 2019","Title, Abstract, Introduction, method scope와 applications를 확인했으며 예제는 fluid/quantum/reaction–diffusion/shallow-water PDE이다.",10.1016/j.jcp.2018.10.045,Not stated,"Title/Abstract/§1 and method overview, PDF pp.1–3","Screening: Title, Abstract, Introduction, method overview and applications (PDF pp.1–3; section headings across pp.1–22 확인).",Research paper,70
B071,Saka 등 - 2026 - CONTACT CONtact-aware TACTile Learning for Robotic Disassembly.pdf,260918/Saka 등 - 2026 - CONTACT CONtact-aware TACTile Learning for Robotic Disassembly.pdf,d43d42529de365d00b9b2f5d1f80a524945461b4044184700bce27a4bd83d00d,CONTACT: CONtact-aware TACTile Learning for Robotic Disassembly,Yosuke Saka; Jyun-Chi Hu; Adeesh Desai; Zhiyuan Zhang; Bihao Zhang; Quan Khanh Luu; Md Rakibul Islam Prince; Minghui Zheng; Yu She,2026,arXiv preprint,arXiv v2 (21 July 2026),Relevant,Not applicable,batch_003/papers/2026-saka-contact-tactile-disassembly.md,completed,8,Not applicable,Selected PDF version only; no alternate version comparison,"Vision-only, Vision+raw tactile RGB, Vision+structured tactile force field를 동일 diffusion-policy 조건에서 직접 비교한다. Tactile이 vision의 접촉 ambiguity를 어떤 spatial force 정보로 보완하는지와 naive sensor fusion이 항상 유리하지 않다는 근거를 rigid/deformable disassembly에서 제공한다.",Not stated,2603.08560v2,"Title/Abstract/§I/§II-B–C, PDF pp.1–5",PDF pp.1–8 전체; Tables I–V와 Figures 3–6 렌더 확인.,Research paper,71
B072,Saleem 등 - 2025 - A Contact-Driven Framework for Manipulating in the Blind.pdf,260918/Saleem 등 - 2025 - A Contact-Driven Framework for Manipulating in the Blind.pdf,51f7500372c556c46f7e669226f264d551573e97939198e54ef0c9153841499c,A Contact-Driven Framework for Manipulating in the Blind,Muhammad Suhail Saleem; Lai Yuan; Maxim Likhachev,2025,arXiv preprint,arXiv v1 (23 October 2025),Relevant,Not applicable,batch_003/papers/2025-saleem-contact-driven-manipulating-blind.md,completed,9,Not applicable,Selected PDF version only; no alternate version comparison,"Vision 없이 joint-torque contact sensing, contact history, learned structural priors와 planning을 결합해 unknown clutter에서 조작한다. Joint-torque localization의 ambiguity와 추가 geometry/kinematic assumptions, sparse contact를 occupancy/history로 보완하는 구조를 직접 분석할 수 있다.",Not stated,2510.20177v1,"Title/Abstract/§I/§III–IV-A, PDF pp.1–4","PDF pp.1–9 전체; contact estimator, occupancy prediction/planning, simulation/real ablations, future work 및 Figures 1/3와 Tables I–II 렌더 확인.",Research paper,72
B073,Sferrazza 등 - 2024 - The Power of the Senses Generalizable Manipulation from Vision and Touch through Masked Multimodal.pdf,260918/Sferrazza 등 - 2024 - The Power of the Senses Generalizable Manipulation from Vision and Touch through Masked Multimodal.pdf,9f364e8d29f6c23b2d19ca1329366e96f63f79c01c821a475cc797bc303ddd8c,The Power of the Senses: Generalizable Manipulation from Vision and Touch through Masked Multimodal Learning,Carmelo Sferrazza; Younggyo Seo; Hao Liu; Youngwoon Lee; Pieter Abbeel,2024,2024 IEEE/RSJ International Conference on Intelligent Robots and Systems (IROS),IEEE publisher version,Relevant,Not applicable,batch_003/papers/2024-sferrazza-m3l-vision-touch.md,completed,8,Not applicable,Selected PDF version only; no alternate version comparison,High-resolution tactile force maps와 vision을 joint masked-autoencoder representation으로 결합하고 modality/representation/history ablation을 수행한다. Object pose vector 없이 visual/tactile pixels로 조작하는 구조와 tactile이 vision의 occlusion/generalization 부족을 보완하는 근거를 제공한다.,10.1109/IROS58592.2024.10802719,Not stated,"Title/Abstract/§I/§IV–V, PDF pp.1–4","PDF pp.1–8 전체; task/reward/observation, Figures 2–7, Limitations/Future Work 렌더 확인. 원문이 가리키는 online appendix는 제공 PDF에 없어 확인 불가.",Research paper,73
B074,Shi 등 - 2021 - Proactive Action Visual Residual Reinforcement Learning for Contact-Rich Tasks Using a Torque-Contro.pdf,260918/Shi 등 - 2021 - Proactive Action Visual Residual Reinforcement Learning for Contact-Rich Tasks Using a Torque-Contro.pdf,238ead5a79df6f75a2c9f563e98891ce47d8af2d1b3f772b31b2efc28a73129f,Proactive Action Visual Residual Reinforcement Learning for Contact-Rich Tasks Using a Torque-Controlled Robot,Yunlei Shi; Zhaopeng Chen; Hongxu Liu; Sebastian Riedel; Chunhui Gao; Qian Feng; Jun Deng; Jianwei Zhang,2021,2021 IEEE International Conference on Robotics and Automation (ICRA),IEEE publisher version,Relevant,Not applicable,batch_003/papers/2021-shi-proactive-visual-residual-rl.md,completed,7,Not applicable,Selected PDF version only; no alternate version comparison,"Eye-in-hand vision과 joint-torque-derived 6D force/moment를 역할 분담해 RAM insertion을 수행하고, force를 ternary contact state로 축약한다. Vision/force/active probing ablation이 있어 reduced contact information을 pose tracking과 investigative action이 어떻게 보완하는지 직접 분석할 수 있다.",10.1109/ICRA48506.2021.9561162,Not stated,"Title/Abstract/§I/§III–IV, PDF pp.1–5","PDF pp.1–7 전체; policy/controller, state/action/reward, Tables I–II, Conclusion/Future Work 렌더 확인.",Research paper,74
B075,Shirai 등 - 2026 - Learning Non-Prehensile Manipulation With Force and Vision Feedback Using Optimization-Based Demonst.pdf,260918/Shirai 등 - 2026 - Learning Non-Prehensile Manipulation With Force and Vision Feedback Using Optimization-Based Demonst.pdf,651ac6aeab0d8601364a378bae7e00462f48f8562604762d2c6c602bc4b92d2e,Learning Non-Prehensile Manipulation With Force and Vision Feedback Using Optimization-Based Demonstrations,Yuki Shirai; Kei Ota; Devesh K. Jha; Diego Romeres,2026,"IEEE Robotics and Automation Letters 11(3), 2905–2912",IEEE publisher version,Relevant,Not applicable,batch_003/papers/2026-shirai-non-prehensile-force-vision-demonstrations.md,completed,8,Not applicable,Selected PDF version only; no alternate version comparison,"Runtime current object GT 없이 wrist F/T, object segmentation, proprioception history로 object pose/size/mass/friction/contact state를 추정해 non-prehensile manipulation policy를 실행한다. Training privileged information, force/vision 역할, F/T-only 성립 가정과 sim-to-real 한계를 모두 직접 분석할 수 있다.",10.1109/LRA.2026.3655262,Not stated,"Title/Abstract/§I/§III, PDF pp.1–4",PDF pp.1–8 전체(Conclusion/Limitations/Appendix 포함); Figures 2–8와 Tables I–VI 렌더 확인.,Research paper,75
B076,Sim-to-Real_Model-Based_and_Model-Free_Deep_Reinforcement_Learning_for_Tactile_Pushing.pdf,260918/Sim-to-Real_Model-Based_and_Model-Free_Deep_Reinforcement_Learning_for_Tactile_Pushing.pdf,65960baceadcd4dff611a934c57407099bd0917338a93f8bdbbf14b407228a47,Sim-to-Real Model-Based and Model-Free Deep Reinforcement Learning for Tactile Pushing,Max Yang; Yijiong Lin; Alex Church; John Lloyd; Dandan Zhang; David A. W. Barton; Nathan F. Lepora,2023,"IEEE Robotics and Automation Letters, 8(9), 5480-5487",Publisher version,Relevant,Not applicable,batch_003/papers/2023-yang-tactile-pushing.md,completed,8,Not applicable,Selected PDF version only; no alternate version comparison,"실행 중 외부 시각 없이 TacTip과 목표 정보만으로 미지 물체를 밀며, 원시 tactile image와 tactile-derived contact-surface pose를 직접 비교한다. current object center pose와 shape를 제공하지 않은 채 국소 접촉 자세와 목표 상대 관계로 폐루프 조작을 수행하므로, 축약 tactile 표현이 어떤 정보를 유지하고 무엇을 대신하는지에 직접 근거를 제공한다.",10.1109/LRA.2023.3295236,Not stated,"Abstract and Sec. III-B, PDF pp.1-4","전체 본문 PDF pp.1-8; 방법, 보상, sim-to-real 관측 모델, 실험, Discussion/Future Work 및 참고문헌 확인",Research paper,76
B077,Su 등 - 2024 - Sim2Real Manipulation on Unknown Objects with Tactile-based Reinforcement Learning (2).pdf,260918/Su 등 - 2024 - Sim2Real Manipulation on Unknown Objects with Tactile-based Reinforcement Learning (2).pdf,304b60f5e85b07ee0383713a686f2c442d2aad38ea03a6302c5bf3aeaf3ea32a,Sim2Real Manipulation on Unknown Objects with Tactile-based Reinforcement Learning,Entong Su; Chengzhe Jia; Yuzhe Qin; Wenxuan Zhou; Annabella Macaluso; Binghao Huang; Xiaolong Wang,2024,arXiv,"arXiv v1 (2403.12170v1, 18 Mar 2024)",duplicate,Not applicable,batch_003/papers/2024-su-sim2real-unknown-objects-tactile-rl.md,duplicate,8,B078,Earlier arXiv version of the same paper analyzed from the more complete ICRA publisher version B078; pagination and wording differ.,"Title, authors, method, figures, and experiments identify the same work as B078. B078 is the ICRA publisher version with DOI and is used as the canonical analysis source.",Not stated,2403.12170v1,"Title/abstract, PDF p.1; arXiv identifier footer, PDF p.1","Title, abstract, introduction, method/observation and version identity compared against B078; duplicate version, no separate detailed note",arXiv preprint,77
B078,Su 등 - 2024 - Sim2Real Manipulation on Unknown Objects with Tactile-based Reinforcement Learning.pdf,260918/Su 등 - 2024 - Sim2Real Manipulation on Unknown Objects with Tactile-based Reinforcement Learning.pdf,f6810b19801ee51016999b40337b7d5be497adacb3c075a7a9eedefbd2dd1070,Sim2Real Manipulation on Unknown Objects with Tactile-based Reinforcement Learning,Entong Su; Chengzhe Jia; Yuzhe Qin; Wenxuan Zhou; Annabella Macaluso; Binghao Huang; Xiaolong Wang,2024,"2024 IEEE International Conference on Robotics and Automation (ICRA), 9234-9241",IEEE publisher version,Relevant,Not applicable,batch_003/papers/2024-su-sim2real-unknown-objects-tactile-rl.md,completed,8,Not applicable,Selected PDF version only; no alternate version comparison,"두 DIGIT의 RGB, difference, binary tactile representation을 같은 pivoting 정책에서 직접 비교하며, tactile 제거·object-angle oracle·point-cloud vision까지 통제 비교한다. 실행 actor는 current object pose를 받지 않고 tactile, joint proprioception, target angle로 동작하므로 reduced tactile이 어떤 정보를 남기며 object state 부족을 어떻게 보완하는지에 직접 답한다.",10.1109/ICRA57147.2024.10611113,2403.12170,"Abstract and Sec. III-B/IV, PDF pp.1-4","전체 publisher PDF pp.1-8; observation, reward, actor/critic, representation 및 sensor ablation, failure cases, conclusion/future work 확인",Research paper,78
B079,Thomasson 등 - 2022 - Going In Blind Object Motion Classification using Distributed Tactile Sensing for Safe Reaching in.pdf,260918/Thomasson 등 - 2022 - Going In Blind Object Motion Classification using Distributed Tactile Sensing for Safe Reaching in.pdf,ed0bccdad5bfedfc7649c9a70ce746f10ba93f5ee7496ca5f057eeb2e4ac2588,Going In Blind: Object Motion Classification using Distributed Tactile Sensing for Safe Reaching in Clutter,Rachel Thomasson; Etienne Roberge; Mark R. Cutkosky; Jean-Philippe Roberge,2022,"2022 IEEE/RSJ International Conference on Intelligent Robots and Systems (IROS), 1440-1446",IEEE publisher version,Partially Relevant,Not applicable,batch_003/papers/2022-thomasson-going-in-blind.md,completed,7,Not applicable,Selected PDF version only; no alternate version comparison,"완전한 reactive manipulation policy를 구현하지는 않지만, object identity·pose·mobility를 모르는 clutter reaching에서 distributed tactile history로 immovable/sliding/tipping 접촉을 구분한다. wrist F/T는 분류 입력이 아니라 과부하 정지에만 쓰여 tactile의 spatial-temporal 정보와 global force safety의 실제 역할 분리를 보여준다.",10.1109/IROS47612.2022.9981924,Not stated,"Abstract, Introduction and Sec. III-IV, PDF pp.1,3-6","전체 본문 PDF pp.1-7; sensor, feature/cue pipeline, assumptions, experiments, failure analysis, conclusion/future work 확인",Research paper,79
B080,Ueno 등 - 2024 - Multi-Fingered Dragging of Unknown Objects and Orientations Using Distributed Tactile Information Th.pdf,260918/Ueno 등 - 2024 - Multi-Fingered Dragging of Unknown Objects and Orientations Using Distributed Tactile Information Th.pdf,801aaae0779dfe6aab0b16d7d6dde5d953e001d0c75e6cc5546b001670f10590,Multi-Fingered Dragging of Unknown Objects and Orientations Using Distributed Tactile Information Through Vision-Transformer and LSTM,T. Ueno; S. Funabashi; H. Ito; A. Schmitz; S. Kulkarni; T. Ogata; S. Sugano,2024,"2024 IEEE/RSJ International Conference on Intelligent Robots and Systems (IROS), 7445-7452",IEEE publisher version,Relevant,Not applicable,batch_003/papers/2024-ueno-multifingered-dragging.md,completed,8,Not applicable,Selected PDF version only; no alternate version comparison,"current object pose·property label을 입력하지 않고 distributed 3-axis tactile, joint state, LSTM history로 unknown object의 orientation과 softness에 맞춰 dragging/grasping한다. ViT-only, LSTM-only, open-loop 비교가 있어 spatial tactile와 temporal memory가 누락된 object information을 보완하는 효과를 직접 평가한다.",10.1109/IROS58592.2024.10802283,Not stated,"Abstract, Introduction and Sec. III-IV, PDF pp.1-5","전체 본문 PDF pp.1-8; architecture, inputs/outputs, data collection, ablations, feature analysis, limitations/future work 확인",Research paper,80
B081,Ulmer 등 - 2021 - Learning Robotic Manipulation Skills Using an Adaptive Force-Impedance Action Space.pdf,260918/Ulmer 등 - 2021 - Learning Robotic Manipulation Skills Using an Adaptive Force-Impedance Action Space.pdf,0df3961d91d9065f9c5bef03fda4f22be180e5a84cdd5060014bbd775e5718fc,Learning Robotic Manipulation Skills Using an Adaptive Force-Impedance Action Space,Maximilian Ulmer; Elie Aljalbout; Sascha Schwarz; Sami Haddadin,2021,arXiv preprint,"arXiv v2 (2110.09904v2, 20 Oct 2021)",Relevant,Not applicable,batch_003/papers/2021-ulmer-adaptive-force-impedance.md,completed,8,Not applicable,Selected PDF version only; no alternate version comparison,tactile은 쓰지 않지만 estimated external wrench를 high-rate adaptive force/impedance controller와 저주파 policy observation으로 분리해 사용하는 contact-rich manipulation 연구다. Wrench가 contact locality 대신 force regulation·stability·safety를 담당하는 실제 구조와 그 한계를 분석하는 데 직접 관련된다.,Not stated,2110.09904v2,"Abstract, Introduction and Secs. IV-V, PDF pp.1,3-6","전체 arXiv PDF pp.1-8; AFORCE equations, real/sim observations, controller frequencies, comparisons, limitations/future work 확인",Research paper,81
B082,Unger 등 - 2024 - ProSIP Probabilistic Surface Interaction Primitives for Learning of Robotic Cleaning of Edges.pdf,260918/Unger 등 - 2024 - ProSIP Probabilistic Surface Interaction Primitives for Learning of Robotic Cleaning of Edges.pdf,35cda00c4b10e41de74498296fd14e08a91e6cb01dcd4e37f398396b1a90b408,ProSIP: Probabilistic Surface Interaction Primitives for Learning of Robotic Cleaning of Edges,Christoph Unger; Christian Hartl-Nesic; Minh Nhat Vu; Andreas Kugi,2024,"2024 IEEE/RSJ International Conference on Intelligent Robots and Systems (IROS), 5956-5963",IEEE publisher version,PASS,"Known CAD/reconstructed surface와 annotated surface path에서 cleaning trajectory를 생성하는 learning-from-demonstration 연구다. 실행 시 tactile/F/T가 핵심 observation이 아니며 force/torque는 향후 추가할 signal로만 언급되어, reduced tactile·F/T contact information 보완 질문에 직접 근거를 제공하지 않는다.",Not applicable,passed,8,Not applicable,Single selected file; version identity pending screening,Surface-contact task이지만 current object uncertainty를 contact sensing으로 보완하지 않고 full geometry와 surface path를 사전 입력한다. F/T/tactile manipulation evidence가 없어 PASS한다.,10.1109/IROS58592.2024.10802255,Not stated,"Abstract and Sec. III-IV, PDF pp.1-4; Conclusion/Future Work, PDF pp.7-8","Title, abstract, introduction, related work, problem/method overview, execution observations, results, conclusion/future work 확인 후 PASS",Research paper,82
B083,Vuong 및 Pham - 2023 - Reinforcement Learning with Parameterized Manipulation Primitives for Robotic Assembly.pdf,260918/Vuong 및 Pham - 2023 - Reinforcement Learning with Parameterized Manipulation Primitives for Robotic Assembly.pdf,352344faf4bc2709eac1d040a5706c6d17f1abd49fad44ecc58994a50720ce0b,Reinforcement Learning with Parameterized Manipulation Primitives for Robotic Assembly,Nghia Vuong; Quang-Cuong Pham,2023,arXiv preprint,"arXiv v1 (2306.06679v1, 11 Jun 2023)",Relevant,Not applicable,batch_003/papers/2023-vuong-parameterized-primitives-assembly.md,completed,8,Not applicable,Selected PDF version only; no alternate version comparison,"peg-hole relative pose와 6-axis F/T를 관측하거나 action feasibility/primitive termination에 사용해 contact-rich insertion을 수행한다. 특히 저자 스스로 force를 접촉 상태 분리에는 쓰지만 policy는 주로 kinematics에 의존하여 sim-to-real 실패가 생긴다고 분석하고 tactile 통합을 future work로 제시하므로, F/T가 제공하는 범위와 부족한 local contact state를 직접 보여준다.",Not stated,2306.06679v1,"Abstract and Sec. IV-V, PDF pp.1,3-7","전체 arXiv PDF pp.1-8; state/action/reward, F/T hardware, assumptions, sim-real experiments, failure modes, conclusion/future work 확인",Research paper,83
B084,Wang 등 - 2024 - Task-Driven Reinforcement Learning With Action Primitives for Long-Horizon Manipulation Skills.pdf,260918/Wang 등 - 2024 - Task-Driven Reinforcement Learning With Action Primitives for Long-Horizon Manipulation Skills.pdf,1278413ab61c56e803d66628c53602491f92a640652de2707129b9a440e6485c,Task-Driven Reinforcement Learning With Action Primitives for Long-Horizon Manipulation Skills,Hao Wang; Hao Zhang; Lin Li; Zhen Kan; Yongduan Song,2024,"IEEE Transactions on Cybernetics, 54(8), 4513-4526",IEEE publisher version,PASS,"LTL progression과 parameterized action primitives로 long-horizon simulator manipulation을 학습하는 연구다. Object pose/state를 environment observation으로 직접 제공하며 tactile, F/T, wrench 또는 contact-information 보완 구조를 핵심 observation으로 다루지 않아 현재 Review 질문과 직접 관련이 없다.",Not applicable,passed,14,Not applicable,Single selected file; version identity pending screening,Peg insertion 예제가 있으나 contact sensing의 정보 역할이나 F/T/tactile 한계를 분석하지 않고 simulator state와 predefined primitives에 의존하므로 PASS한다.,10.1109/TCYB.2023.3298195,Not stated,"Abstract and Sec. II-B/IV, PDF pp.1-3,10-13; Conclusion, PDF p.13","Title, abstract, introduction, method/observation definition, experiment and contact-rich example, conclusion 확인 후 PASS",Research paper,84
B085,Wang 등 - 2026 - Contact SLAM An Active Tactile Exploration Policy Based on Physical Reasoning Utilized in Robotic F.pdf,260918/Wang 등 - 2026 - Contact SLAM An Active Tactile Exploration Policy Based on Physical Reasoning Utilized in Robotic F.pdf,c8de578a2013e0ef05302ffc5560a2944f1eb1992dfa7508004b6a0a8b757f6e,Contact SLAM: An Active Tactile Exploration Policy Based on Physical Reasoning Utilized in Robotic Fine Blind Manipulation Tasks,Gaozhao Wang; Xing Liu; Zhenduo Ye; Zhengxiong Liu; Panfeng Huang,2026,arXiv preprint,"arXiv v2 (2512.10481v2, 26 Jan 2026)",Relevant,Not applicable,batch_003/papers/2026-wang-contact-slam.md,completed,9,Not applicable,Selected PDF version only; no alternate version comparison,"continuous vision 없이 두 Tac3D의 distributed force·resultant force/torque·marker displacement와 known geometry를 결합해 grasped object와 environment의 relative pose/contact region을 추정하고 assembly/pushing한다. Net wrench가 가능한 범위를 정확한 geometry, quasi-static/single-rigid-grasp constraints, particle filtering이 어떻게 보완하는지 명시해 두 핵심 Review 질문에 직접 답한다.",Not stated,2512.10481v2,"Abstract, Problem Formulation and Sec. III, PDF pp.1-5","전체 arXiv PDF pp.1-9; assumptions, tactile/wrench equations, factor graph, particle filter, active exploration, ablations/comparison, failures, conclusion/future work 확인",Research paper,85
B086,Wu 등 - 2019 - MAT Multi-Fingered Adaptive Tactile Grasping via Deep Reinforcement Learning.pdf,260918/Wu 등 - 2019 - MAT Multi-Fingered Adaptive Tactile Grasping via Deep Reinforcement Learning.pdf,e73a3bfccf9ed4491e98f206e05b0bda76f007b04a4a7148bde9ea140c534a2e,MAT: Multi-Fingered Adaptive Tactile Grasping via Deep Reinforcement Learning,Bohan Wu; Iretiayo Akinola; Jacob Varley; Peter K. Allen,2019,Conference on Robot Learning (CoRL 2019),arXiv v2 (10 October 2019; CoRL 2019 paper with appendix),Relevant,Not applicable,batch_003/papers/2019-wu-mat-adaptive-tactile-grasping.md,completed,20,Not applicable,Selected PDF version only; no alternate version comparison,"초기 vision grasp 이후 실행 vision 없이 binary tactile, tactile-cell 위치, finger proprioception과 20-step history로 grasp를 수정한다. Binary 변환이 연속 force magnitude를 제거한 뒤 어떤 spatial/temporal 정보를 남기며 current object pose 부재를 어떻게 보완하는지, 그리고 simulator reward·termination과 runtime observation을 어떻게 분리하는지 직접 분석할 수 있다.",Not stated,1909.04787v2,"Title/Abstract/§I/§III-A–C/§IV-A, PDF pp.1–6","PDF pp.1–20 전체(본문, conclusion, Appendix A–D); observation/action/reward, ablation, real-robot results, limitations-relevant discussion을 확인하고 Figures 2/5 및 Tables 1–4 렌더 검토.",Research paper,86
B087,Wu 등 - 2025 - ViTacGen Robotic Pushing With Vision-to-Touch Generation.pdf,260918/Wu 등 - 2025 - ViTacGen Robotic Pushing With Vision-to-Touch Generation.pdf,f7a763f3654902bd13b66490914f812dab728f12000145c16cdd56c984560782,ViTacGen: Robotic Pushing With Vision-to-Touch Generation,Zhiyuan Wu; Yijiong Lin; Yongqiang Zhao; Xuyang Zhang; Zhuo Chen; Nathan F. Lepora; Shan Luo,2025,"IEEE Robotics and Automation Letters, Vol. 10, No. 11",IEEE publisher version (November 2025),Relevant,Not applicable,batch_003/papers/2025-wu-vitacgen-vision-to-touch-pushing.md,completed,8,Not applicable,Selected PDF version only; no alternate version comparison,"실제 tactile sensor 없이 RGB sequence에서 contact-depth representation을 생성해 pushing policy에 넣고 visual-only, tactile-only, visual+tactile 조건을 비교한다. 생성 tactile이 contact geometry를 보완하지만 local force와 fine geometry를 포함하지 않는다고 저자가 명시하여, tactile representation의 retained/removed information과 modality evidence를 직접 제공한다.",10.1109/LRA.2025.3621941,Not stated,"Title/Abstract/§I/§III/§IV-A, PDF pp.1–4","PDF pp.1–8 전체; architecture, observations, reward/success, modality baselines, ablations, real-robot tests, conclusion/limitations를 확인하고 Figures 2/5와 Tables II–VI 렌더 검토.",Research paper,87
B088,Xu 등 - 2024 - Robotized unplugging of a cylindrical peg press-fitted into a cylindrical hole.pdf,260918/Xu 등 - 2024 - Robotized unplugging of a cylindrical peg press-fitted into a cylindrical hole.pdf,b240190d1c63da8c7da3dd85562be243a8fa4eaf35e32f534dc003371afc6572,Robotized Unplugging of a Cylindrical Peg Press-Fitted into a Cylindrical Hole,Shuihao Xu; Duc Truong Pham; Shizhong Su,2024,Royal Society Open Science 11: 230872,Publisher PDF,Partially Relevant,Not applicable,batch_003/papers/2024-xu-robotized-unplugging-press-fit.md,completed,13,Not applicable,Selected PDF version only; no alternate version comparison,"Manipulation policy나 contact-localization 연구는 아니지만, wrist 6-axis F/T로 press-fit disassembly의 axial force와 torque를 측정하고 direct pull과 twist-pull을 비교한다. F/T가 global load를 정량화할 수 있으나 contact locality를 추정하지 않으며, 해석이 known cylindrical geometry·material·friction·quasi-static model에 의존하는 사례로 본 Review의 F/T-only 성립 조건에 제한적 근거를 제공한다.",10.1098/rsos.230872,Not stated,"Title/Abstract/§1/§2.1–2.3/§3.1, PDF pp.1–6","PDF pp.1–13 전체; theoretical/FEM/robot method, force–torque curves, controlled comparison, limitations and future work를 확인하고 Figures 5–8 및 Tables 3–5 렌더 검토.",Research paper,88
B089,Xue 등 - 2025 - Reactive Diffusion Policy Slow-Fast Visual-Tactile Policy Learning for Contact-Rich Manipulation.pdf,260918/Xue 등 - 2025 - Reactive Diffusion Policy Slow-Fast Visual-Tactile Policy Learning for Contact-Rich Manipulation.pdf,98e20028e85124b7bffe2dee9775ae4cc8bdee94f65a73841d1ea910ab5cb0ad,Reactive Diffusion Policy: Slow-Fast Visual-Tactile Policy Learning for Contact-Rich Manipulation,Han Xue; Jieji Ren; Wendi Chen; Gu Zhang; Yuan Fang; Guoying Gu; Huazhe Xu; Cewu Lu,2025,arXiv preprint,arXiv v3 (23 April 2025),Relevant,Not applicable,batch_003/papers/2025-xue-reactive-diffusion-policy.md,completed,18,Not applicable,Selected PDF version only; no alternate version comparison,"Optical tactile PCA feature와 joint-torque-derived 6-D TCP wrench를 동일 slow-fast imitation framework의 대체 sensory variants로 비교하며, vision-only/open-loop baselines와 contact perturbation 실험을 제공한다. Tactile이 spatial deformation modes를 남기는 방식, estimated wrench가 global force/torque를 제공하는 방식, high-frequency feedback의 역할과 evidence를 직접 비교할 수 있다.",Not stated,2503.02881v3,"Title/Abstract/§I/§III–V-A, PDF pp.1–8","PDF pp.1–18 전체(본문, limitations/future, Appendices A–I); sensor hardware, PCA representation, inference timing, modality/architecture ablations, failure cases와 user study를 확인하고 Figures 6/8/17–18 및 Tables II–VI 렌더 검토.",Research paper,89
B090,Yang 등 - 2025 - Disambiguate Gripper State in Grasp-Based Tasks Pseudo-Tactile as Feedback Enables Pure Simulation.pdf,260918/Yang 등 - 2025 - Disambiguate Gripper State in Grasp-Based Tasks Pseudo-Tactile as Feedback Enables Pure Simulation.pdf,1cfd60398be38d346147936354116d017f7fafdc026c6df0e917debdd1e49393,Disambiguate Gripper State in Grasp-Based Tasks: Pseudo-Tactile as Feedback Enables Pure Simulation Learning,Yifei Yang; Lu Chen; Zherui Song; Yenan Chen; Wentao Sun; Zhongxiang Zhou; Rong Xiong; Yue Wang,2025,2025 IEEE/RSJ International Conference on Intelligent Robots and Systems (IROS),IEEE publisher version,Relevant,Not applicable,batch_003/papers/2025-yang-pseudo-tactile-gripper-state.md,completed,8,Not applicable,Selected PDF version only; no alternate version comparison,"Force-controlled gripper의 equilibrium joint angle을 pseudo-tactile로 사용하여 ambiguous closed command를 reliable binary grasp-state feedback으로 바꾸고, 이 축약 정보가 vision-only policy의 부족분을 어떻게 보완하는지 직접 실험한다. Privileged object pose 기반 simulation expert와 runtime RGB/binary state를 분리하며 pseudo-tactile ablation을 제공한다.",10.1109/IROS60139.2025.11246513,Not stated,"Title/Abstract/§I/§III-A–C, PDF pp.1–5","PDF pp.1–8 전체; pseudo-tactile controller, privileged demonstration generation, admittance control, observation/action, three task results, ablations and conclusion을 확인하고 Figures 2–4와 Tables I–IV 렌더 검토.",Research paper,90
B091,Yang 등 - 2025 - SegDINO An Efficient Design for Medical and Natural Image Segmentation with DINO-V3.pdf,260918/Yang 등 - 2025 - SegDINO An Efficient Design for Medical and Natural Image Segmentation with DINO-V3.pdf,09ef848990d865ff90447d354c0d6dbe0ca292894e805c54138cb8224ccaf420,SegDINO: An Efficient Design for Medical and Natural Image Segmentation with DINO-V3,Sicheng Yang; Hongqiu Wang; Zhaohu Xing; Sixiang Chen; Lei Zhu,2025,arXiv preprint,arXiv v1 (1 September 2025),PASS,"Medical/natural image semantic segmentation 연구이며 robotic manipulation, tactile, force/F/T, contact sensing, partial-observation compensation을 다루지 않아 현재 Review 질문에 직접적인 근거를 제공하지 않는다.",Not applicable,passed,11,Not applicable,Selected arXiv v1 PDF; alternate versions not compared,"Title, abstract, Introduction, architecture overview와 input/output를 확인한 결과 핵심 기여는 frozen DINO-V3 features와 segmentation decoder의 효율성이다.",Not stated,2509.00833v1,"Title/Abstract/§1–3, PDF pp.1–4","Screening: Title, Abstract, Introduction, Related Work, Method overview and observation/input/output (PDF pp.1–4).",Research paper,91
B092,Yin 등 - 2023 - Rotating without Seeing Towards In-hand Dexterity through Touch.pdf,260918/Yin 등 - 2023 - Rotating without Seeing Towards In-hand Dexterity through Touch.pdf,7be48b3f9573efaf8d53b2abf94f23ae16532d6afa2408bc803bc14d4286a5ba,Rotating without Seeing: Towards In-hand Dexterity through Touch,Zhao-Heng Yin; Binghao Huang; Yuzhe Qin; Qifeng Chen; Xiaolong Wang,2023,arXiv preprint,arXiv v4 (27 March 2023),Relevant,Not applicable,batch_003/papers/2023-yin-rotating-without-seeing-touch-dexterity.md,completed,15,Not applicable,Selected PDF version only; no alternate version comparison,"Vision 없이 16개 FSR를 binary contact로 축약하고 proprioception, previous target, 4-frame history와 결합해 in-hand rotation을 수행한다. Binary/continuous/no-sensor, palm/fingertip sensor ablation과 asymmetric critic/object-GT reward 구조를 모두 제공하여 축약 tactile 보완과 training privileged information을 직접 비교할 수 있다.",Not stated,2303.10880v4,"Title/Abstract/§I/§III/§IV-A, PDF pp.1–5","PDF pp.1–15 전체(본문, conclusion, appendices); hardware/thresholding, actor/value observations, reward/domain randomization, simulation/real ablations, shape probe와 failure/future를 확인하고 Figures 3/6/9 및 Tables I–V 렌더 검토.",Research paper,92
B093,Yow 및 Ang - 2025 - SAVR Scooping Adaptation for Variable food properties via Reinforcement Learning.pdf,260918/Yow 및 Ang - 2025 - SAVR Scooping Adaptation for Variable food properties via Reinforcement Learning.pdf,677cb337aa99b570f790158662d5d107780dacb45e49b4d7a87798397c8c9a18,SAVR: Scooping Adaptation for Variable Food Properties via Reinforcement Learning,J-Anne Yow; Wei Tech Ang,2025,2025 IEEE/RSJ International Conference on Intelligent Robots and Systems (IROS),IEEE publisher version,Relevant,Not applicable,batch_003/papers/2025-yow-savr-variable-food-scooping.md,completed,7,Not applicable,Selected PDF version only; no alternate version comparison,"Wrist 6-axis F/T history와 segmented spoon/food image를 함께 사용해 current food properties를 직접 제공하지 않고 scooping trajectory를 조절하며 sensor-modality ablation을 제공한다. F/T가 interaction dynamics를, vision mask가 spoon/food spatial cue를 담당하는 실제 역할과 privileged simulator reward/data randomization을 구분할 수 있어 본 Review 질문에 직접 관련된다.",10.1109/IROS60139.2025.11247626,Not stated,"Title/Abstract/§I/§III/§IV-A–B, PDF pp.1–4","PDF pp.1–7 전체; state/action/reward, F/T history, DMP/controller, simulation randomization, real perception pipeline, modality ablations, limitations/future를 확인하고 Figures 1/3와 Tables II–V 렌더 검토.",Research paper,93
B094,Yu 등 - ForceVLA Enhancing VLA Models with a Force-aware MoE for Contact-rich Manipulation.pdf,260918/Yu 등 - ForceVLA Enhancing VLA Models with a Force-aware MoE for Contact-rich Manipulation.pdf,ccc9f854bd3d158f6f892b91294c7b1b16d48e79d69d27edb722b730452f1181,ForceVLA: Enhancing VLA Models with a Force-aware MoE for Contact-rich Manipulation,Jiawen Yu; Hairuo Liu; Qiaojun Yu; Jieji Ren; Ce Hao; Haitong Ding; Guangyu Huang; Guofan Huang; Yan Song; Panpan Cai; Wenqiang Zhang; Cewu Lu,2025,39th Conference on Neural Information Processing Systems (NeurIPS 2025),NeurIPS 2025 paper with supplementary material and checklist,Relevant,Not applicable,batch_003/papers/2025-yu-forcevla-force-aware-moe.md,completed,31,Not applicable,Selected PDF version only; no alternate version comparison,"Vision-language-action policy에 single-step 6-axis estimated TCP wrench를 명시적으로 통합하고 force/no-force, naive fusion, MoE fusion ablations과 visual occlusion/failure analysis를 제공한다. F/T가 current numeric object pose 없이 contact dynamics를 보완하는 역할과 global wrench의 source/precision 한계를 직접 분석할 수 있다.",Not stated,Not stated,"Title/Abstract/§1/§3/§4.1–4.3, PDF pp.1–6","PDF pp.1–31 전체(본문, limitations, supplementary experiments/failure analyses/checklist); observation/action, sensor/dataset, main/generalization/fusion/masking ablations과 failure cases를 확인하고 Figures 3/5/7 및 Tables 1–3/5–6 렌더 검토.",Research paper,94
B095,Zang 등 - 2025 - Augmenting robotic disassembly skill combining compliance control strategy with reinforcement learn.pdf,260918/Zang 등 - 2025 - Augmenting robotic disassembly skill combining compliance control strategy with reinforcement learn.pdf,fbb924fa91256d304cd67637795042a5e7724e7232a5d95c8b36b25b81dcaba1,Augmenting Robotic Disassembly Skill: Combining Compliance Control Strategy with Reinforcement Learning for Twist-Pulling Disassembly,Yue Zang; Xiazhen Xu; Yongquan Zhang; Amir M. Hajiyavand; Jiaqi Ye; Yongjing Wang,2025,2025 IEEE/RSJ International Conference on Intelligent Robots and Systems (IROS),IEEE publisher version,Relevant,Not applicable,batch_003/papers/2025-zang-compliance-rl-twist-pulling-disassembly.md,completed,6,Not applicable,Selected PDF version only; no alternate version comparison,"Hidden cap–shaft geometry와 misalignment 상황에서 flange force/torque와 TCP pose만으로 rotation center를 탐색하고 impedance twist-pull을 수행한다. Object pose/geometry 없이 wrench가 policy observation·reward·compliance에 쓰이는 범위, 이를 성립시키는 known axis/grasp/controller assumptions와 controlled strategy comparisons를 제공한다.",10.1109/IROS60139.2025.11246037,Not stated,"Title/Abstract/§I/§III/§IV-A–B, PDF pp.1–4","PDF pp.1–6 전체; mechanical assumptions, impedance equations, RL state/action/reward, robot sensor, safety/termination, strategy/transfer/compliance/action-space comparisons, limitations/future를 확인하고 Figures 4–6와 Tables I–IV 렌더 검토.",Research paper,95
B096,Zang 등 - 2026 - Twist-pull as an execution skill primitive for robotic disassembly Safety-aware skill augmentation.pdf,260918/Zang 등 - 2026 - Twist-pull as an execution skill primitive for robotic disassembly Safety-aware skill augmentation.pdf,7aa98be63d0d9e20ec58b0c39b370e14e55620e3fea46435e41e2878296a69ce,Twist-pull as an execution skill primitive for robotic disassembly: Safety-aware skill augmentation under contact uncertainty,Yue Zang; Xiazhen Xu; Yongquan Zhang; Fan Zhang; Wupeng Deng; Amir M. Hajiyavand; Yongjing Wang,2026,"Journal of Manufacturing Systems 86, 22–37",Publisher PDF,Relevant,Not applicable,batch_003/papers/2026-zang-twist-pull-safety-aware-disassembly.md,completed,16,Not applicable,Selected PDF version only; no alternate version comparison,"Hidden internal contacts and missing explicit contact state are handled with a 6D wrench, vision-derived object progress, history, compliant control and structured RL. It directly shows what information is needed when end-effector pose alone is insufficient and documents wrench distortion under misalignment.",10.1016/j.jmsy.2026.02.020,Not stated,"Abstract and §1, PDF pp.1–2; observation/action §4.1–4.2, pp.5–7","PDF pp.1–16 전체: abstract, introduction, formulation, controller, observation/action/reward, architecture, experiments, ablations, discussion, conclusion, appendix. Key pages 5, 8, 11, 14 rendered.",Research paper,96
B097,Zhai 및 Wang - 2023 - PEANUT Predicting and Navigating to Unseen Targets.pdf,260918/Zhai 및 Wang - 2023 - PEANUT Predicting and Navigating to Unseen Targets.pdf,51ef1f2a3aa92cbb05ada13d78a5d40314423859c1b7248cea3616e27a2a0359,PEANUT: Predicting and Navigating to Unseen Targets,Albert J. Zhai; Shenlong Wang,2023,IEEE/CVF International Conference on Computer Vision (ICCV),CVF open-access accepted/publisher-equivalent version,PASS,"Vision-only ObjectNav 연구이며 tactile, F/T, contact-state inference, manipulation policy의 관측 보완과 직접 연결되는 분석 근거가 없어 PASS.",Not applicable,passed,10,Not applicable,Single selected file; version identity pending screening,"RGB-D, agent pose, semantic map을 이용하는 ObjectGoal navigation 연구로, tactile·F/T·contact-rich manipulation 또는 접촉 정보 보완 구조를 다루지 않는다.",Not stated,Not stated,"Title, Abstract, Introduction, observation/task description; PDF pp.1–2","Screening: title, abstract, introduction, task/observation description; PDF pp.1–2.",Research paper,97
B098,Zhang 등 - 2021 - Learning Insertion Primitives with Discrete-Continuous Hybrid Action Space for Robotic Assembly Task.pdf,260918/Zhang 등 - 2021 - Learning Insertion Primitives with Discrete-Continuous Hybrid Action Space for Robotic Assembly Task.pdf,7f83be243717d5604186dd6daa8e92aa790631d594e2ccce7ef7a6c218cd98e1,Learning Insertion Primitives with Discrete-Continuous Hybrid Action Space for Robotic Assembly Tasks,Xiang Zhang; Shiyu Jin; Changhao Wang; Xinghao Zhu; Masayoshi Tomizuka,2021,arXiv:2110.12618,"arXiv v1, 25 Oct 2021",Relevant,Not applicable,batch_003/papers/2021-zhang-parameterized-insertion-primitives.md,completed,7,Not applicable,Selected PDF version only; no alternate version comparison,The paper exposes how current hole pose uncertainty is handled without vision: nominal relative pose and wrist wrench feed an RL policy whose force-thresholded primitives react to contact. It directly separates force-based contact detection from true contact localization and also exposes training-time pose GT in reward/termination.,Not stated,2110.12618v1,"Abstract, §1 and Fig.1, PDF pp.1–2; state/action §III–IV, pp.3–5","PDF pp.1–7 전체: abstract, related formulation, primitives, algorithm, state/reward, simulation, real experiments, conclusion. Key pages 3, 5, 6 rendered.",Research paper,98
B099,Zhang 등 - 2021 - Learning Variable Impedance Control via Inverse Reinforcement Learning for Force-Related Tasks.pdf,260918/Zhang 등 - 2021 - Learning Variable Impedance Control via Inverse Reinforcement Learning for Force-Related Tasks.pdf,5b553563ff093de1450944b05f5f324759a69ea4b6751a13306ed3a54dca4cf2,Learning Variable Impedance Control via Inverse Reinforcement Learning for Force-Related Tasks,Xiang Zhang; Liting Sun; Zhian Kuang; Masayoshi Tomizuka,2021,"IEEE Robotics and Automation Letters 6(2), 2225–2232",IEEE Xplore publisher PDF,Partially Relevant,Not applicable,batch_003/papers/2021-zhang-variable-impedance-airl.md,completed,8,Not applicable,Selected PDF version only; no alternate version comparison,"The paper does not use tactile and does not infer contact locality, but it separates wrist F/T used for demonstration collection from execution observations, and compares force-action versus impedance-gain representations and short history. This is useful evidence about when force information is training-only and about force-action transfer limitations.",10.1109/LRA.2021.3061374,Not stated,"Abstract and §I, PDF p.1; controller/observation §III–IV, pp.3–4","PDF pp.1–8 전체: introduction, related work, controller, AIRL, observations/actions, simulation and real experiments, conclusion/limitations. Key pages 3, 4, 7, 8 rendered.",Research paper,99
B100,Zhang 등 - 2024 - A residual reinforcement learning method for robotic assembly using visual and force information.pdf,260918/Zhang 등 - 2024 - A residual reinforcement learning method for robotic assembly using visual and force information.pdf,861e2ce7fee3a3c2e59852e8e90bb9630063eaa176739dbf8398db962d1fca19,A residual reinforcement learning method for robotic assembly using visual and force information,Zhuangzhuang Zhang; Yizhao Wang; Zhinan Zhang; Lihui Wang; Huang Huang; Qixin Cao,2024,"Journal of Manufacturing Systems 72, 245–262",Publisher PDF,Relevant,Not applicable,batch_003/papers/2024-zhang-residual-rl-visual-force-assembly.md,completed,18,Not applicable,Selected PDF version only; no alternate version comparison,"The paper explicitly assigns global relative-pose search to vision and local contact handling to wrist F/T, while keeping force out of the learned actor and putting it in a controller. It includes modality/controller ablations and exposes simulation GT used in the staged reward.",10.1016/j.jmsy.2023.11.008,Not stated,"Abstract and §1, PDF pp.1–2; problem/method observation §3–4, pp.4–7","PDF pp.1–18 전체: abstract, related work, MDP, visual encoder, force controller, PPO, reward/safety, simulation/real setup, ablations, discussion, conclusion. Key pages 4, 7, 11, 15, 17 rendered.",Research paper,100
B101,Zhang 등 - 2024 - SRL-VIC A Variable Stiffness-Based Safe Reinforcement Learning for Contact-Rich Robotic Tasks.pdf,260918/Zhang 등 - 2024 - SRL-VIC A Variable Stiffness-Based Safe Reinforcement Learning for Contact-Rich Robotic Tasks.pdf,3c2dfc6bb3b833492ad46883b956ed75a2a0b51c5e4bf54c38b2f5e26ef3933d,SRL-VIC: A Variable Stiffness-based Safe Reinforcement Learning for Contact-rich Robotic Tasks,Heng Zhang; Gokhan Solak; Gustavo J. G. Lahr; Arash Ajoudani,2024,IEEE Robotics and Automation Letters (accepted preprint),Accepted preprint / arXiv v1,Relevant,Not applicable,batch_003/papers/2024-zhang-srl-vic-contact-maze.md,completed,8,Not applicable,Selected PDF version only; no alternate version comparison,"This blind contact task removes vision and combines net F/T, proprioceptive position, learned safety risk and impedance modulation. It directly shows that F/T alone does not supply environment geometry or contact locality, and uses controlled component ablations to test how force feedback and controller priors compensate.",Not stated,2406.13744v1,"Abstract and §I, PDF pp.1–2; state/action/reward §III-B, pp.3–4","PDF pp.1–8 전체: introduction, related work, VIC, CMDP state/action/reward, offline/online training, simulation/real experiments, conclusion. Key pages 3, 4, 6, 8 rendered.",Research paper,101
B102,Zhang 등 - 2025 - The Role of Tactile Sensing for Learning Reach and Grasp.pdf,260918/Zhang 등 - 2025 - The Role of Tactile Sensing for Learning Reach and Grasp.pdf,1ef0c13a3811f5228d4ca839620271751947f84d4bdbf5d5a33df7f443f3535c,The Role of Tactile Sensing for Learning Reach and Grasp,Boya Zhang; Iris Andrussow; Andreas Zell; Georg Martius,2025,IEEE International Conference on Robotics and Automation (ICRA),IEEE Xplore publisher PDF,Relevant,Not applicable,batch_003/papers/2025-zhang-role-tactile-reach-grasp.md,completed,8,Not applicable,Selected PDF version only; no alternate version comparison,"This is a direct representation-ablation study of binary, magnitude, vector and regional tactile signals with vision, proprioception and history. It provides unusually strong evidence about what reduced tactile removes and what remains useful when visual object pose is imperfect.",10.1109/ICRA55743.2025.11127409,Not stated,"Abstract/Introduction, PDF pp.1–2; state/reward and tactile model §III, pp.2–3","PDF pp.1–8 전체: introduction, related work, RL/state/reward, tactile approximation, all representation/history/area/generalization/sim-to-real experiments, discussion/limitations. Key pages 3, 5, 6, 7 rendered.",Research paper,102
B103,Zhang 등 - 2026 - Deep Learning-Driven Segmentation of Unseen Objects in Indoor Robotic Environments 1.pdf,260918/Zhang 등 - 2026 - Deep Learning-Driven Segmentation of Unseen Objects in Indoor Robotic Environments 1.pdf,7c4f6a6918e0a1a4b9f40f27fb605410e7274609e7f38666bfa8979158dd61a4,A Unified Approach for Motion and Force Control of Robot Manipulators: The Operational Space Formulation,Oussama Khatib,1987,"IEEE Journal of Robotics and Automation RA-3(1), 43–53",English publisher PDF; exact byte-identical copy of B032 despite mismatched local filename,duplicate,Not applicable,batch_002/papers/1987-khatib-operational-space-motion-force.md,duplicate,11,B032,Exact SHA-256 duplicate of B032; filename incorrectly suggests an unrelated 2026 segmentation paper.,B032와 SHA-256가 완전히 같아 동일 파일로 판정했다. B032의 대표 분석 파일을 사용하며 별도 Markdown을 만들지 않는다.,Not stated,Not applicable,SHA-256 comparison and PDF p.1 title/author/content check,Duplicate verification: SHA-256 and first-page metadata/content.,Research paper,103
B104,Zhang 등 - 2026 - Deep Learning-Driven Segmentation of Unseen Objects in Indoor Robotic Environments.pdf,260918/Zhang 등 - 2026 - Deep Learning-Driven Segmentation of Unseen Objects in Indoor Robotic Environments.pdf,f8d22ecea4c918cb3820ea2e06e1da1bf91a00aeb5c12a905de390bb80d2c885,Deep Learning-Driven Segmentation of Unseen Objects in Indoor Robotic Environments,Ying Zhang; Maoliang Yin; Qiao Zhang; Cui-Hua Zhang; Simon X. Yang; Zhijun Li; Changchun Hua,2026,IEEE Transactions on Multimedia,Accepted author's version; DOI metadata present,PASS,"시각 기반 unseen-object segmentation survey로, tactile·F/T·partial-observation contact manipulation의 실행 관측과 직접적인 근거를 제공하지 않아 PASS.",Not applicable,passed,14,Not applicable,Single selected file; version identity pending screening,Unseen Object Instance Segmentation 방법과 데이터셋을 정리한 perception survey이며 tactile/F/T가 manipulation 실행 중 부족한 object information을 어떻게 보완하는지는 분석하지 않는다.,10.1109/TMM.2026.3673587,Not stated,"Title, Abstract, Introduction, survey scope; PDF pp.1–2","Screening: title, abstract, introduction, scope and modality description; PDF pp.1–2.",Research paper,104
B105,Zwiener 등 - 2019 - ARMCL ARM Contact point Localization via Monte Carlo Localization.pdf,260918/Zwiener 등 - 2019 - ARMCL ARM Contact point Localization via Monte Carlo Localization.pdf,be0a61b1a1e88864e0be0a6900d0afe4e282dd9c9e7695c85cf10471e157cd36,ARMCL: ARM Contact point Localization via Monte Carlo Localization,Adrian Zwiener; Richard Hanten; Cornelia Schulz; Andreas Zell,2019,IEEE/RSJ International Conference on Intelligent Robots and Systems (IROS),IEEE Xplore publisher PDF,Relevant,Not applicable,batch_003/papers/2019-zwiener-armcl-contact-localization.md,completed,7,Not applicable,Selected PDF version only; no alternate version comparison,"This paper directly answers how far joint-torque-derived wrench information can recover contact locality and which extra constraints make that possible. It explicitly analyzes non-uniqueness, multiple contacts, tangential forces, known geometry and model-error limitations.",Not stated,Not stated,"Abstract and §I–II, PDF pp.1–2; estimator assumptions §III, pp.2–4","PDF pp.1–7 전체: introduction/related work, residual observer, mesh and particle models, assumptions, multi-contact discussion, simulation/real comparisons, discussion/conclusion. Key pages 3, 5, 7 rendered.",Research paper,105
B106,"Šimundić 등 - 2026 - Framework for Robot Door Opening Based on Visual, Force, and Tactile Integration.pdf","260918/Šimundić 등 - 2026 - Framework for Robot Door Opening Based on Visual, Force, and Tactile Integration.pdf",bd087fc82028a8d1b677ef51dcaaecc814c89d493347214d020002ff04e8f227,"Framework for Robot Door Opening Based on Visual, Force, and Tactile Integration",Valentin Šimundić; Luka Petrović; Matej Džijan; Robert Cupec,2026,"IEEE Access 14, 11110–11128",IEEE Access publisher PDF,Relevant,Not applicable,batch_003/papers/2026-simundic-visual-force-tactile-door-opening.md,completed,19,Not applicable,Selected PDF version only; no alternate version comparison,"This paper gives an explicit F/T–tactile division: wrist F/T detects unexpected collisions globally, while a fingertip tactile sensor verifies local door-leaf contact and contact loss. Failure events and pose/history then correct an initially vision-derived object model, while the authors directly state that exact contact locality is still unknown.",10.1109/ACCESS.2026.3655617,Not stated,"Abstract/Introduction, PDF pp.1–2; finite-state sensor roles §III, pp.3–5","PDF pp.1–19 전체: introduction/related work, sensor-state machine, camera/contact correction, planning, implementation, simulation/real experiments, comparison, limitations/future work, appendices. Key pages 4, 12, 14, 17 rendered.",Research paper,106
