paper_id,title,authors,year,venue,relevance_class,relevance_reason,task,method_category,algorithm,robot,action,low_level_controller,vision_used,object_position_condition,object_orientation_condition,object_pose_source,object_shape_condition,object_shape_source,object_physical_parameters,tactile_used,tactile_sensor,tactile_raw,tactile_preprocessing,tactile_representation,tactile_retained_information,tactile_removed_information,ft_used,ft_source,ft_representation,ft_role,proprioception_used,history_used,previous_action_used,state_estimator,other_observation,missing_object_information,supplementary_information,supplementary_information_role,actor_privileged_gt,critic_privileged_gt,reward_gt,termination_gt,curriculum_gt,ft_contact_localization,ft_required_assumptions,ft_reported_ambiguity,tactile_added_to_ft_reason,evidence_type,evidence_summary,evidence_location,author_limitation,author_future_work,analysis_note_path
B016,"Coarse-to-Fine Robotic Pushing Using Touch, Vision and Proprioception",Bowen Deng; Yijiong Lin; Max Yang; Nathan F. Lepora,2025,IEEE Robotics and Automation Letters 10(2):1545–1552,Relevant,물체 local contact pose를 3개 성분으로 축약한 tactile estimator와 proprioception을 결합해 pushing한다. 이 표현에서 없는 물체 전체 위치·방향 및 초기 접근 정보는 vision의 단계별 재위치 추정과 bounding rectangle로 보완한다. Multi-stage와 single-stage 비교가 있지만 tactile-only/vision-only 센서 제거 실험과는 다르다.,Planar pushing to target position and orientation; packing objects,State Estimation + Controller; tactile servoing; rule-based multi-stage,Not applicable: non-RL,Dobot MG400; TacTip; Realsense D435,EEF position updates; discrete pushes; multi-stage target-bearing control,Position control; tactile servo plus target alignment; detailed gains Not stated,Yes: continuous coarse localization; reused before final push; ArUco for evaluation,기타,기타,Phase-dependent visual bottleneck pose; tactile local contact depth/normal; no continuously supplied full object pose during fine push,Initial,Visual minimum bounding rectangle dimensions/axis; no full mesh,No controller mass/friction input stated,Yes,TacTip optical tactile sensor,Real tactile image; simulated 256×256 contact depth image,Paired-image GAN real-to-sim translation; PoseNet,3-component surface contact pose: normal depth and two orientation angles,Local contact depth; surface normal orientation,Uniform-surface tangential position unobservable (explicit); full pressure/shear map not in 3D representation,No,No,Not applicable,Not applicable,Yes: EEF pose for target alignment,Not stated,Not stated,Visual bottleneck relative pose; tactile contact PoseNet,Target position/orientation; stage; rectangle dimensions; evaluation-only ArUco,No tactile tangential location/full global pose; no orientation target control from single-stage pushing,Vision; EEF proprioception; goal; limited shape; multi-stage relocalization,Initial contact localization; goal alignment; orientation/position control via staged pushes,Not applicable: non-RL,Not applicable: non-RL,Not applicable: non-RL,Not applicable: non-RL; stage termination uses EEF constraints/geometry,Not applicable: non-RL; supervised pose labels/simulated contact images/paired GAN images,Not applicable,Not applicable,Not applicable; not directly discussed,Not applicable,Controlled comparison; Author explanation only; Failure analysis,"Multi-stage vs single-stage (30 trials/object); real cuboid x5.4→2.4 mm and y6.9→2.9 mm, p<0.0001; no independent sensor ablation","§III-A2, p.3; §IV, pp.5–6; Table III","Slow discrete pushes; accuracy effect unresolved; preprocessing fails some shapes (§V, pp.7–8)","Continuous control; 3D point cloud/3D manipulation; dynamic tasks (§V, pp.7–8)",papers/2025-deng-coarse-to-fine-robotic-pushing.md
B019,Force Policy: Learning Hybrid Force-Position Control Policy under Interaction Frame for Contact-Rich Manipulation,Hongjie Fang; Shirun Tang; Mingyu Mei; Haoxiang Qin; Zihao He; Jingjing Chen; Ying Feng; Chenxi Wang; Wanxi Liu; Zaixing He; Cewu Lu; Shiquan Wang,2026,Not stated (arXiv preprint),Relevant,"손목/플랜지 F/T와 운동 이력으로 접촉 제어 좌표계와 힘·위치 제어 축을 구성한다. 동일한 힘·운동 신호만으로 마찰과 탄성 변형을 구별하기 어려워 시각·과업 의미 정보를 학습 라벨 생성에 추가한다. F/T의 정보적 한계와 추가 가정, 시각과 힘의 실행 역할을 직접 비교할 수 있다.",Pushing and flipping; EV charger insertion; sticker application,Imitation Learning; Hybrid force-position control,RISE-2 global policy; MIP local policy; GRU; FiLM,Flexiv Rizon 4; GN02 gripper,IF-relative EEF pose; 6D reference wrench; 6-axis force/position mask,IF hybrid force-position control; contact-aware scheduler,Yes; global point cloud and wrist RGB during execution,기타,기타,Online visual features; no explicit object-pose vector identified,기타,Current scene point cloud; wrist RGB; no explicit CAD/mesh,No explicit numeric physics input; offline semantic regime labels,No,Not applicable,Not applicable,Not applicable,Not applicable,Not applicable,Not applicable,Yes,Flange 6-axis F/T sensor,Gravity-compensated 6D wrench; IF wrench; history,Policy input; frame supervision; hybrid force regulation; contact routing,Yes; EEF pose/twist history,Yes; pose/wrench GRU; scheduler trajectory history,Not stated as policy input; scheduler uses executed trajectory,Interaction frame orientation/subspace; no exact contact-point estimate,Online wrist RGB; global latent; offline initial image/task semantics; history lengths Not stated,Exact contact point/full contact structure; explicit current object pose,F/T; EEF motion history; online vision; offline semantic prior,Infer control subspaces; disambiguate friction/stiffness labels; global visual guidance,Not applicable; imitation learning,Not applicable,Not applicable,Not applicable,Not applicable; real teleoperation plus semantic/analytic label supervision,No; IF origin fixed at EEF; orientation/subspace only,Local conservative elasticity; invariant contact topology; symmetry; gravity compensation; negligible demo inertia; dominant regime prior,Friction vs stiffness power ambiguity; wrench-only axis bias; exact contact point not estimated,Not applicable,Representation ablation; Controlled comparison; Failure analysis,Hard sticker IF labels 50% wrench-only vs90% proposed; entire-system comparisons confounded by scheduler/control changes,Table II p.7; Fig.6 p.8; Table V p.19; Supplement V-E p.20,"이론은 접촉 topology가 유지되는 국소 conservative response를 전제로 하며 fracture 등 급격한 비보존 전이는 다루지 않는다. 검증 범위는 주로 surface contact와 insertion이다. 정확한 contact point/완전한 contact structure는 추정하지 않는다. EV charger의 약160 N 삽입은 로봇 torque limit 근처여서 작은 예측 오차에도 보호 정지가 발생한다. (§VI, pp.8–9; Supplement V-E, p.20)","더 복잡한 접촉 과업, contact structure를 모델링한 torque control, connector를 당겨 체결을 확인하는 것과 같은 high-level force-driven decision을 향후 방향으로 명시한다. Saturation 근처 force control의 정밀화도 남아 있다. (§VI, p.9; Supplement V-E, p.20)",papers/2026-fang-force-policy.md
B020,Learning Visuotactile Estimation and Control for Non-prehensile Manipulation under Occlusions,Juan Del Aguila Ferrandis; João Moura; Sethu Vijayakumar,2024,8th Conference on Robot Learning (CoRL 2024),Relevant,가려진 물체의 pose를 force·EEF pose·과거 시각 정보로 추정하고 불확실성까지 RL 정책에 제공한다. Privileged policy를 이용한 데이터 생성과 실제 배포 정책 입력이 명확히 다르다. 제목의 tactile은 여기서 wrist F/T 기반 force feedback이며 별도 촉각 배열과 혼동하지 않아야 한다.,Planar non-prehensile pushing under occlusions,State estimation; Reinforcement Learning,PPO; LSTM Bayesian estimator; MC dropout,KUKA iiwa; spherical pusher,Discrete x/y pusher velocity;11 bins each;15Hz,OpTaS velocity-to-joint configuration,Yes; onboard AprilTag; stale during occlusion,Tracking,Tracking,Visual pose plus recurrent force/proprioceptive state estimator; planar x/y/yaw,기타,Fixed cuboid/pusher geometry in training; no explicit geometry channel,No runtime parameters; mass/friction/restitution randomized,No separate tactile sensor; paper calls force sensing tactile,Not applicable; wrist F/T recorded separately,Not applicable,Not applicable,Not applicable; binary flag denotes occlusion,Not applicable,Not applicable,Yes,Wrist F/T,EEF force; clip±10N and normalize; exact axes/moments Not stated,Object-pose estimation; policy input,Yes; EEF pose,Yes; estimator LSTM; actor/value LSTM,Not stated,Planar object pose plus aleatoric/epistemic uncertainty,Occlusion flag; target input encoding Not stated,Visual pose frozen during occlusion,EEF force; EEF pose; last visual pose; recurrent state; uncertainty,Update object-pose estimate; adapt control to estimator uncertainty,Deployment No; data-generation teacher Yes,Not stated; recurrent value architecture only,Yes; simulator object pose/target distance and pusher velocity,Yes; target/workspace states; time horizon,Yes; privileged-policy data generation; GT pose supervision,Not direct; object-pose estimation with visual/proprioceptive history,Fixed object/pusher geometry; training distribution coverage; EEF pose; previous vision,Pusher dynamics produce noncontact force; multi-contact ambiguity not discussed,Not applicable,Input ablation; Representation ablation; Controlled comparison; Author explanation only,"Uncertainty-aware94%, no uncertainty input92%, MSE estimator64%; no pure force-removal ablation",Table2 p.6; Fig2–4 p.7; hardware p.8,"학습형 estimator는 방대한 interaction data와 충분한 상태 공간 coverage가 필요하다. Pusher/object geometry를 고정했고 다양한 기하 및 다른 non-prehensile 과업 일반화는 검증하지 않았다. Pusher dynamics가 force measurement에 주는 영향을 simulation에서 생략했다. 추정 uncertainty 자체의 정량적 calibration 평가는 하지 않았다. (§7, p.8)","Pusher dynamics를 학습에 포함하고 uncertainty로 실패 예측, fallback recovery, estimator 데이터 coverage 확대를 수행할 수 있다고 명시한다. (§6–7, p.8)",papers/2024-del-aguila-ferrandis-visuotactile-estimation-occlusions.md
B021,FILIC: Dual-Loop Force-Guided Imitation Learning with Impedance Torque Control for Contact-Rich Manipulation Tasks,Haizhou Ge; Yufei Jia; Zheng Li; Yue Li; Zhixing Chen; Lu Shi; Lei Han; Ruqi Huang; Guyue Zhou,2026,Not stated (arXiv preprint),Relevant,관절 토크를 digital twin과 Jacobian으로 보정·변환한 EEF wrench의 역할을 조사한다. 동일 시각·EEF position 입력에서 raw joint torque와 estimated force를 비교하므로 접촉 정보 표현의 유용성에 직접적인 근거를 제공한다. 독립 wrist F/T를 사용한 방법과 명확히 구별할 수 있다.,Peg/adapter insertion; emergency-stop operation; clamp fixation; cap tightening,Imitation Learning; Impedance control; Model-based wrench estimation,ACT-style Transformer; digital twin Jacobian inversion,6-DOF AIRBOT Play,Cartesian target-pose chunk;25Hz,IK; fixed joint impedance;2kHz torque;250Hz dynamics compensation,Yes; two online RGB streams,기타,기타,Implicit RGB; no explicit object-pose input,기타,RGB/task demonstrations; fixed simulated peg/hole,No explicit object parameters; robot dynamics model required,No,Not applicable,Not applicable,Not applicable,Not applicable; demonstrator vibration is not robot sensing,Not applicable,Not applicable,Yes; estimated wrench,Joint torque and digital twin; not wrist F/T,Estimated six-axis EEF wrench via Jacobian-transpose pseudoinverse,Policy contact cue; demonstrator force feedback,Yes; policy EEF pose; estimator/controller q/v/torque,Action chunk temporal ensemble; sensor-history length Not stated,Not stated,Digital-twin external EEF wrench estimator,Two RGB images; training-only CVAE latent from action sequence,Contact/tightness/state cues weak in vision-position alone,Estimated EEF wrench,Task-aligned force/torque cues for contact correction and completion,Not applicable; imitation learning,Not applicable,Not applicable,Not applicable,Not applicable; demonstration and CVAE supervision,"No; known EEF wrench mapping, not contact-point localization",Robot model/Jacobian; synchronized dynamics; EEF external wrench; quasi-static impedance,Model inaccuracies; noise/friction/compliance; contact-locality ambiguity not directly discussed,Not applicable,Input ablation; Representation ablation; Controlled comparison; Failure analysis,Simulation68/80/90% for position/JT/estimated force; four real tasks favor estimated wrench,TablesII–III p.7; Fig4 p.6,"Force reconstruction은 modeled robot dynamics에 의존하고 fixed impedance를 사용한다. Controller는 quasi-static 근사에 따라 inertial term을 생략한다. (§IV-A–B, pp.4–5; §VI, p.7)","Variable impedance를 통한 dynamic compliance, modeling error에 강한 force estimation, implicit force reasoning을 제시한다. (§VI, p.7)",papers/2026-ge-filic.md
B023,Proprioceptive Sensor-Based Simultaneous Multi-Contact Point Localization and Force Identification for Robotic Arms,Seo Wook Han; Min Jun Kim,2023,Not stated (arXiv preprint),Relevant,"조작 정책은 아니지만 joint torque와 base F/T를 이용한 접촉점·접촉력 추정의 성립 조건과 모호성을 직접 분석한다. Robot surface mesh, dynamics, 순차적 점 접촉 등의 추가 제약을 요구하며 base F/T를 더해도 singularity가 남는 실패 사례를 제시한다.",Multi-contact point localization and force identification,State Estimation; Model-based; Optimization,MCP-EP particle filter; friction-constrained QP,Simulated7DOF Franka Emika Panda,Not applicable; estimator output contact points/forces,Not applicable,No,기타,기타,Not applicable; robot contact estimation,기타,Known robot-link surface mesh and normals; not external object geometry,Robot dynamics; friction cone; coefficient Not stated,No,Not applicable,Not applicable,Not applicable,Not applicable,Not applicable,Not applicable,Yes,Base6-axis F/T plus JTS; not wrist,Dynamics-compensated base wrench plus external joint torques,Contact localization; force identification; contact-count estimation,Yes; joint q/qdot/torque,Yes; momentum observer and particle belief,Not applicable,Particle-filter contact points and forces,Robot mesh; kinematic/dynamic model; surface normals,Unmeasured robot-surface contact locations and forces,Base wrench; JTS; robot geometry/dynamics; friction cone; sequential-contact prior,Constrain admissible contact hypotheses; increase sensing DOF,Not applicable,Not applicable,Not applicable,Not applicable; evaluation uses true contact locations,Not applicable; simulation evaluation force/location GT,Yes; on known robot surface with JTS/baseFT fusion,Known robot mesh/dynamics; point contact without moment; no pulling; friction cone; ≤1contact/link; sequential onset/convergence,Distinct point/force pairs can have identical measurements; dual-contact local minima,Not applicable,Controlled comparison; Failure analysis; Author explanation only,Single/dual/triple99.96/96.70/81.63%; singularities remain; no matched baseFT-removal ablation,TableI p.5; Fig5–6/TableIII p.6; sensing-DOF analysis p.3,"동일 측정으로 설명되는 다른 contact-force pair의 singularity가 남는다. Dual contact에서는 정확히 같지 않아도 유사한 측정을 설명하는 local minima가 주 실패 원인이다. Offline mesh distance는 link 내부에서만 유효하여 exploration particles가 필요하다. Point contact·한 link당1접촉·순차 발생 가정 아래 검증했다. (§II–IV, pp.2–6)","원문에서 명시적인 향후 연구 계획을 확인하지 못했다. (§V Conclusion, p.6)",papers/2023-han-proprioceptive-multi-contact-localization.md
B025,Visuotactile-RL: Learning Multimodal Manipulation Policies with Deep Reinforcement Learning,Johanna Hansen; Francois Hogan; Dmitriy Rivkin; David Meger; Michael Jenkin; Gregory Dudek,2022,"IEEE ICRA 2022, pp.8298–8304",Relevant,시각·촉각·proprioception 조합과 tactile gate/augmentation을 비교하여 각 modality가 어떤 조건에서 유용한지 조사한다. Binary contact gate는 존재하지만 촉각 자체는 연속 depth image여서 축약 촉각과 혼동하지 않아야 한다. 시각 교란 및 물성 변화 실험이 추가 센서 역할의 근거를 제공한다.,Texture contact reaching; door opening; tactile grasp/lift,Reinforcement Learning,MP-DrQv2; DDPG-based; DrTD3 baseline,Simulated Panda; palm or two-finger gripper,EEF pose; exact component encoding Not stated,OSC20Hz,Yes in main combination; no in tactile-proprio baseline,기타,기타,Implicit online RGB; no explicit object-pose vector,기타,RGB/contact geometry images; task-specific priors,No actor parameters; randomized friction/weight,Yes,Simulated optical tactile; palm1 or fingertip2,Contact geometry depth image,Depth clipping;3frame stack;random shift;contact hard gate;CNN,Continuous depth-image latent; not binary tactile,Spatial contact location/shape/depth; temporal changes,Outside-contact geometry absent; latent information loss undetermined; no calibrated shear/force output,No,Not applicable,Not applicable,Not applicable,Yes; joint position/velocity,Yes;3frames,Not stated,No explicit estimator,Goal texture channel Not stated; binary gate is not binary tactile,Visual-invisible contact texture; intermittent tactile; perturbed vision/physics,RGB; tactile depth; joint state;3frame history,Vision for approach; tactile contact cues; multimodal robustness,No explicit object GT; pixels and proprioception,No separate privileged input reported; shared core plus action,Partly stated; simulator contact/benchmark reward; full GT channels Not stated,Not stated; success criteria are not termination implementation,Yes; simulator pose/geometry/physics randomization,Not applicable,Not applicable,Not applicable,Not applicable,Sensor combination ablation; Representation ablation; Controlled comparison,"Sensor/gating/augmentation comparison; cumulative rewards, not success rates; simulation only",TableI p.6; Fig5–7 p.5,"Tactile은 간헐적이고 학습 초기에 드물어 multimodal 모델이 vision에 과도하게 의존할 수 있다고 지적한다. Tactile image shift는 원래 contact relative state를 보존하지 않는다. Visual degradation은 tactile 활용을 늘려도 전체 성능을 낮출 수 있고 tactile gating 이득은 task에 따라 다르다. (§III-A/IV/VI, pp.3–6)",Tactile signal 존재에 따라 조건부 camera degradation을 적용하는 방향을 추가 연구 대상으로 명시한다. 장기 목표는 multimodal contact-rich manipulation control이다. (§II p.2; §VI.3 p.6),papers/2022-hansen-visuotactile-rl.md
B026,Force Push: Robust Single-Point Pushing With Force Feedback,Adam Heins; Angela P. Schoellig,2024,"IEEE Robotics and Automation Letters 9(8), pp.6856–6863",Relevant,"Current object pose와 물체 모델 없이 wrist F/T planar force로 single-point pushing을 제어한다. 다만 robot localization, EEF상 알려진 contact point, approximate initial object position, convex·quasistatic 단일 물체라는 제약이 있으므로 force-only라는 표현의 범위를 정확히 분리할 수 있다.",Single-point planar pushing; straight/curved path; obstacle contact,Rule-based feedback; Admittance; Optimization,Force-angle feedback; IK-QP,UR10 fixed arm on Ridgeback omnidirectional base,Planar EEF velocity,QP IK to mobile-base velocities; admittance,No object vision in controller; Vicon robot localization; slider Vicon evaluation only,Initial,미제공,Approximate initial position only; source Not stated,미제공,No explicit geometry; convex non-articulated-body prior,Unknown mass/CoM/inertia/friction/pressure distribution,No,Not applicable,Not applicable,Not applicable,Not applicable,Not applicable,Not applicable,Yes,Wrist Robotiq FT300,Planar2D force; magnitude/direction; exponential smoothing,Push-direction feedback; contact detection/recovery; admittance overload mitigation,Yes; global robot localization and known EEF point,Filter state; previous pushing direction,Yes; previous commanded direction in contact recovery,No object-state estimator,Desired path; known walls and robot body geometry,Current object pose; explicit geometry/physics,Planar force; localized robot/contact point; approximate initial position; quasistatic prior,Closed-loop pushing/path correction; contact recovery without object tracking,Not applicable,Not applicable,Not applicable,Not applicable; object Vicon used in evaluation,Not applicable,No; contact point assumed fixed on localized EEF,Single-point push; convex single body; quasistatic; known global EEF; initial position; low contact height; maneuvering space,Noisy local force; not full object state; centroid tracking not guaranteed; multi-contact decomposition not discussed,Not applicable,Input ablation; Controlled comparison; Failure analysis,Open-loop fails within2m; force feedback traverses6m; vision baseline condition dependent; admittance reduces overload,Fig11 p.6; Fig13 p.7; Fig14 p.8,"실물 경로는 바닥 마찰 교란 때문에6m 내 완벽히 수렴하지 않으며 controller가 추적하는 것은 slider centroid가 아닌 contact point이다. Force가 noisy하고 local information만 준다. Robot은 원하는 EEF velocity를 실현할 충분한 공간이 있어야 한다. 알려지지 않은 slider geometry/pose 때문에 wall collision 자체를 완전히 피할 수 없다. (§IV-C/VII, pp.4/7)","더 정교한 contact recovery, 좁은 hallway와 clutter, formal stability proof, interaction으로 성능을 개선하는 force controller, force+vision hybrid를 향후 과제로 제시한다. (§IV-B p.4; §VII–VIII pp.7–8)",papers/2024-heins-force-push.md
B027,Perceiving Extrinsic Contacts from Touch Improves Learning Insertion Policies,Carolina Higuera; Joseph Ortiz; Haozhi Qi; Luis Pineda; Byron Boots; Mustafa Mukadam,2023,Not stated (arXiv preprint),Relevant,"손가락–물체 tactile image를 외부 물체–환경 contact patch로 바꾸고 PPO policy에 제공한다. Proprio-only, tactile embedding, estimated patch, GT patch를 비교하므로 축약 표현의 역할과 geometry/grasp prior, training-only GT를 분석하는 데 직접 유용하다.",Mug-in-cupholder; bowl-in-dishrack insertion,State Estimation; Reinforcement Learning,NCF-v2 Transformer; tactile VAE; PPO,Franka Panda; parallel gripper; two DIGIT,Relative6DOF EEF transform;axis-angle rotation,Joint-space IK,No external vision; optical tactile images only,기타,기타,EEF history plus fixed object-gripper relative-pose assumption; no explicit tracking,Initial,Class-dependent reference point cloud; pretrained NDF/query shape features,No explicit runtime parameters,Yes,Two DIGIT optical tactile sensors,Intrinsic contact RGB images,Background subtraction;VAE;5frame embedding;MLP;NCFTransformer,Thresholded extrinsic contact point cloud;MLP/maxpool latent,Object-surface spatial contact patches;multi-patch;contact transition,Threshold drops probability confidence; raw tactile/force channels not directly retained,No,Not applicable,Not applicable,Not applicable,Yes;EEFpose3steps21D,Yes;tactile5frames~0.17s;EEF3poses,Not stated,NCF-v2 extrinsic contact probabilities/patch,Object class/reference shape; fixed grasp transform prior,Unobserved object-environment contact; variable grasp pose not fully recovered,Tactile history;EEFhistory;shape reference;fixed grasp prior,Infer extrinsic spatial contacts for insertion,Main No; GT-contact oracle Yes,Not stated,Yes;current mug pose/keypoints; bowl position;target,"Not stated;horizon specified, success/termination implementation not detailed",Yes;simulated contact supervision and shape data;random initial EEF,Not applicable,Not applicable,Not applicable,Not applicable,Representation ablation; Controlled comparison; Failure analysis,Real mug60% vs27%;bowl+13pp vsproprio;GT-contact oracle separated;fixed-grasp limitation,Fig3 pp.3–4;Fig5–8 p.5;§V-C/VI p.6,"세 object class에 제한되고 grasp 중 object–gripper relative pose가 고정된다고 가정한다. 올바른 reference point cloud를 얻으려면 object class를 미리 알아야 한다. Simulation bowl의 uncontrolled grasp pose에서는 EEF만으로 실제 object pose를 알 수 없어 performance가 낮아진다. (§V-C/VI, p.6)","Vision으로 다양한 object shape의 implicit representation을 학습하는 시스템과 NCF를 통합해 class/reference-shape 제한을 줄이는 방향을 제시한다. (§VI, p.6)",papers/2023-higuera-extrinsic-contacts-insertion.md
B028,Dexterous in-hand manipulation of slender cylindrical objects through deep reinforcement learning with tactile sensing,Wenbin Hu; Bidan Huang; Wang Wei Lee; Sicheng Yang; Yu Zheng; Zhibin Li,2025,Robotics and Autonomous Systems 186 (2025) 104904,Relevant,"세 손가락의 384개 piezoresistive taxel을 Boolean contact로 바꾼 뒤 손가락별 3D contact-center, 즉 9차원으로 축약하여 PPO actor에 제공한다. Contact center, 3-bit finger contact, raw tactile, GT object pose 조합을 같은 network 규모에서 비교하므로 축약 tactile의 정보 보존·손실, proprioception 보완, training-only GT 경계를 직접 분석할 수 있다.",Continuous three-finger in-hand pose tracking of slender cylindrical objects,Reinforcement Learning; Sim-to-real; Tactile representation ablation,PPO; CMA-ES system identification,"Custom TRX Hand; 8 actuated joints, 6 controlled; wrist fixed by robot arm",6 finger-joint desired displacements,Joint-position control; policy 50 Hz; low-level 1 kHz; simulation PD with backlash/self-lock model,No in main execution actor; simulated GT object pose only for reward/termination and comparison baselines,미제공,기타,Main actor has no current object pose; simulation reward/evaluation and ablations use GT endpoints/pose,미제공,"No runtime geometry input; one simulated training stick, qualitative real novel-stick tests",No actor input; weight/radius/friction randomized during training,Yes,Three in-house curved piezoresistive arrays; 128 taxels/fingertip; 100 Hz; 0–2 N/taxel; 0.1 N initial sensitivity,384 continuous normal-force-proportional taxel readings in real hardware; binary target contacts in simulation,Per-trial no-contact mean offset; clamp at zero; empirical fixed threshold to Boolean; mean active-taxel 3D position per fingertip,Three fingertip-local 3D contact centers; 9D,Spatial centroid of each fingertip contact region; sliding contact trajectory,Normal-force magnitude; pressure distribution; patch size/shape; raw taxel pattern; possible multiple-patch structure,Calibration only; not a runtime policy observation,Unspecified force–torque sensor with small tip for single-taxel pressing,Offline tactile-sensitivity reference; no actor wrench vector,Set empirical tactile contact threshold,Yes; measured 6 controlled finger-joint positions,No explicit observation history or recurrent state stated,Not stated,Deterministic contact-center computation from activated taxel coordinates; no object-pose estimator,Desired stick major-axis 3D unit vector,Current object position/orientation; axial rotation; explicit geometry; physical parameters,Finger joint positions; fingertip-local contact centers; desired major-axis direction; training domain randomization,Represent grasp/contact configuration and goal orientation without current object pose,Main No; GT object-pose ablation variants Yes,Not stated,Yes; current/desired stick endpoints and axis plus simulated contact forces,Yes; stick geometry-center height drop threshold,No curriculum stated; GT object pose/contact used to generate initial-state dataset and randomized simulation,No; runtime contact localization comes from tactile taxel geometry,Offline single-taxel press and empirical threshold; no runtime F/T localization,F/T model/axes/specification and calibration uncertainty not stated; no F/T-only evaluation,Not applicable; tactile and F/T are not fused at runtime,Representation ablation; Controlled simulation evaluation; Qualitative real-world validation,"Contact centers outperform raw tactile, 3-bit contact, and GT-pose variants in Fig.9; Table1 reports 0.83–2.32 cm tracking errors; real transfer is qualitative only",§6.1–6.3; Table 1; Fig. 7–12; PDF pp.6–8,"저자들은 실물 stick endpoint의 real-time position을 얻기 어려워 real policy performance의 정량 분석을 수행하지 않았다고 밝힌다. Tactile material deformation은 no-contact drift와 irregular contact margins를 만들며, fixed threshold가 잘못된 contact state를 낼 수 있어 매 trial calibration이 필요하다. Binary tactile은 rigid object 조작에는 가능하지만 pressure 변화·normal-force magnitude를 쓰지 못해 더 정밀한 조작과 더 다양한 물체에는 정보가 부족할 수 있다. Data는 confidential이다. (§6.3/§7/Data availability, PDF pp.7–8)","Tactile reading과 surface pressure 사이의 nonlinear relation을 모델링하고 continuous full tactile signal을 사용해 pressure distribution과 normal-force magnitude를 보존함으로써 더 정밀한 in-hand manipulation과 더 다양한 object로 확장할 계획이다. (§7, PDF p.8)",papers/2025-hu-tactile-slender-in-hand-manipulation.md
B030,Robotic Compliant Object Prying Using Diffusion Policy Guided by Vision and Force Observations,Jeon Ho Kang; Sagar Joshi; Ruopeng Huang; Satyandra K. Gupta,2025,IEEE Robotics and Automation Letters (accepted March 2025; preprint),Relevant,"KUKA의 end-effector-frame 3축 force, wrist RGB, EEF state를 diffusion policy에 결합하고 vision-only·naive force concatenation·projected force·cross-attention fusion을 각각 120회 비교한다. 현재 vision을 계속 사용하고 tactile은 없지만, 저차원 force가 고차원 vision에 묻히는 문제와 contact mode 전환에서 force가 제공하는 정보를 직접 검증하므로 F/T 역할·표현·sensor-fusion 질문에 직접 유용하다.",Compliant battery prying and extraction from spring-loaded/tight casings,Imitation Learning; Diffusion Policy; Vision–force sensor fusion,DDPM diffusion policy; ResNet-18; force-query cross-attention; FiLM U-Net,KUKA IIWA 14 extraction arm; ABB IRB120 support arm; wrist RealSense D415,"6-DoF delta target-pose action sequence; continuous 6D rotation representation; horizon 16, execute 6",Not stated; KUKA executes delta target poses; impedance values mentioned but control law/gains/rate omitted,"Yes; continuous 98×98 wrist RGB, two recent observations",기타,기타,Current wrist RGB plus initial external localizer; no explicit numeric object pose input,기타,End-to-end ResNet-18 wrist RGB; no CAD/mesh input,No explicit compliance/friction input; measured force history and augmentation compensate,No,Not applicable,Not applicable,Not applicable,Not applicable,Not applicable,No tactile coverage/contact-location/pressure modality,Yes; 3-axis force only,Built-in KUKA IIWA 14 force/torque sensor; EEF-frame Cartesian force,Normalized magnitude plus 3D unit direction; 4D; 512D linear projection; force-query cross-attention,Contact maintenance; mode transition; premature-prying prevention; vision conditioning,Yes; 6-DoF end-effector state,Yes; two past/current observations; action horizon 16 is separate,Not stated,No explicit object/contact state estimator; learned vision–force joint embedding,Continuous wrist RGB; initial ArUco/object-detection localization,Explicit object pose/shape model; compliance; spring force; friction; contact location,RGB appearance; EEF state; 2-step history; force augmentation; coarse initial localization,"Disambiguate alignment, geometry, contact state, and task phase",No numeric object GT; continuous measured vision/force/proprioception,Not applicable; no critic,Not applicable; imitation learning MSE objective,Not stated; evaluation success judged by complete loosening/lift,No GT curriculum; 419 real demonstrations and data augmentation,No; 3D net force does not identify contact location,Task geometry and RGB resolve spatial ambiguity; net EEF force correlates with contact/mode; low-rate synchronized observations,No force cap; no torque/contact localization; sensor range/resolution/filter/bias/normalization details omitted,Not applicable; tactile not used,Sensor/fusion ablation; Controlled real-world evaluation; Failure analysis; Qualitative force traces,"120 trials/model: vision 39%, 4D force concat 48%, projected force 57%, cross-attention 96%; edge cases 90–95%",§VI; Table I; Fig. 6–9; PDF pp.5–7,"저자들은 force를 observation으로 넣는 것만으로 generated action이 demonstration보다 큰 force를 내지 않도록 보장할 수 없으며, 단순 maximum external-force controller는 diffusion trajectory를 바꾸어 success를 낮출 수 있다고 밝힌다. Test는 주로 single-layer product의 depth range에 한정되고, deeper casing은 sharper metal tool와 battery-puncture safety measure가 필요하다. Tight-tolerance AAA에서는 작은 tool-gap misalignment가 주요 실패 원인이며, demonstration trajectory replay도 initial perturbation 때문에 30회 중 0–2회 실패할 수 있다. Robot inference에는 초기 idle action과 약 1초 inference step이 있어 human guidance보다 느렸고, 저자들은 안전을 위해 속도·impedance 조정을 적용하지 않았다. (§V-B/§VI-A,C–D, PDF pp.5–7)","Force threshold를 task success를 해치지 않고 강제하는 방법을 연구할 계획이다. 또한 battery prying 밖의 추가 contact-rich task를 탐색하고 baseline과의 더 포괄적인 비교로 framework applicability를 검증하겠다고 한다. (§VI-D/§VII, PDF p.7)",papers/2025-kang-compliant-object-prying-vision-force.md
B032,A Unified Approach for Motion and Force Control of Robot Manipulators: The Operational Space Formulation,Oussama Khatib,1987,"IEEE Journal of Robotics and Automation RA-3(1), 43–53",Partially Relevant,"운동/힘 제어를 성립시키는 known constraint direction, task frame, robot dynamics와 force feedback의 역할을 명시하는 기초 제어 연구다. F/T만으로 contact geometry를 복원하는 방법이 아니므로, force control과 contact inference를 구분하기 위한 근거로 포함한다. Tactile 축약 및 modality ablation은 다루지 않는다.",Constrained motion; active force control; contact/slide/insertion/compliance operations,Model-based control,Operational space control; dynamic decoupling; hybrid motion/force selection,PUMA 560 implementation; simulated 2-/3-DoF examples,Generalized operational force mapped to joint torque/force via Jacobian transpose,Operational-space motion and active-force feedback with dynamic compensation; low-level 200 Hz; dynamics update 100 Hz,Not stated,미명시,미명시,Explicit object pose sensor/input Not stated; EEF position/orientation are controlled variables,기타,Known holonomic geometric constraints; task force/moment and allowed-motion directions; task-frame transformations,Robot dynamic structure/parameters used; manipulated-object physical parameter input Not stated,Not stated; wrist and finger sensing mentioned without tactile representation,Finger sensing mentioned; type/count Not stated,Not stated,Not stated,Not stated,Not stated,Not stated,Yes; force feedback,Wrist and finger sensing in PUMA implementation; exact sensor/axes Not stated,Generalized forces and moments; transformed sensed force; force-rate feedback mentioned,Active force regulation; impact transition damping; contact assembly control,"Yes; q, joint velocity, EEF position/velocity and kinematic/dynamic model",Not stated; force-rate feedback is mentioned but no history stack,Not stated,Kinematic position/velocity evaluation and force transformation; no object/contact localization estimator,Desired EEF trajectory; desired force/moment; task specification matrices,No presented online unknown-contact geometry reconstruction,Known constraint directions/task frames; robot geometry/dynamics; sensed force and EEF state,Separate force-regulated and free-motion subspaces; dynamically decouple motion and force control,Not applicable,Not applicable,Not applicable,Not applicable,Not applicable,No,Holonomic geometric constraints; known force/moment and allowable-motion directions; rigid-body/task linkage model; identified robot dynamics; force transform,Dynamic motion forces can affect force-control direction; moment-axis/orientation representation compatibility; sensor multi-contact ambiguity not directly discussed,Not stated; wrist and finger sensing coexist but complementary roles unanalysed,Author explanation only; Controlled comparison (simulation stability); No supporting evidence (modality contribution),Reports PUMA impact without bounce up to 4.0 in/s; square-wave force rise time <0.02 s and steady force error <12%; no sensor ablation or contact-localization benchmark,§V Fig.3 p.7; §VII Fig.4 pp.8–9; §IX p.10,Model/dynamic parameter accuracy and joint torque-control limitations; singularities and orientation representation compatibility addressed; sensor ambiguity not studied,"No explicit future-work programme; extensions/integrability of joint constraints, collision avoidance and posture control discussed",papers/1987-khatib-operational-space-motion-force.md
B033,Pre- and Post-Contact Policy Decomposition for Non-Prehensile Manipulation with Zero-Shot Sim-To-Real Transfer,Minchan Kim; Junhyek Han; Jaehyung Kim; Beomjoon Kim,2023,"IEEE/RSJ IROS 2023, 10644–10651",Partially Relevant,Tactile/F/T 연구는 아니지만 접촉 조작에서 simulator 3D pose/shape를 쓰는 teacher와 실행 시 RGB keypoint를 쓰는 student의 정보 차이를 명시한다. 지속적인 시각 pose 정보가 있는 방법과 blind contact feedback을 비교하고 training-only object information을 분리하는 데 유용하다. Sensor compensation의 촉각 근거로 사용하지 않는다.,Non-prehensile card relocation; push/reorient over bump; object transfer over wall,Reinforcement Learning; Imitation Learning; teacher-student,PPO pre/post-contact policies; supervised pre-contact student; learned 2D keypoint detector,Franka Emika Panda with simple gripper; RealSense D435 RGB camera,Pre-contact student EEF pose and gripper width; post-contact EEF pose residual plus joint stiffness and damping ratio,Inverse differential kinematics + joint position control; policy 10 Hz; controller simulation 100 Hz and real 500 Hz,Yes; continuous RGB to object 2D keypoints,Tracking,Tracking,Current 8 bounding-box keypoints in image plane; simulator GT projections during training and learned RGB detector at deployment; not explicit runtime 6D GT,기타,"Fixed object/environment learned prior; 8 bounding-box keypoint representation; teacher samples exact object mesh contact points, not runtime student mesh input",Actor object mass/friction/COM input No; domain randomization and robot system identification,No,Not applicable,Not applicable,Not applicable,Not applicable,Not applicable,Not applicable,No,Not applicable,Not applicable,Not applicable,"Yes; q9, qdot9, EEF pose",Previous action only; observation stack/recurrent state Not stated,Yes; previous post-contact action,RGB-to-2D object keypoint detector,Goal keypoints distinct from current keypoints; teacher initial/goal SE(3) poses,Real execution lacks teacher exact 3D pose/shape and physical parameters; current visual object information remains,Teacher-student distillation; learned 2D keypoints; proprioception; previous action; domain randomization,Student imitates privileged initial-contact plan; post-contact vision/proprioception closes feedback loop; learned policy avoids explicit inertial parameter extraction,Training teacher Yes: initial and goal 3D pose; post-contact sim Yes: GT 2D keypoints; deployment student/detector No exact object GT,Not stated; PPO critic input/extra privilege unlisted,"Yes; simulator 3D object/goal keypoints, pose error and mesh COM distance",Yes in simulation; object success/drop; pre-contact collision/IK feasibility; horizon,Yes; simulator success controls residual limit curriculum; mesh/pose teacher examples and perception GT labels generated in simulation,No,Not applicable,Not applicable,Not applicable,Controlled comparison; Architecture/controller ablation; Failure analysis,Default real objects: proposed success 0.87 in all three domains versus OSC 0.13/0.07/0.00; fixed residual card 0.73 versus curriculum 0.87; no sensor ablation,§IV-B pp.6–7; Fig.5/Table III p.7,Policies tied to fixed environments and objects; change requires training new policies,Generalize across object shapes by incorporating shape information,papers/2023-kim-pre-post-contact-sim-to-real.md
B035,Pre- and Post-Contact Policy Decomposition for Planar Contact Manipulation Under Uncertainty,Michael C. Koval; Nancy S. Pollard; Siddhartha S. Srinivasa,Not stated,Not stated,Relevant,"Binary contact만으로 불확실한 object pose를 다루는 closed-loop pushing 연구다. Initial belief, known geometry, quasi-static transition model, contact-manifold particle filter가 축약 sensing을 보완하는 구조를 명시한다. Sparse fingertip sensing에서 information-gathering policy의 필요성을 비교한다.",Planar pushing into graspable hand-relative goal region under pose uncertainty,Model-based POMDP planning; State Estimation + Controller,Offline SARSOP post-contact policy; weighted A* pre-contact search; manifold particle filter,Simulated BarrettHand with fixed geometry; 2D polygonal world,Five translational hand actions; approximately 2 cm displacement each; generalized velocity and duration,Kinematic generalized velocity command; hardware controller Not stated,Not used in simulation execution; initial belief may in principle come from vision/environment knowledge,Tracking,Tracking,Initial probabilistic SE(2) belief; runtime contact/action-updated manifold particle filter posterior; no direct GT pose to policy,기타,Known polygonal hand/object geometry; contact manifold; offline policy per hand-object pair,Quasistatic physics model; friction and pressure-distribution radius uncertainty sampled; no true parameter sensing,Yes,Simulated binary contact for seven hand links; fingertip-only two-sensor variant,Collision/contact with each instrumented link,Binary contact observations; exact contact-vs-no-contact assumed,Per-link binary contact pattern; 20 geometrically feasible observations for full seven-link setting,Whether contact occurs and which sensor/link reports it; coarse contact manifold constraint,Force/shear magnitude not measured; exact location along link unresolved; contact/no-contact errors excluded by assumption,No,Not applicable,Not applicable,Not applicable,Hand-relative state/actions assumed; full robot joint configuration not modeled,Yes; recursive belief update aggregates prior actions and contact observations,Yes in Bayes transition update; no neural previous-action vector,Manifold particle filter (MPF); continuous belief discretized for policy evaluation,Initial pose belief; known hand/object models; goal region; contact observation likelihood,True current planar object pose not observed; sparse contact does not determine exact pose,Initial belief; known geometry/contact manifold; quasi-static dynamics; action-observation history; information-gathering policy,Bayesian localization and uncertainty-aware action selection; sparse sensing compensated by informative movements,"Not applicable (model-based planning); policy uses pose belief, not true state",Not applicable; POMDP value function is not neural asymmetric critic,Not applicable (RL); geometric goal/state reward encoded in offline planning model,Not applicable (RL); success probability Pr(s∈G) evaluated in simulation; precontact switching uses contact,Not applicable; offline sampled initial beliefs and Monte Carlo model generation,No,"Not applicable to F/T; binary-touch localization needs known geometry, quasi-static planar model, accurate contact discrimination",Not applicable; contact may not localize object along hand,Not applicable,Controlled comparison; Sensor ablation,Postcontact SARSOP value −40.27 vs QMDP −55.48; full-sensor complete policy similar; sparse two-fingertip sensing restores SARSOP advantage; simulation only,"§V-B–C and VI, pp.7–8; Fig.5–6",Offline per-pair policy; local trust region; fixed hand geometry; SE(2)/discrete actions; no global obstacles/kinematic feasibility; dimensionality and discretization limitations,Full configuration-space search with precomputed heuristic; SE(3)/articulated hands; sample-based contact manifold or continuous POMDP; refine belief samples online,papers/undated-koval-contact-policy-decomposition.md
B036,Zero-Shot Transfer of a Tactile-based Continuous Force Control Policy from Simulation to Robot,Luca Lach; Robert Haschke; Davide Tateo; Jan Peters; Helge Ritter; Júlia Borràs; Carme Torras,2024,"IEEE/RSJ IROS 2024, 725–732",Relevant,"두 손가락의 연속 normal-force와 position/history만으로 unknown object compliance 및 offset에 대응하는 force-control policy다. 힘의 크기를 보존하는 scalar tactile, binary contact-memory, proprioception의 역할을 구분할 수 있다. Reward의 object velocity와 실행 입력도 명확히 분리된다.",Continuous grasp normal-force regulation with minimal object displacement,Reinforcement Learning; hybrid inductive-bias controller,PPO,TIAGo 2-DoF parallel-jaw gripper; MuJoCo,"Two normalized finger position increments, scaled to ±0.003 m and modified by contact-conditioned inductive bias",Finger position control; policy 25 Hz,No,미제공,미제공,No current object pose input; object initially between gripper fingers; robot finger position is proprioception,미제공,No runtime object geometry input; training width randomization,Actor object properties No; stiffness/force-scale and actuator parameters randomized in simulation,Yes,One normal-force load-cell sensor per finger,Two scalar continuous normal forces,Force-error calculation; noise; thresholded persistent had-contact flag; 3-step observation stacking,"Per-finger measured force, force error, contact-memory flag plus position/previous action",Normal-force amplitude and finger identity; contact occurrence memory,Contact location/patch and shear not measured; no binary reduction of continuous force channel,Yes; fingertip normal force; wrist 6-axis F/T No,Same load-cell signals as tactile; not a second independent modality,Scalar normal force per finger; force goal error; contact flags,Policy observation; contact-conditioned action scaling; force-tracking reward,Yes; each finger position,Yes; k=3 observation stack; persistent had-contact flags,Yes; previous finger action,No separate object estimator; history intended to estimate stiffness implicitly,Desired force via force error; contact memory,"Object pose, lateral offset and compliance are not directly supplied",Force/position history; contact-memory flag; goal force; inductive bias; simulation randomization,Implicit stiffness response; slow first-contact finger until the other contacts; regulate force without object motion,No object GT; sensor-like force and proprioception,Not stated; no explicit privileged critic input list,Yes; simulated object lateral velocity penalty; sensor force error and action smoothness also used,No object GT termination stated; 150-step horizon,Yes; simulator width/offset and velocity-penalty settings scheduled; training-only parameters,No,Object starts between two opposing fingers; finger normal-force measurement; identified actuator model and randomized contact properties for sim-to-real,Small-force contact can be missed for light sponge; sensor hysteresis not modeled; no wrench localization ambiguity analysis,Not applicable; tactile and fingertip force are the same measurement,Controlled comparison; Input/action architecture ablation; Failure analysis,Real averages: baseline force reward 97±12 and movement 1.6±0.9 mm; proposed 104±13 and 1.6±0.9 mm; no-inductive-bias 88±20 and 2.6±0.9 mm; no-randomization 64±25 and 2.5±1.0 mm,"§V, pp.5–7; Fig.6–7; Table II p.6",Very light sponge may move before detecting contact; unmodeled sensor hysteresis; real movement measurement coarser than simulation; reward across objects not directly comparable,Integrate continuous grasp-force control with more complex DRL tasks,papers/2024-lach-continuous-force-control.md
B037,VDTF-ACT: ACT-based Multimodal Space Fine Manipulation Method with Visual Depth Tactile Fusion,Siyi Lang; Jihang Chen; Bo Zhang; Hanlin Dong; Panfeng Huang; Zhiqiang Ma,2025,"IEEE/RSJ IROS 2025, 1511–1517",Relevant,Low-gravity insertion에서 vision/depth와 distributed force tactile을 결합하며 tactile encoder를 비교한다. Tactile가 object–gripper relative motion에 대한 feedback을 제공한다는 저자 설명과 실제 비교 범위를 분리해 정리할 수 있다. Depth와 tactile을 함께 추가한 비교이므로 각 modality의 독립적 기여를 과장하지 않는다.,"Dual-arm peg/socket grasping, alignment and insertion in simulated low gravity",Imitation Learning,ACT; CVAE; Transformer; action chunking and temporal ensembling,MuJoCo dual 6-DoF manipulators with grippers; satellite platform model,Predicted k×14 joint action sequence; precise command semantics Not stated,Controller executes joint action sequence; implementation/gains Not stated,Yes; four RGB images and two depth images,기타,기타,Repeated RGB/depth features; no explicit numeric object pose input or pose estimator output,기타,Image/depth spatial content; fixed peg/socket geometry in simulator; explicit mesh/dimension policy input No,Actor physical-parameter input No; simulated low-gravity setup,Yes,Simulated gripper-pad force sensor arrays; 2×4 placement described; total tactile input 16 values as 4×4 matrix,Distributed contact-force values; axis/component and sensor principle Not stated,Linear or CNN+MLP or CNN+linear encoding to embedding,"Tactile feature token fused with image/depth, 14 joint angles, zero style variable at runtime",Spatially arranged contact-force values before encoding; learned embedding content not explicitly decoded,No threshold/binary conversion; exact retained/lost force/locality features after encoder Not stated,Yes; gripper-pad distributed force; wrist 6-axis F/T No,Same force-array tactile input; not separate wrist wrench modality,16 contact-force values as 4×4 matrix and encoded feature,Policy observation for contact/alignment/insertion,Yes; 14 joint angles,Action chunk prediction and temporal ensembling; sensor history stack Not stated,Training expert future action chunk to style encoder; runtime previous-action observation Not stated,No explicit object state estimator,Runtime style z=0; joint angles; RGB/depth features,Explicit numeric object pose absent; floating object/gripper relative motion uncertain,Visual/depth spatial context; distributed tactile forces; joint state; action sequence model,Authors attribute global stability to depth and final insertion precision to tactile; joint removal ablations do not independently identify these effects,Not applicable (IL); runtime image/depth/tactile/joints; training style encoder also receives expert action chunk,Not applicable,"Not applicable; reported 1–4 scores are evaluation milestones, not RL reward optimization",Not applicable; successful insertion evaluation in simulator; detection details Not stated,Not applicable; scripted 50 successful demonstrations; script access to simulator GT Not stated,No explicit estimator,Fixed low-gravity peg/socket task; gripper force arrays and camera coverage; force inversion/localization assumptions Not applicable,No direct force/localization ambiguity discussion,Not applicable; force array is the tactile modality itself,Representation ablation; Sensor combination comparison; Author explanation only,"CNN+linear tactile encoder 82%, CNN+MLP 70%, linear 60%, standard visual ACT 45%; all multimodal variants include depth and tactile, so depth-only/tactile-only contribution unseparated",§V-C/D pp.5–6; Fig.5 p.6,"No explicit limitation discussion; evaluation presented only in MuJoCo, deployment to hardware not demonstrated",Optimize sensor encoding and fusion strategies,papers/2025-lang-vdtf-act.md
B038,DexTouch: Learning to Seek and Manipulate Objects With Tactile Dexterity,Kang-Won Lee; Yuzhe Qin; Xiaolong Wang; Soo-Chul Lim,2024,"IEEE Robotics and Automation Letters 9(12), 10772–10779",Relevant,16-channel Binary tactile로 vision 없는 grasp/door/valve manipulation을 수행하며 current object pose가 없는 actor와 object GT를 받는 critic을 명시적으로 분리한다. Sensor 제거·민감도·배치·wrist F/T 대체 비교가 있어 reduced tactile 및 F/T의 실제 역할을 비교하는 직접 근거다. Binary tactile와 F/T를 함께 넣은 실험은 아니다.,Blind seeking and grasping/retrieval; door opening; valve rotation,Reinforcement Learning,PPO; asymmetric actor-critic,UR5e 6-DoF + Allegro Hand 16-DoF; 16 FSR sensors,22D normalized joint position commands (arm 6 + hand 16),Arm and hand joint PD controllers; 10 Hz policy,No,미제공,미제공,No exact current or initial object pose to actor; known spawn area/range prior only,기타,Implicit prior from task/object training set; no explicit mesh/CAD/object identity in actor state,No actor physical parameters; privileged critic includes physical parameters,Yes,16 FSR; three per finger plus four palm sensors,Real FSR voltage at 125 Hz; sim local net contact force magnitude at 16 virtual sensor regions,Low-pass voltage filter; threshold to contact bit; simulated norm threshold 0.01 N; low-quality baseline 0.3 N,16 binary contact bits,Contact presence by named sensor region; coarse spatial contact pattern,Force magnitude above threshold; force direction/shear; within-region contact location/distribution unavailable; directly implied by binary structure,Yes (simulation F/T-only baseline); main tactile policy No,Wrist-mounted 3-axis force + 3-axis torque in F/Tsensor comparison,6D wrist force/torque baseline; preprocessing/frame details Not stated,Alternative policy observation for blind manipulation; not combined with tactile in tested policy,Yes; 22 joint positions/velocities; palm pose and linear/angular velocity; four fingertip positions relative to palm,Not stated; explicit observation history stack not specified,Not stated,No explicit object pose estimator,Goal position for grasping; spawn range dimensions for all tasks; task prior,Exact initial/current object position and orientation; vision; object physical parameters in actor,Binary tactile; proprioception; known spawn range/task prior; privileged critic during training,Seek and initiate manipulation after contact; locate object implicitly; facilitate learning via privileged value information,"No object GT; proprioception, binary tactile and prior/goal only",Yes; exact target pose; linear/angular velocity; hand distance; physical parameters; reward indicators,Yes; fingertip-object distances; object height/goal distance; door handle/door/valve angles; progress maxima,Yes for simulation task achievement/reset conditions; exact reset details partly Not stated; real stopping implementation Not stated,Randomized object spawn sampled in simulator; no progressive curriculum stated; actor receives range size not sampled pose,No explicit localization estimator,F/T-only baseline still uses robot proprioception and task/spawn priors; sensor representation details not given,Lower F/T-only task success reported; net-wrench contact-locality/multi-contact ambiguity not explicitly analysed,"Not applicable; replacement comparison, no tactile+F/T combination",Sensor ablation; Representation ablation (threshold); Controlled comparison; Failure analysis; Input ablation (critic privileged information),Simulation Ours grasp/door/valve 0.72/0.69/0.82 vs F/Tsensor 0.26/0.29/0.50; WO-Sensor 0/0/0.02; WO-PInfo 0.15/0.15/0.31; averages of 3 trained seeds,"§V-A–E, pp.5–8; Fig.5; Table II–III p.6",Known spawn-range and task prior required; unfamiliar heavy/slippery tumbler reduces success; limited sensor coverage/sensitivity affects performance,Richer tactile information such as 3-axis force sensing; broader system generalizability,papers/2024-lee-dextouch.md
B040,Progressive Policy Learning: A Hierarchical Framework for Dexterous Bimanual Manipulation,Kang-Won Lee; Jung-Woo Lee; Seongyong Kim; Soo-Chul Lim,2025,"Mathematics 13(22), 3585",Partially Relevant,"두 손의 cube grasp-and-rotate RL을 실행 중 RGB-D/ArUco로 갱신되는 cube body/layer pose와 keypoint에 의존해 수행하며 tactile/F/T observation은 없다. 다만 measured wrench가 아닌 외력 disturbance와 접촉 sensing을 분리하고, 저자가 vision-centric state estimation의 physical-interaction 정보 부재를 실물 실패 원인으로 명시해 tactile-vision fusion을 후속 과제로 제시한다. 따라서 제한 sensing 정책의 직접 근거가 아니라 current-pose vision 및 미관측 접촉의 비교군으로 포함한다.",Bimanual Rubik-like cube holding and 90-degree layer rotation,Hierarchical Reinforcement Learning; progressive staged policy learning,HPPL with PPO; naive chaining and MAPPO baselines,Two UR5e arms with LEAP Hands; IsaacLab digital twin; two RealSense D435 cameras,"Left 16D and right 17D relative joint-position targets, scaled and accumulated",EMA-smoothed joint-position commands converted to torque by PD control at 60 Hz,Yes; continuous RGB-D/ArUco pose and keypoint tracking at 60 Hz in real execution,Tracking,Tracking,Simulation object/layer state during training; real ArUco marker poses from two RGB-D cameras,기타,Fixed cube/layer model and predefined object-frame keypoints,Mass is randomized in training but is not listed as an actor input,No,No tactile sensor in the evaluated system; tactile-equipped hand is future work,Not applicable,Not applicable,Not applicable,Not applicable,"Contact state, slip and local deformation are absent from the policy observation",No measured F/T; simulated/random and manual external wrenches are disturbances only,No F/T sensor input; simulator injects external wrench and humans apply light taps/pulls in evaluation,No runtime representation; training disturbance is bounded 6D force/torque,Robustness disturbance during holding-policy training and qualitative real test,"Yes; both hands' joint positions, fingertip positions, previous actions; selected 3-step histories",Yes; 3-step joint-angle and previous-action histories,Yes; 3-step history,ArUco-based cube/layer pose and derived keypoints; no probabilistic estimator,"Holding goal pose, layer joint state, fingertip-to-keypoint relative features; exact per-policy subset partly described","Local contact state, slip, force and friction are not sensed; object pose itself is continuously tracked","Continuous visual pose/keypoints, proprioception/action history, domain randomization",Supplies global object state and temporal robot context while contact dynamics remain unobserved,Simulation uses current object/layer state with observation noise; real actor uses visual estimates,Not stated; value-network architecture is given but a separate asymmetric input is not,"Yes in simulation; object-goal pose errors, layer joint angle/velocity, fingertip-keypoint distances and hold indicator","Yes; drop, pose-alignment failure, timeout and target-layer tolerance",Yes; right policy starts from successful on-policy holding states; simulation reset/randomization uses object state,No,Not applicable to measured F/T; external wrench is not inverted to infer contact,Vision-centric state lacks physical interaction information; no wrench/contact estimator is evaluated,Not applicable; neither tactile nor measured F/T is an execution input,Architecture comparison; Real-world feasibility; Failure analysis; Author explanation only,HPPL 0.821±0.029 simulation success vs MAPPO 0.433±0.034 and naive chaining 0.225±0.031; real HPPL 41/65=63.08%; tactile contribution not tested,"§4.1–4.4, Table 2/Fig.5, PDF pp.11–15",Hand-crafted rewards; lower real success from marker occlusion/pose error and sim-to-real mismatch; vision-centric state lacks physical interaction information; broad task/platform generalization unverified,"Tactile-vision fusion, contact-aware rewards and tactile/friction randomization; IRL/IL reward learning; broader tasks/platforms",papers/2025-lee-progressive-policy-learning.md
B041,In-Hand Object Pose Tracking via Contact Feedback and GPU-Accelerated Robotic Simulation,Jacky Liang; Ankur Handa; Karl Van Wyk; Viktor Makoviychuk; Oliver Kroemer; Dieter Fox,2020,"2020 IEEE International Conference on Robotics and Automation (ICRA), 6203–6209",Relevant,"초기 vision pose 이후 조작 중 vision 없이 fingertip BioTac에서 추정한 3D contact-force vectors와 robot state/history를 physics simulations에 대조해 6D in-hand object pose를 30 Hz로 추적한다. Wrist wrench가 아니라 tactile-derived force이며, known sensor pose·object mesh·initial visual belief·forward dynamics 가정을 요구하고 banana slippage에서 모든 hypotheses가 발산하면 회복하지 못하는 한계를 직접 보여 준다.","6D in-hand object pose tracking during pick/place, in-hand rotation and finger gaiting",Model-based state estimation; derivative-free sample-based optimization,"Parallel GPU physics simulations with WRS, REPS or PBO hypothesis updates",KUKA iiwa 7 arm; 16-DoF Allegro Hand; four fingertip BioTac sensors,Recorded desired joint-position controls replayed identically in all simulations; estimator does not choose actions,Joint-angle PD controller tuned to match real joint step responses,Initial and final only in real evaluation via PoseRBPF; no robust visual features during in-hand tracking,Tracking,Tracking,Lowest-cost parallel simulation hypothesis; initialized from visual pose distribution,기타,Known collision mesh and YCB model/point cloud,Unknown mass/friction and simulator parameters are sampled and adapted online,Yes,Four SynTouch BioTac fingertip sensors,BioTac electrode readings; paper's estimator consumes learned 3D contact-force vectors,Pretrained model from prior work maps raw electrodes to force vector; magnitude threshold gives contact state; no real slip estimate,Per-finger 3D force magnitude/direction in observation-cost window; optional translational/rotational slip only in simulation,"Fingertip identity, force magnitude and direction, binary contact; simulated slip direction/state","Raw electrodes, contact patch geometry and within-fingertip contact point; real slip unavailable","Yes; tactile-derived fingertip force vectors, not wrist 6-axis F/T",BioTac electrode-to-force learned model in real; simulator contact force vectors in simulation,"3D force vectors compared by magnitude and angular difference, with thresholded contact agreement",Score pose/physics hypotheses so contact feedback corrects open-loop simulation drift,Yes; robot joint positions and kinematic fingertip sensor poses/orientations,Yes; observation/control sequence and cost averaged over a time window T,Yes; real robot controls are replayed into all simulations,"Online sample-based optimizer over object pose, simulator state and physics parameters",Initial visual pose belief; optional simulated slip; known robot/object models,Current visual pose is unavailable under occlusion; real slip and exact dynamics/physical parameters are unknown,"Contact force, robot kinematics/control history and parallel dynamics hypotheses",Use dynamics-consistency to propagate and select a current 6D pose without in-loop vision,"Not applicable; estimator, not an actor policy",Not applicable,Not applicable; observation-matching cost is not an RL reward,Not applicable; offline trajectory processing / continuous estimator loop,Not applicable,Partial: fingertip source and pose are known; within-sensor contact point is not represented,"Known robot/object geometry, calibrated fingertip poses, learned BioTac force mapping, initial visual pose distribution and sufficiently faithful contact dynamics",Force/contact feedback constrains hypotheses but does not uniquely invert pose; if all simulated hypotheses diverge the optimizer cannot recover,Not applicable; tactile is reduced to force vectors rather than combined with an independent wrist wrench,Input ablation; Optimizer comparison; Failure analysis; Real-world evaluation,"Contact feedback reduces ADD especially with high initial pose noise; REPS/PBO reach 5.8/5.9 mm mean ADD at medium noise; best real final ADD 14.1 mm Foam and 12.2 mm Spam, while all methods fail on banana","§IV, Figs.2–4, PDF pp.5–6",Needs initial vision/known geometry and an adequate simulator hypothesis set; real current pose GT unavailable; no real slip estimate; long low-friction banana causes divergent simulations with no recovery,Integrate contact sensing with vision-based pose tracking in the loop,papers/2020-liang-in-hand-object-pose-tracking.md
B043,Tactile Gym 2.0: Sim-to-Real Deep Reinforcement Learning for Comparing Low-Cost High-Resolution Robot Touch,Yijiong Lin; John Lloyd; Alex Church; Nathan F. Lepora,2022,"IEEE Robotics and Automation Letters 7(4), 10754–10761",Relevant,"TacTip, DIGIT, DigiTac의 optical tactile image를 동일 sim-to-real PPO framework에 넣어 object pushing·edge following·surface following을 실물에서 비교한다. Current object pose는 policy 입력으로 보고되지 않고 ArUco/CAD는 평가 GT에 쓰이며, sensor 구조·stiffness·contact deformation이 약한 물체와 concave surface 실패를 좌우한다. 다만 세 sensor 모두 tactile을 사용해 no-tactile/FT baseline은 없다.","Single-arm object pushing, edge following and surface following",Sim-to-real Deep Reinforcement Learning; tactile image translation,PPO (Stable-Baselines3); pix2pix-style image-to-image GAN,"Dobot MG400 4-axis desktop arm with TacTip, DIGIT or DigiTac end effector",Pushing: TCP x position and yaw; edge following: TCP x/y; surface following: TCP y and yaw,Robot executes TCP actions; low-level control frequency/gains not stated,No external vision in policy; internal optical tactile cameras; ArUco only for pushing evaluation,미제공,미제공,No current object pose in reported policy input; ArUco tracks trajectories for evaluation only,기타,Fixed task/stimulus priors and local tactile images; CAD boundaries used only as evaluation GT,No policy parameter input; test objects vary in shape and weight,Yes,TacTip and DigiTac marker-based optical sensors; DIGIT GelSight-style shading sensor,Real internal-camera tactile images; simulated contact depth renderings,Sensor-specific real image preprocessing then U-Net conditional GAN real-to-sim translation,Translated simulated-style tactile image as high-dimensional PPO observation; exact resolution/encoder not stated here,Local deformation/contact geometry visible in optical tactile image,"No calibrated force vector, wrench, contact ID or explicit object pose; exact representation losses not quantified",No,Not applicable; optical tactile deformation image is not a wrist F/T measurement,Not applicable,Not applicable,Not fully enumerated in this PDF; TCP action/state context is task-specific,Not stated,Not stated,No object pose estimator in policy; GAN translates tactile domain,Goal trajectory/task context is required by the task but exact actor observation vector is deferred to prior Tactile Gym work,Current global object pose/orientation and physical parameters are absent from the reported policy input,Local tactile deformation images and robot/task goal context,Maintain contact and guide motion without continuous external object vision,No object GT reported; simulated tactile images during training and translated real tactile images at deployment,Not stated; PPO implementation named but critic input is not enumerated,Not stated in this PDF; reward design is delegated to prior Tactile Gym work,Not stated in this PDF; evaluation episodes for pushing use 250 steps,"Not stated; supervised translation data use paired known contact poses, separate from PPO actor",Not applicable,Not applicable,No independent F/T channel,Not applicable; tactile-only policy family,Sensor comparison; Failure analysis; Real-world evaluation; No sensor ablation,"All three sensors achieve similar final simulated learning; real pushing ~9–16 mm when successful, but DIGIT fails for the 185 g prism until weight is added; edge/surface accuracy depends on stiffness/contact shape","§IV, Tables IV–VII/Figs.4–7, PDF pp.5–7","DIGIT's flat stiff elastomer needs stronger contact, fails on a light prism under domain shift and is unsuitable for concave surface following without risky friction; policy/sensor necessity is not isolated by a no-touch arm",Use empirical comparisons to customize sensor physical design; extend platform to prehensile and dexterous manipulation,papers/2022-lin-tactile-gym-2.md
B044,Attention for Robot Touch: Tactile Saliency Prediction for Robust Sim-to-Real Tactile Control,Yijiong Lin; Mauro Comi; Alex Church; Dandan Zhang; Nathan F. Lepora,2023,"2023 IEEE/RSJ International Conference on Intelligent Robots and Systems (IROS), 10806–10812",Relevant,"단일 TacTip image에 target edge와 distractor contacts가 함께 나타날 때 contact-depth map과 saliency map으로 target contact만 분리하고, tactile pose PID와 image-based deep-RL controller 모두의 실물 edge-following failure를 복구한다. Net F/T가 아니라 spatial tactile image를 사용해 multi-contact ambiguity를 줄이는 직접 사례이며, current global object pose·scene vision 없이 local target-contact pose/shape를 보완한다.",Target-edge contact pose estimation and 2D edge following amid tactile distractors,Supervised tactile representation learning; sim-to-real perception; control augmentation,ConDepNet pix2pixGAN; TacSalNet pix2pixGAN; TacNGen VAE; tactile PoseNet; PID/deep-RL controllers,Dobot MG400 with TacTip optical tactile end effector,Pose PID branch uses target y/Rz setpoint; image-based deep-RL branch outputs TCP x/y actions,Pose-based PID or a pretrained image-based deep-RL controller; execution rate/gains not stated,No external scene vision; TacTip internal optical camera only,기타,기타,Local target-edge contact pose y/Rz is predicted only for the PID branch; no global object pose tracker,기타,Local contact-depth/saliency images; CAD/ground-truth contours only for training labels and evaluation,No physical-parameter input,Yes,Marker-based optical TacTip,Real grayscale marker image from internal camera,ConDepNet real-image to contact-depth map; TacSalNet target saliency prediction; optionally tactile PoseNet,Full contact-depth image or target saliency map; local y/Rz pose for PID branch,"Spatial deformation, target contact area and local target-edge pose/shape",TacSalNet suppresses distractor contacts; no calibrated force/shear vector or global object pose,No,"Not applicable; optical deformation imagery, not wrist wrench",Not applicable,Not applicable,Not stated for the reused controllers; no robot-state vector enumerated,Not stated; networks are presented as single-image mappings,Not stated,Local tactile PoseNet estimates edge y/Rz in one control branch; direct image RL branch has no explicit pose estimate,Target feature type is fixed to edge; PID target pose; no scene-level vision,"Global object pose, full shape and surrounding-scene state are unavailable",Tactile saliency map learned from simulation-labelled target/noise contacts,Filters irrelevant local contacts so the controller follows the intended edge rather than a distractor,No object GT reported; deployed deep-RL policy consumes tactile contact-depth/saliency image,Not stated; reused deep-RL policy training details are outside this PDF,Not stated; no new RL policy is trained in this paper,Not stated; failed runs are reported when robot is trapped at a distractor within 50 steps,Not applicable to RL; simulation target/noise depth maps provide supervised labels for ConDepNet/TacSalNet,Not applicable; spatial tactile saliency localizes target contact directly from an image,Not applicable,No net-wrench analysis; target/distractor overlap remains ambiguous when very close,Not applicable; no F/T modality,Representation ablation; Input augmentation comparison; Failure analysis; Real-world evaluation,TacNGen saliency beats Gaussian noise on SIM/CC/NSS; distractor pose errors drop from 1.84–2.41 mm and 14–30° to 0.26–0.40 mm and 4.44–5.06°; both PID and deep-RL fail without saliency but complete all four contours with it,"§IV-B–D, Tables I–II/Figs.3–6, PDF pp.4–7","Demonstrated only for an edge target, marker-based TacTip and Tactile Gym depth simulation; saliency degrades near y≈−2.5 mm when a distractor is too close and is included as target",Evaluate other tactile sensor types and extend tactile saliency to broader exploration/manipulation tasks with unexpected distractors,papers/2023-lin-tactile-saliency.md
B045,Bi-Touch: Bimanual Tactile Manipulation With Sim-to-Real Deep Reinforcement Learning,Yijiong Lin; Alex Church; Max Yang; Haoran Li; John Lloyd; Dandan Zhang; Nathan F. Lepora,2023,"IEEE Robotics and Automation Letters 8(9), 5472–5479",Relevant,"두 TacTip optical tactile image와 proprioception만으로 bi-pushing·bi-reorienting·bi-gathering PPO policies를 학습·실물 전이한다. Simulator object pose와 goals는 reward·curriculum에 쓰지만 실물 actor에는 object pose가 없고, ArUco는 정량 평가에만 쓴다고 명시한다. F/T 입력은 없으며 random force는 disturbance다.","Bimanual planar object pushing, in-plane reorientation and object gathering under perturbations",Sim-to-real Deep Reinforcement Learning; bimanual tactile control,PPO (Stable-Baselines3); real-to-sim tactile image translation GAN; goal-update mechanism,"Two Dobot MG400 4-DoF desktop arms, each with a TacTip optical tactile end effector","Bi-pushing: x and Rz per arm (4D); bi-reorienting: x, y and Rz per arm (6D); bi-gathering: y and Rz per arm (4D)","Each arm executes Cartesian TCP actions in its own frame; rate, gains and safety controller not stated",No external visual feedback in policy; internal tactile cameras; ArUco markers only for quantitative evaluation,미제공,미제공,Simulation object pose supplies reward/curriculum GT; real actor has no object pose; ArUco measures evaluation trajectories/success only,기타,Cube/cuboid training geometry and local tactile image; no explicit shape/mesh input; unseen real shapes test generalization,"No actor parameter vector; real objects vary in size, weight, shape and stiffness",Yes,Two biomimetic marker-based optical TacTip sensors used as end effectors,One internal-camera marker-deformation image from each TacTip,"Each real image is translated separately to simulated tactile style with an image-to-image GAN, then the pair is concatenated",Concatenated pair of simulated-style tactile images plus proprioceptive feedback as PPO observation,Spatial soft-skin deformation/contact-surface pattern and contact-depth cues,"No calibrated force/wrench, explicit contact point, object identity, global pose or physical-parameter estimate; shear is not simulated",No,"Not applicable; random forces are training/test perturbations, not sensed F/T observations",Not applicable,Not applicable,Yes; TCP positions/orientations are identified as proprioceptive observation in Fig.2,"Not stated; 10-step pose hold is a success condition, not a reported observation history stack",Not stated,No runtime object-pose estimator; tactile GAN performs observation-domain translation,Exact actor goal/subgoal encoding is not enumerated; goals and current object pose are explicitly used in simulation rewards and kept separate here,"Real actor lacks current object position/orientation, global geometry, mass, friction and stiffness","Two local tactile images, robot TCP proprioception and task-specific learned priors",Guide coordinated contact motion without online external object vision; simulator GT shapes reward and curriculum only,No object GT reported; actor observation is tactile images plus proprioception; exact goal encoding not stated,Not stated; PPO critic input is not enumerated,"Yes in simulation: current and target object positions/orientations, TCP poses, desired contact points and GUM subgoals",Yes for reported success logic: simulated gathering distance and reorientation goal hold; real ArUco success is evaluation-only; full per-task termination details not stated,"Yes: object-centre target-line stage before TCP-line stage, perturbation schedule, and ten angular subgoals",Not applicable,Not applicable,No F/T channel; applied forces cannot be interpreted as sensed wrench,"Not applicable; tactile plus proprioception, without F/T",Mechanism ablation; Real-world evaluation; Failure analysis; No tactile/F/T ablation,"GUM enables simulated gathering under perturbations; real policies generalize to unseen objects, while prism slip and workspace exhaustion expose failures. ArUco is evaluation-only and no no-tactile comparison isolates tactile necessity.","§IV, Fig.3/Tables I–III/Figs.5–7, PDF pp.5–7","Shear deformation is absent from simulation; cube-only training degrades non-cuboid reorientation, sharp-edge slip can be unrecoverable, and heavy/irregular perturbed objects can exhaust workspace",Approximate tactile shear in simulation and extend Bi-Touch to fine manipulation of held objects without a support table; bi-lifting is only preliminary supplementary-video evidence,papers/2023-lin-bi-touch.md
B046,Tactile Active Inference Reinforcement Learning for Efficient Robotic Manipulation Skill Acquisition,Zihao Liu; Xing Liu; Yizhai Zhang; Zhengxiong Liu; Panfeng Huang,2024,"2024 IEEE/RSJ International Conference on Intelligent Robots and Systems (IROS), 10884–10889",Relevant,"고해상도 tactile image를 접촉 중심·강도·optical-flow entropy로 축약하고 로봇/물체 상태와 결합하는 연구다. Sim pushing과 real screwing에서 object 정보 조건이 크게 달라 이를 분리해야 한다. 특히 tactile 없는 AIRL 비교와, nut angle GT 대신 tactile entropy를 reward로 쓰는 구조가 조사 질문에 직접 대응한다.",Sim slope pushing; real nut screwing,Model-based Reinforcement Learning; sampling-based planning,Tactile-AIRL; CEM; SAC baseline,UR5 simulation; KUKA iiwa7; BackYard gripper,Sim 3D motion increments; real rotation increment with fixed descent,Motion control details/frequency Not stated,No external vision specified; optical tactile camera separate,Tracking,Tracking,"Sim current object position/posture/velocities; real nut pose not provided, robot height/angle separate",미제공,No explicit geometry input; fixed regular contact-shape assumption,No; real screw pitch unknown,Yes,GelSight mini real; TACTO simulation,Optical tactile RGB and reconstructed depth; gel flow,Poisson depth; raw moments; Lucas-Kanade flow; directional histogram entropy,"Sim centroid2 + depth sum1; general static/dynamic set mu,Sigma,Hx,Hy; real full subset Not stated",Contact centroid; deformation intensity; slip/motion trend proxy,Detailed contact shape and individual flow vectors reduced structurally; calibrated force not provided,No,Not applicable,Not applicable,Not applicable,Yes; sim manipulator state; real descent height/rotation,Optical-flow temporal change; window/stack/RNN Not stated,Not stated,Learned transition ensemble/reward model; not object pose estimator,Sim global object state; task goal reward; real fixed descent,Sim local contact details; real screw pitch/nut GT angle,Tactile moments/flow entropy; robot motion state; dynamics model,Local contact prediction; reduce downward deformation via angular action; entropy reward substitutes inaccessible nut angle,Sim Yes object kinematics; real nut GT No; planner not actor network,Not applicable to CEM planner; SAC baseline details Not stated,Sim Yes object region/distance; real measured tactile entropy,Not stated,Not stated,Not applicable,Not applicable,Not applicable,Not applicable,Sensor ablation; Controlled comparison; Author explanation only,Tactile vs no-tactile AIRL reward stability; AIRL vs SAC efficiency; real15-episode entropy convergence without baseline,§IV-C; Figs.5–7; PDF pp.5–6,Fixed regular contact shape; no sim flow; real nut GT unavailable; real baseline sampling cost,Not stated; general broader application potential,papers/2024-liu-tactile-active-inference.md
B047,FACTR: Force-Attending Curriculum Training for Contact-Rich Policy Learning,Jason Jingzhou Liu; Yulong Li; Kenneth Shaw; Tony Tao; Ruslan Salakhutdinov; Deepak Pathak,2025,Not stated (arXiv preprint),Relevant,Robot external joint torque를 vision과 결합하고 force 입력을 무시하는 학습 문제를 curriculum으로 완화한다. Sensor 및 curriculum 비교가 있어 접촉 정보의 실제 추가 역할을 평가할 수 있다. 측정원은 joint torque 및 gripper current이며 wrist F/T나 distributed tactile이 아니다.,Box lifting; non-prehensile pivoting; fruit pick-place; dough rolling,Imitation Learning; bilateral teleoperation,Action Chunking Transformer; force-attending visual curriculum; BC,Franka Panda arm(s); OpenManipulator-X gripper(s),Absolute joint-position targets; action chunk100,Follower joint targets/RMP collision avoidance; leader torque-feedback compensation; policy frequency Not stated,Yes; front ZED2 or wrist RGB,기타,기타,Current RGB implicit cues; no numerical object pose tracker,기타,RGB implicit geometry; no explicit CAD/dimensions,No object parameters; robot compensation model separate,No,Not applicable,Not applicable,Not applicable,Not applicable,Not applicable,Not applicable,"Yes; joint torque/current force proxy, not wrist F/T",Arm external joint torque sensors; gripper servo current,Torque/current encoded into MLP token; no Cartesian wrench inversion,Teleoperation feedback; policy observation; contact/mode switching; drop recovery,Yes current hand joint angles Appendix X; arm joints excluded from actor; controller state separate,Not stated; action chunk100 is output horizon,Not stated,No explicit object/contact estimator,Current RGB; task-specific learned goal,Explicit object pose/shape/physics; contact phase ambiguous in visual appearance,External joint torque; gripper current; hand joint position; force-attending curriculum,Contact/mode discrimination and recovery; reduce visual overfitting; role partly author interpretation,Not applicable; BC sensor inputs,Not applicable,Not applicable,Not applicable to RL; execution task success criteria stated,No simulator GT; visual corruption schedule in BC,No explicit contact localization,External joint torque available; kinematic equivalence; torque scaling; robot compensation model,Limited torque precision/noise affects subtle forces; net-wrench locality not discussed,Not applicable; tactile is future work,Sensor ablation; Controlled comparison; Failure analysis; Author explanation only,"Tables VII–X test success box31.7/58.3/91.7,pivot26/42/76,fruit26.7/73.3/93.3,dough0/70/80%; vision-only/force/FACTR; expanded trials separate; aggregate mismatch flagged","§V; Tables I–II,VI–X; Figs.6–9; PDF pp.7–9,14–15",Torque noise/precision; sensor availability; curriculum hyperparameter dependence,High-resolution tactile/haptic glove; EEF F/T adaptation; adaptive curriculum,papers/2025-liu-factr.md
B049,ForceMimic: Force-Centric Imitation Learning with Force-Motion Capture System for Contact-Rich Manipulation,Wenhai Liu; Junbo Wang; Yiming Wang; Weiming Wang; Cewu Lu,2025,"IEEE ICRA 2025, pp.1105–1112",Relevant,"시각 경로의 접촉 오차를 force control로 보완하는 모방학습 연구다. 특히 제안 정책의 force 출력과 저수준 force feedback을 구분하며, force를 정책 입력에 추가한 비교군이 오히려 실패하는 사례를 제시한다. Tactile 병용 연구는 아니지만 추가 센서 정보의 역할과 배포 시 입력 분포 문제에 직접 근거를 준다.",Zucchini peeling,Imitation Learning; Hybrid,Diffusion Policy / HybridIL,Flexiv Rizon 4 dual arm,20-step TCP pose+wrench prediction,IK joint-position or orthogonal hybrid force-position primitives; predicted force threshold 6 N,Yes; RGB-D point cloud,기타,기타,Point cloud implicit spatial information; no explicit object pose; TCP pose is robot state,Tracking,"RGB-D point cloud; voxelized size 10,000",No; tool CoM/weight calibration is not object parameter input,No,Not applicable,Not applicable,Not applicable,Not applicable,Not applicable,Not applicable,Yes,Collection: 6-axis sensor between handle and tool; execution: Flexiv force sensing source Not stated,Gravity-compensated 6D wrench; predicted wrench; orthogonal projected force,Supervised target; policy output; low-level force regulation; force-input comparison only,Yes; TCP pose,"Yes; history pose, length Not stated",Not stated,No object state estimator stated,Point cloud encoder features; diffusion timestep,Accurate visual contact trajectory; explicit object pose/physical parameters,Predicted wrench; low-level force feedback; TCP pose,Compensate visual guidance errors and regulate contact; measured-force policy input did not consistently help,Not applicable,Not applicable,Not applicable,Not applicable,Not applicable,No,Quasi-static collection; tool gravity compensation; calibrated transforms; orthogonal force-motion control,Data/deployment force distribution mismatch; locality/multi-contact ambiguity Not stated,Not applicable,Controlled comparison; Input ablation; Failure analysis,Raw DP vs HybridIL length>10 cm: 55% vs 85%; force-input baselines: 10% and 20%,"§IV-B; Table I/Figs.6–7, PDF pp.5–6",Simple MLP; two primitives; single skill; force-input mismatch; premature switching (§V/§IV-B p.6),Multimodal representation; more/predicted primitives; more force tasks; better force sensory-input integration (§V p.6),papers/2025-liu-forcemimic.md
B050,Learning a High-quality Robotic Wiping Policy Using Systematic Reward Analysis and Visual-Language Model Based Curriculum,Yihong Liu; Dongyeop Kang; Sehoon Ha,2025,Not stated,Relevant,"Blind surface wiping에서 curvature/friction을 관측하지 않고 F/T와 robot state 및 주어진 waypoint로 접촉 힘과 이동을 제어한다. 실행 시 센서 정보와 학습 중 contact/collision·waypoint 보상, VLM 영상 피드백을 구분할 수 있다. Tactile 비교가 아니라 force 기반 partial-observation manipulation 및 training-only 정보 사례로 포함한다.",Blind curved-surface wiping with two waypoints and target force 60 N,Reinforcement Learning,Not stated; deep RL with bounded reward and VLM curriculum,Simulated 7-DoF Panda,6D EEF pose command,robosuite OSC_POSE at 20 Hz,No actor vision; training-only VLM scene feedback,미제공,미제공,No current object pose; waypoint goals and EEF pose provided,미제공,Curvature hidden; six simulated tabletop shapes,No actor input; friction randomized,No,Not applicable,Not applicable,Not applicable,Not applicable,Not applicable,Not applicable,Yes,Simulated EEF force/torque sensor; physical model Not stated,F/T sensor values; reward uses f_z; exact dimensions Not stated,Policy observation; force reward; evaluation and curriculum metrics,Yes; joint positions/velocities and EEF pose,Not stated for actor; curriculum keeps metric history,Not stated,Not stated,Waypoint information; total observation 46D,Surface curvature; smoothness/friction; explicit surface pose,F/T; robot state; waypoint; randomized training,Adjust pose to maintain force while navigating; input roles not isolated by ablation,No object GT stated; sensor-like state and goals,Not stated,Yes; simulation contact/collision and waypoint/checkpoint flags; force and motion terms,Yes; collision/last waypoint; horizon 200,Yes; simulated success/force metrics and scene images; no shape/friction parameter input,No,Provided waypoints; obstacle-free scenario; robot state; simulated surface distribution,Not stated,Not applicable,Controlled comparison; Author explanation only,Non-bounded/bounded/VLM: success 58/92/98%; IAE 267/333/243; no sensor ablation,Table I p.5; Fig.4 p.6; §III-A pp.2–3,Complex-scenario generality; simulation only; provided waypoints (§VI p.6),Hardware; broader scenarios; autonomously generated waypoints (§VI p.6),papers/2025-liu-high-quality-robotic-wiping.md
B051,Pose-and-shear-based tactile servoing,John Lloyd; Nathan F. Lepora,2024,"The International Journal of Robotics Research 43(7), 1024–1055",Relevant,외부 vision/current whole-object pose 없이 tactile의 local pose-and-shear와 proprioception으로 surface following과 pushing을 수행한다. 특히 slip-induced tactile aliasing을 uncertainty model 및 robot kinematics 기반 Bayesian filter로 보완하고 그 효과를 비교한다. Binary marker image와 영역별 contact Boolean은 다른 표현이므로 구분해서 분석한다.,Tactile object tracking; surface following; single/dual-arm pushing,State Estimation + Controller; Tactile servoing,GDN supervised NLL; SE(3) discriminative Bayesian filter; PID,One/two Franka Emika Panda arms with TacTip,6D Cartesian velocity twist,Feedforward+MIMO PID; target-bearing SISO PID; libfranka 1 kHz low-level,No external vision; internal tactile cameras,기타,기타,Tactile local contact pose/shear; no whole-object pose tracking,기타,Locally flat prior and known sensor geometry; no full object shape input,No,Yes,TacTip; 331 markers; one/two 40 mm tips,640×480 optical marker image,Grayscale; 430×430 crop; median blur; adaptive binarization; 128×128; normalization,GDN 6D pose/shear mean + uncertainty; filtered SE(3) state,Local contact depth/orientation; translation/rotation shear; uncertainty,Raw image detail reduced; no global pose/shape or calibrated force; slip aliasing,No,Not applicable,Not applicable,Not applicable,Yes; sensor/EEF pose from robot kinematics,Yes; Bayesian state/covariance and PID memory,Not stated; kinematic sensor displacement used,GDN + discriminative Bayesian filter,Goal; reference contact pose; feedforward velocity,Whole-object pose/shape; unambiguous shear from single image,Robot kinematics; temporal filter; uncertainty; local surface prior; goal,Reduce shear aliasing and control contact/target bearing,Not applicable,Not applicable,Not applicable,Not applicable,Not applicable,Not applicable,Not applicable,Not applicable,Not applicable,Controlled comparison; Author explanation only,Filter error decreases with accurate dynamics; sensor/shear removal ablation absent; real pushing trials,"Tables 1–2 pp.16–17; Tables 3–5 pp.22,24–25; §6 pp.22–25",Shear aliasing; local-flat prior; dynamics-noise dependence; foam tall-object failure; absent planning (§6 pp.22–25),Slip-aware data; varied trajectories/features; planning; active dual-arm and dexterous tasks (§6 pp.23–26),papers/2024-lloyd-pose-and-shear-tactile-servoing.md
B052,ManiFeel: Benchmarking and Understanding Visuotactile Manipulation Policy Learning,Quan Khanh Luu; Pokuang Zhou; Zhengtong Xu; Zhiyuan Zhang; Qiang Qiu; Yu She,2026,Not stated,Relevant,"Vision-only, vision+TacRGB, vision+distributed tactile force field를 같은 proprioception·imitation-policy 조건에서 비교하여 tactile 정보의 과업별 역할과 추가 입력의 역효과를 직접 보여 준다. 다만 실행 중 vision을 계속 사용하며 tactile-only 조건은 없고, TacFF는 wrist 6축 F/T가 아니라 접촉면의 normal/shear grid다.",Insertion; screwing; occluded exploration; tactile sorting,Supervised Imitation Learning; Benchmark,Diffusion Policy; Equivariant Diffusion Policy; Flow Matching,Simulation manipulators in IsaacGym/TacSL; real Franka Emika Panda + parallel gripper + GelSight R1.5,Relative pose action chunk; 6D/7D simulation and 5D real depending on gripper/rotation constraints,Relative-pose control; real OSC-yaw with fixed roll/pitch; simulation low-level details Not stated,Yes; current+previous wrist/front RGB throughout execution; sometimes occluded or dim,기타,기타,"Continuous RGB/tactile latent, not explicit numerical object pose; task-dependent occlusion",기타,RGB/TacRGB/TacFF features and demonstration distribution; no explicit mesh/dimensions,No explicit mass/friction/stiffness input,Yes,TacSL simulated GelSight R1.5; real right-finger GelSight R1.5,TacRGB image; TacFF distributed normal+2D shear field,"Normalize [-1,1]; two frames; image resize; TacFF 10×14×3",Separate ResNet18/UniT/T3/AnyTouch or force-field encoder latent; concatenate with vision+proprioception,TacRGB texture/local geometry/deformation; TacFF local pressure and directional shear,No global pose/full shape; TacRGB no calibrated force; TacFF no high-resolution texture; latent compression,"Yes; fingertip tactile force field, not wrist F/T",TacSL simulated field; real GelSight marker optical flow + depth reconstruction,10×14×3 distributed normal and two shear components; normalized,"Policy input for alignment, stable contact, tightening and force-sensitive interaction",Yes; 7D EEF position+quaternion,Yes; current and previous observation frames,Not stated,No explicit numerical object-state estimator,Current RGB camera; task-dependent wrist/front view,Explicit numerical object pose; full shape; physical parameters; globally visible state in occluded tasks,Continuous vision; EEF pose; tactile modality; two-frame history; demonstrations,Vision handles global/pre-contact information; tactile supplies local texture/geometry or force distribution,No simulator object GT stated; sensor observations and proprioception only,"Not applicable; supervised imitation, no critic",Not applicable for training; simulator task success used for evaluation,Not stated; task success/rollout criteria not fully specified,No curriculum stated; randomized starts and demonstration datasets,Local contact distribution on fingertip only; no global object/contact localization,Right-finger contact coverage; field-estimation fidelity; continuous vision for global approach/localization,No units/range/calibration; sim-real elastomer/friction/contact-dynamics gap,Not tested together: benchmark pairs vision with TacRGB or TacFF separately,Input/Sensor ablation; Representation ablation; Controlled comparison; Failure analysis,TacFF helps insertion/screwing; TacRGB helps exploration/sorting; some added modalities degrade; real trends reproduced with separately trained policies,"Tables I–IV/Figs.6–11, PDF pp.5,8–12; §V pp.13–14",Representation generalization; pairwise/simple fusion; subset coverage; sim-real sensory/contact gap (§V-B pp.13–14),More encoders; combined/adaptive fusion; tactile modeling; domain adaptation/randomization (§V-B/§VI pp.13–14),papers/2026-luu-manifeel.md
B053,Current as Touch: Proprioceptive Contact Feedback for Compliant Dexterous Manipulation,Chenyang Ma; Yunchao Yao; Zhenyu Wei; Ruogu Li; Daniel Szafir; Mingyu Ding,2026,Not stated,Relevant,"외부 tactile/F/T 없이 hand motor current와 joint-state history를 contact/load cue로 사용하고 current 제거 ablation을 실물에서 수행한다. Current는 calibrated force나 wrench가 아니며 contact location도 주지 않으므로, proprioceptive force proxy의 정보·가정·모호성과 object-pose 보완 조건을 직접 비교할 수 있다.",Compliant dexterous teleoperation; wiping; card picking; dynamic bottle holding,Supervised Imitation Learning; Compliance Control,"ACT-style CRP prediction with temporal convolution, Transformer, KL and current auxiliary loss",LEAP Hand + Franka Research 3; Unitree Dex3 + Unitree G1,10-frame compliance-reference position chunk for hand and arm/EEF,Fixed-gain joint PD; predicted position error induces torque; exact gains/frequency Not stated,No policy camera; human visual feedback in teleoperation/data labeling; VICON pose in single-card policy,기타,기타,Single-card VICON at train/inference; bottle fixed precomputed pouring pose; teleoperation none,미제공,No explicit shape input; task-specific demonstrations,No explicit stiffness/mass/load/friction input; current is an indirect correlated cue,No external tactile sensor,Not applicable; motor current is described as tactile-like proprioception,Not applicable,Not applicable; current processing recorded separately,No tactile image/taxel/Boolean; temporal motor-current latent instead,No explicit tactile spatial information,"Contact location, pressure/shear map, texture/geometry unavailable",No direct F/T policy input; motor-current proxy used; external F/T measurement-only,Raw joint motor current; external 6-axis F/T only for motivating measurement,10-frame raw joint-current history; normalized; temporal latent; no explicit force conversion,Contact/load cue for compliance-reference prediction and grasp regulation,Yes; hand/arm joint positions or arm EEF pose plus motor current,Yes; default 10-frame observation history; recent prediction aggregation,No previous executed action stated; recent action predictions aggregated at execution,No explicit force/wrench/contact-location estimator; learned CRP predictor,Teleop intent velocity or task-level object/goal/pouring SE(3),Shape/physical parameters; contact location; calibrated force/wrench; pose absent or externally supplied by task,Motor current history; proprioception; user intent or external/fixed task pose; demonstration manifold,"Resolve contact/load ambiguity enough to choose compliant position reference, without force reconstruction",Single-card external VICON required at inference; future action/style and smoothed-current target are training-only,"Not applicable; supervised imitation, no critic",Not applicable; no reward,Not stated; trial outcomes evaluated externally,No curriculum stated,No; current is joint-wise and contact-correlated but contact point is unknown,Hardware-specific current/contact correlation; informative joints; diverse demonstrations; stable PD interface; task pose/intent,Current mixes contact with friction/dynamics/backlash/gravity/drift/noise; multiple-contact inverse ill-conditioned,Not tested; no external tactile condition or combination ablation,Input/Sensor ablation; Controlled measurement; Component ablation; Failure analysis,Current removal degrades real teleoperation and policy tasks; current-force correlation measured; no tactile comparison or force reconstruction,Fig.3 p.3; Tables 1–4 pp.7–9; Table 7 p.13; Appendix C pp.14–15,Hardware/current dependence; empirical labels; task pose dependence; missing component ablations; current nuisance/ambiguity (§5 p.9; App.C pp.14–15),Robust perception/localization and detailed auxiliary/smoothing/threshold-controller studies (§5 p.9),papers/2026-ma-current-as-touch.md
B054,Localizing External Contact Using Proprioceptive Sensors: The Contact Particle Filter,Lucas Manuelli; Russ Tedrake,2016,"IEEE/RSJ IROS 2016, pp.5062–5069",Relevant,Wrist F/T 단독 연구는 아니지만 joint-torque residual로 접촉 위치를 복원할 때 필요한 geometry·dynamics·friction 조건과 multi-contact 비식별성을 직접 다룬다. 따라서 force 정보의 locality 복원 범위와 추가 가정을 판단하는 핵심 근거로 포함한다. 조작 policy 학습 성능을 제시하는 논문으로 취급하지 않는다.,External contact detection/localization on robot surface,State Estimation; Optimization,Contact Particle Filter; generalized momentum observer; constrained QP,"Simulated Atlas; 36 DoF, 30 actuated joints",Not applicable; contact-state estimator output,Not applicable,No,미제공,미제공,No external object pose; robot q provided,미제공,External object geometry absent; complete ROBOT surface mesh required initially,External object parameters No; known ROBOT dynamics and friction-cone constraints used instead,No,Not applicable,Not applicable,Not applicable,Not applicable,Not applicable,Not applicable,Yes,Joint torque residual; simulated 6-axis foot F/T to subtract support contacts,Generalized external torque vector; 3D point forces; zero contact moment,Detection; contact count; location/force estimation,Yes; q/v/actuator torque,Yes; recursive particle distributions and momentum residual,No in CPF motion prior; actuator torque measured by observer,Momentum observer + CPF,Robot mesh; dynamics; friction cones; known foot wrenches,External contact locations/count; external object pose/shape,Robot geometry; dynamics; Jacobians; friction constraints; temporal particles,Restrict contact locations/forces explaining residual,Not applicable,Not applicable,Not applicable,Not applicable,Not applicable,"Yes; point contacts on known robot surface, up to three in simulation",Accurate rigid-body dynamics/torques; known robot mesh/friction cones; point force; sequential arrivals; conditional contact-set approximation,Model error vs contact; non-identifiable multi-contact sets; continuous contact aggregated; simultaneous arrival/divergence,Not applicable,Controlled comparison; Failure analysis; Author explanation only,Most cases within 3 cm; better than two-step illustrative comparison; explicit identifiability caveats,§V/Figs.3–4 pp.5–6; §VI pp.7–8,Model error; identifiability; point contacts; filter divergence; sequential arrivals; simulation-only (§VI pp.7–8),Faster surface projection; additional F/T measurement extension (§V-C/VI-F pp.6–8),papers/2016-manuelli-contact-particle-filter.md
B057,Enhancing Tactile-based Reinforcement Learning for Robotic Control,Elle Miller; Trevor McInroe; David Abel; Oisin Mac Aodha; Sethu Vijayakumar,2025,NeurIPS 2025,Relevant,Sparse binary contact와 proprioception/history를 결합하고 tactile 제거 및 자기지도 표현학습을 비교한다. Object pose 없는 actor·critic과 GT를 쓰는 reward/reset을 분리하여 검토할 수 있다. 모든 로봇 실험은 simulation이며 실물 전이 성과로 해석하지 않는다.,Object finding; Ball bouncing; Baoding rotation,Reinforcement Learning; Self-supervised representation learning,PPO-clip,Simulated Franka; Shadow Hand,9D/20D joint position targets,Joint position control; gains Not stated,No,미제공,미제공,No runtime object pose,미제공,No explicit actor shape; fixed sphere task prior,No actor inputs; simulator ball parameters,Yes,Simulated contact bodies: Franka 2; Shadow links17,Net contact forces,Binarization; threshold Not stated,2/17 bits; stacked history; 256D latent,Link contact presence; temporal pattern,Force magnitude/direction; within-link spatial detail (representation-derived),No,Not applicable,Not applicable,Not applicable,Yes; joints; EEF pose/width in Find,Yes;16 frames Find;4 frames Bounce/Baoding,Yes,No explicit object estimator; learned sensor latent,No,Current object pose; velocity; explicit shape/physical parameters,Binary tactile; proprioception; previous action; history; SSL,Contact feedback and temporal representation; task-dependent benefit,No,No,Yes; object/goal distances; contact/rotation/fall,Yes; object distance fall condition,Simulator initial-state randomization; SSL sensor-only; separate curriculum Not stated,Not applicable,Not applicable,No F/T study; author hypothesizes proprioceptive control-error spatial/multi-contact ambiguity,Not applicable,Sensor ablation; Representation ablation; Controlled comparison; Author explanation only,Tactile utility task-dependent; TR/FD outperform RL-only; auxiliary memory benefits Baoding,Figs.3–5 p.7; Figs.6–7 pp.8–9; Table A1 p.22,Simulation only; added compute/memory cost (§7 p.10),"Tactile-only dynamics; off-policy auxiliary data; adaptive BCE weighting (pp.9–10,18)",papers/2025-miller-enhancing-tactile-rl.md
B058,Factory: Fast Contact for Robotic Assembly,Yashraj Narang; Kier Storey; Iretiayo Akinola; Miles Macklin; Philipp Reist; Lukasz Wawrzyniak; Yunrong Guo; Adam Moravanszky; Gavriel State; Michelle Lu; Ankur Handa; Dieter Fox,2022,Not stated,Partially Relevant,"주요 기여는 접촉 시뮬레이션이지만 Screw task에서 pose/velocity에 force와 action을 추가하는 observation ablation을 제공한다. GT pose를 계속 제공하는 조건에서 force의 유용성이 자동으로 보장되지 않는 비교 근거이며, sensor-free 또는 tactile 정책의 실물 검증 사례는 아니다.",Pick; Place; Nut-and-bolt Screw,Reinforcement Learning; Simulation,PPO,Simulated Franka,6D pose delta Pick/Place;2D Z/yaw Screw,IK; OSC; compared force/hybrid controllers,No,Tracking,Tracking,Simulator GT,기타,Known CAD/mesh/SDF in simulator and keypoint definition; not explicit actor mesh,No actor input; simulation material parameters,No,Not applicable,Not applicable,Not applicable,Not applicable,Not applicable,Not applicable,Yes (comparison); No final Screw observation,Simulated force; sensor mapping Not stated; external DIM dataset only for evaluation,Force observation dimension Not stated; controller wrench6D/action force3D,Observation ablation; hybrid force control; evaluation,Yes; hand pose/velocity,No explicit history; MLP,Action observation compared; temporal indexing Not stated,No; simulator GT,Current object GT,No current pose deficit in evaluated policy,Force/action observation compared on top of pose/velocity,Additional contact information tested but success decreased in this setting,Yes; object pose/velocity,Yes; shared observation; no asymmetric extra state stated,Yes; object keypoint distance and success,Yes; Screw geometry-based success/failure,Yes; stable-grasp state generation and initial-state randomization,No,No F/T localization; known robot model/assembly geometry/stable grasp,No direct ambiguity discussion,Not applicable,Input ablation; Controlled comparison,Pose+velocity0.7760; +force0.5026; +force+action0.3307,Table IV p.11; Tables X–XI p.21,SDF limitations; no regrasp; simulation transfer unverified (§VII p.11),Sim-to-real; image/privileged policies; tactile pose/slip estimation (§VII.A p.11),papers/2022-narang-factory.md
B059,Deep Functional Predictive Control (deep-FPC): Robot Pushing 3-D Cluster using Tactile Prediction,Kiyanoush Nazari; Gabriele Gandolfi; Zeynab Talebpour; Vishnu Rajendran; Willow Mandil; Paolo Rocco; Amir Ghalamzan-E.,2023,IEEE/RSJ IROS 2023,Relevant,시각 대신 tactile image와 robot trajectory/history로 flexible stem contact를 예측하며 접촉 유지 pushing을 수행한다. Tactile image를 1D contact location으로 축약하는 controller와 원시 영상의 dynamics model을 구분하여 분석할 수 있다.,Flexible strawberry stem/cluster pushing; contact maintenance,Learned dynamics; Predictive tactile servoing,ConvLSTM TFM; CNN CLM; PD over prediction horizon,Franka Emika with custom tactile finger,Residual rotational velocity plus reference trajectory,Cartesian velocity controller,No external vision; tactile internal camera only,기타,미제공,1D sensor-relative tactile contact coordinate; not object center pose,미제공,Known sensor geometry; no individual object model,No runtime physical parameters,Yes,Custom half-conic optical marker finger,Membrane marker images;60Hz,64x64x3; CNN; ConvLSTM,Predicted images;1D contact distance for controller,Local deformation in images; axial contact location in CLM,CLM does not explicitly output load/shear/distributed contact (structure-derived),No,Not applicable,Not applicable,Not applicable,Yes; EEF6D pose,Yes; tactile/action context; length Not stated,Yes; past EEF trajectories,CLM1D contact estimator; TFM future images,Planned/reference robot trajectory,Global object pose and analytical dynamics,Tactile; proprioceptive action history; learned dynamics; planned motion,Predict contact displacement and compensate via rotation,Not applicable,Not applicable,Not applicable,Not applicable,Not applicable,Not applicable,Not applicable,Not applicable,Not applicable,Controlled comparison; Failure analysis,d-FPC vs tactile PD/open-loop; improves most conditions; sensor base exception,Tables I–III p.5; §V pp.4–5,Base-zone large deformation; extra cluster contacts; computation cost (§V),Not stated; generic future perspective only (§VI p.6),papers/2023-nazari-deep-fpc.md
B060,Belief-Grounded Networks for Accelerated Robot Learning under Partial Observability,Hai Nguyen; Brett Daley; Xinchao Song; Christopher Amato; Robert Platt,2021 (PDF version); CoRL 2020,CoRL 2020,Relevant,Object position을 보지 못하는 contact manipulation에서 observation-action history를 belief supervision으로 학습한다. 논문이 force-feedback이라 부르는 신호는 finger coordinate/angle이며 별도 wrist F/T와 혼동하지 않아야 한다. 학습 전용 privileged belief와 실행 관측을 명확히 비교할 수 있다.,Top plate grasping; 1D selective bump pushing; 2D contact exploration/grasping,Reinforcement Learning; Belief-supervised representation,A2C+BGN,UR5e with 2-DoF compliant gripper,Discrete direction/compliance/grasp,Finger impedance control; arm tracking details Not stated,No,미제공,미제공,No main policy object pose,기타,Known constrained discrete task geometry/order/grid,Not stated,No separate tactile sensor; proprioceptive contact feedback,Not applicable,Not applicable,Not applicable,Not applicable,Not applicable,Not applicable,No numerical F/T observation stated,Compliant finger position/angle; not wrench,Robot coordinate/angle,Indirect contact inference through finger deflection,Yes; finger coordinate/angle,Yes; GRU 256 observation-action history,Yes,No runtime exact-belief tracker; BGN feature representation,No,Current object locations and target identity under partial observability,Proprioceptive contact; action history; recurrent state; training belief,Remember contact evidence and infer hidden task state,No runtime GT input; Yes true-belief auxiliary target,No main input GT; Yes true-belief auxiliary target; baseline Ah-Cs has state,Yes; hidden target success,Yes for bump movement; grasp action and timeout otherwise,Hidden-state reset/model-based belief supervision; curriculum Not stated,No F/T localization; contact inference via finger angle,Constrained movement; known discrete task model/order/geometry,Partial observation; no net-wrench ambiguity analysis,Not applicable,Controlled comparison,BGN vs history/belief/asymmetric baselines; real 100% denominator Not stated,Figs. 4–7 pp.6–8; Table 3 p.12,"Discrete state validation; belief representation issues (§3,6)",Continuous-state approximate beliefs; Gaussian mixture/particle filter (§6 p.8),papers/2021-nguyen-belief-grounded-networks.md
B061,FACTR 2: Learning External Force Sensing for Commodity Robot Arms Improves Policy Learning,Steven Oh; Jason Jingzhou Liu; Tony Tao; Philip Han; Kenneth Shaw; Satoshi Funabashi; Ruslan Salakhutdinov; Deepak Pathak,2026,Not stated,Relevant,"Motor current와 proprioceptive history에서 external joint torque를 추정하고, 이를 policy input 및 training sample selection에 각각 사용하는 근거를 제공한다. Dedicated wrist F/T나 distributed tactile 없이 contact 정보가 어떤 모델·보정 가정에 의해 얻어지는지 분석할 수 있다.",Bimanual assembly; insertion; cap screwing; force-feedback teleoperation,Imitation Learning; Learned force estimation,Flow matching DiT; ACT; LSTM inverse dynamics,Bimanual AgileX Piper; Franka evaluation; YAM/Nero demonstrations,30-step absolute joint angle/gripper width chunk,Robot joint tracking Not stated; teleop scaled torque feedback,Yes; 4 RGB cameras,기타,기타,Current RGB tokens; no explicit 6D object pose,기타,RGB appearance/demonstration prior; no explicit mesh,No actor object parameters; robot-specific K/dynamics needed,No,Not applicable,Not applicable,Not applicable,Not applicable,Not applicable,Not applicable,Yes (estimated joint torque),Motor current minus learned free-space joint torque; not wrist F/T,Continuous external joint torque; L1+hysteresis for offline contact labels,Policy observation; teleoperation; training resampling,Yes; q/gripper policy; q/qdot/target error estimator,"50-step, 100 Hz estimator window; current observation policy",Target error in estimator; no explicit prior action policy input,NEXT external joint torque estimator,RGB 4 views; gripper widths,Contact/load state ambiguous from vision/current,Estimated external torque; temporal inverse dynamics; contact-phase sampling,Separate free-motion effort from contact; focus training on alignment/contact,Not applicable,Not applicable,Not applicable,Not applicable,Not applicable,No,Known torque constant K; contact-free data; robot-specific model,Unmodeled actuator/friction effects; K scale; hardware variation,Not applicable,Input ablation; Representation ablation; Controlled comparison,w/wo torque and sampling independently compared; estimated torque beats raw current on 2 tasks,Tables 1–2 pp.7–8; Table 4 p.14; Tables 9–10 pp.20–22,K-dependent absolute scale; robot-specific; Piper contact GT unavailable,Not stated,papers/2026-oh-factr2.md
B062,A Contact Model based on Denoising Diffusion to Learn Variable Impedance Control for Contact-rich Manipulation,Masashi Okada; Mayumi Komatsu; Tadahiro Taniguchi,2024,IEEE/RSJ IROS 2024,Partially Relevant,Demonstration trajectory가 explicit surface model을 대신하는 geometry prior이며 force trajectory를 예측해 variable stiffness를 조정한다. Online tactile compensation 연구는 아니지만 object geometry 없이 force-based contact task를 성립시키는 추가 정보와 force의 학습·평가 역할을 분석하는 데 유용하다.,Curved-surface wiping; force-trajectory reproduction,Optimization; Learned contact dynamics,Denoising diffusion RetNet; multiobjective Bayesian optimization,Franka Emika Panda,Phase-dependent stiffness trajectory,Cartesian impedance,No,미제공,미제공,No current workpiece pose,기타,Demonstrated EEF path implicitly supplies surface geometry,No explicit input; learned contact model,No,Not applicable,Not applicable,Not applicable,Not applicable,Not applicable,Not applicable,Yes,EEF external force/torque; physical sensor source Not stated,6D formulation; Fx/Fy/Fz trajectory results; normalized,Training target; demonstration; objective; prediction,EEF demonstrated/reference pose and derivatives,Trajectory-sequence RetNet; not online policy history,Not stated,DCM force predictor; not object pose estimator,Demonstrated force and candidate stiffness,Explicit environment geometric/physical model,Demonstration path; measured forces; learned dynamics,Implicit geometry and force-response prediction,Not applicable,Not applicable,Not applicable,Not applicable,Not applicable,No,Demonstration geometry; task-specific data; impedance model,No direct net-wrench ambiguity discussion; real prediction error,Not applicable,Representation ablation; Controlled comparison,Diffusion/model/finetuning ablations; robot-free optimization evaluated,Figs. 7–10 pp.5–6; Table I p.7; Figs. 15–16 p.8,Black box; real task-oriented Pareto solutions missed (pp.6–7),Explainability/gray-box; larger contact datasets; real accuracy (p.7),papers/2024-okada-diffusion-contact-model.md
B063,Pushing in the Dark: A Reactive Pushing Strategy for Mobile Robots Using Tactile Feedback,Idil Ozdamar; Doganay Sirintuna; Robin Arbaud; Arash Ajoudani,2024,"IEEE Robotics and Automation Letters 9(8),6824–6831",Relevant,42개 capacitive sensing area를 threshold하고 접촉 위치로 축약해 current object pose/shape 없이 pushing한다. Binary/contact-location representation과 robot pose/known base geometry의 보완 관계를 직접 검토할 수 있다. 손목 F/T나 force magnitude를 사용하는 방법은 아니다.,Mobile base pushing bulky objects,Rule-based; Reactive tactile control,Reactive Pushing Strategy,Kairos/Robotnik SUMMIT-XL STEEL holonomic base; arm unused,Planar vx/vy/yaw velocity,Velocity-controlled mobile base,No proposed RPS; vision APS baseline,기타,미제공,2D contact point from tactile; not object center pose,미제공,No object model; known base/taxel geometry,No,Yes,42 capacitive taxels on 14 PCBs; front/left/right base,Capacitance from foam compression,Low-pass; threshold; active taxel positions,Point/line contact; boundary midpoint 2D,Contact region; representative location,Continuous load; full taxel pattern after midpoint aggregation (structure-derived),No; simulation wrench ignored,Not applicable,Not applicable,Not applicable,Yes; robot world pose/odometry,No explicit window; realignment state hysteresis,No,Contact location from taxel geometry,World goal,Object center/orientation/shape/physical parameters,Contact location; robot pose; goal; base geometry; reactive prior,Recenter contact; steer target; stop by contact-goal distance,Not applicable,Not applicable,Not applicable,Not applicable,Not applicable,Not applicable,No F/T; quasi-static/holonomic/known base geometry,Not applicable,Not applicable,Controlled comparison; Failure analysis,"RPS 88.19% vs NPS 15.97% vs APS 5.56% simulation; real 2 × 8, all targets",§III pp.5–7; Table II p.6,Cylinder rolling; pose control/obstacles outside scope; quasi-static,Pose control/obstacle avoidance with shape/size/vision (§IV p.8),papers/2024-ozdamar-pushing-in-the-dark.md
B064,Guiding real-world reinforcement learning for in-contact manipulation tasks with Shared Control Templates,Abhishek Padalkar; Gabriel Quere; Antonin Raffin; João Silvério; Freek Stulp,2024,"Autonomous Robots 48, Article 12",Relevant,"실물 grid-clamp insertion에서 FK로 얻은 clamp 위치와 3D force를 actor에 제공한다. 알려진 hole frame, orientation constraint, 좁은 탐색 영역이 접촉 학습을 성립시키므로 F/T 기반 방법의 추가 정보와 가정을 비교하는 데 직접 관련된다. Force cost 비교는 존재하지만 force 입력 제거 실험과는 구분해야 한다.",Pouring; grid-clamp insertion/assembly,Reinforcement Learning; constrained controller,SAC; TQC (simulation comparison),DLR SARA; simulated KUKA iiwa,3D SCT action mapped to 6D EEF pose increment,Cartesian position control,No (actor); human outcome judgment for real pouring,Tracking,기타,Robot FK estimate relative to known mug/hole frame,기타,Known target frame; hand-designed geometric constraints,No explicit actor input,No,Not applicable,Not applicable,Not applicable,Not applicable,Not applicable,Not applicable,Yes,Integrated F/T sensor; mounting/model Not stated,3D force in clamp frame,Policy observation; force penalty; evaluation,Yes; FK-derived relative pose,No explicit history,No explicit previous action,FK object pose estimate,Known goal frame; SCT phase for controller,Independent exact object pose; grasp/kinematic/calibration uncertainty,Force; FK; geometric constraints; known target frame,Contact feedback under constrained local search,Real: No simulator GT; simulation pose source Not stated,Not stated,Simulation outcome state; real sensor/human outcome labels,Simulation outcome state; real EEF-z proxy/human labels,Real: No simulator GT; six-location reset; constraints,No,Known target geometry/frame; FK/grasp transform; constrained orientation; small translation region,Contact-localization ambiguity not directly discussed,Not applicable,Controlled comparison; No supporting evidence for force-input removal,Force-cost comparison retains force observations in both conditions; approximately 70 episodes to success 1,§5.1 pp.8–11; §5.2.3 Fig.11 pp.12–13,Hand-designed constraints; limited applicability to intricate motor skills (§6 p.13),Extract constraints/nominal policy from demonstrations; uncertainty-aware MPs (§6 p.13),papers/2024-padalkar-shared-control-templates.md
B065,Towards Safe and Efficient Learning in the Wild: Guiding RL With Constrained Uncertainty-Aware Movement Primitives,Abhishek Padalkar; Freek Stulp; Gerhard Neumann; João Silvério,2025,"IEEE Robotics and Automation Letters 10(7), 6880–6887",Relevant,실물 BNC insertion/locking에서 6D wrench와 EEF pose를 RL actor에 제공한다. Demonstration에서 얻은 nominal trajectory·covariance와 수작업 linear constraints가 함께 사용되므로 force-feedback 조작의 추가 정보와 prior를 분석할 수 있다. Force 입력 자체의 ablation은 보고하지 않는다.,BNC connector alignment; insertion; locking,Reinforcement Learning; Learning from Demonstration; constrained optimization,TQC; LC-NS-KMP,DLR SARA 7-DoF,Null-space action modifying KMP desired 6D EEF pose,Torque-controlled robot; specific pose-tracking controller Not stated,No,미제공,미제공,No explicit current object pose; EEF pose measured relative to demonstration goal frame,기타,Demonstration path/covariance; manually defined linear constraints,No explicit input,No,Not applicable,Not applicable,Not applicable,Not applicable,Not applicable,Not applicable,Yes,6D wrench measured at center of compliance; hardware origin Not stated,6D wrench,Actor observation; reward cost; evaluation,Yes; 6D EEF pose,No explicit history,No explicit previous action,Not stated,Time; demonstration reference; constraint/projector prior,Explicit current object state; exact contact dynamics,EEF pose; wrench; demonstration trajectory/covariance; linear constraints,Reactive RL correction and constrained exploration,Real: No simulator GT; simulated actor time only,Not stated,Simulation state; real measured wrench/joint-torque collision; success label source Not stated,Simulation state; real success detection details Not stated,No stated adaptive curriculum; five real demonstrations and expert constraints,No,Successful demonstrations; reference frame; manual linear constraints; useful demonstration covariance,Not directly discussed,Not applicable,Controlled comparison; Failure analysis; Author explanation only,Real KMP fails; KGRL reaches success 1 at about 45 episodes; no wrench-input ablation,§IV Figs.4–7 pp.5–7,Manual expert constraints; exploration encoded in demonstrations may be inappropriate (§V pp.7–8),Automated constraint extraction; non-linear constraints (§VI p.8),papers/2025-padalkar-kernelized-guided-rl.md
