paper_id,title,authors,year,venue,relevance_class,relevance_reason,task,method_category,algorithm,robot,action,low_level_controller,vision_used,object_position_condition,object_orientation_condition,object_pose_source,object_shape_condition,object_shape_source,object_physical_parameters,tactile_used,tactile_sensor,tactile_raw,tactile_preprocessing,tactile_representation,tactile_retained_information,tactile_removed_information,ft_used,ft_source,ft_representation,ft_role,proprioception_used,history_used,previous_action_used,state_estimator,other_observation,missing_object_information,supplementary_information,supplementary_information_role,actor_privileged_gt,critic_privileged_gt,reward_gt,termination_gt,curriculum_gt,ft_contact_localization,ft_required_assumptions,ft_reported_ambiguity,tactile_added_to_ft_reason,evidence_type,evidence_summary,evidence_location,author_limitation,author_future_work,analysis_note_path
B001,Dexterous Functional Grasping,Ananye Agarwal; Shagun Uppal; Kenneth Shaw; Deepak Pathak,2023,CoRL 2023,Relevant,초기 visual affordance 후 object pose/vision 없이 proprioception과 GRU로 blind grasp를 수행; recurrence 비교와 training-only object state를 조사할 수 있음,Functional grasping; tool pickup; grasp maintenance during post-grasp arm trajectory,Reinforcement Learning; visual affordance pre-grasp; human-data action prior,PPO,xArm6; LEAP Hand (16 joints),9D eigengrasp coefficients → 16D hand joint angles; arm follows separately specified trajectory,Hand joint-angle command; arm mocap/keypoint trajectory; both 30 Hz; PD/torque-loop details Not stated,Yes: initial pre-grasp RGB-D; No in blind grasp actor,Initial,Initial,Initial affordance-region 3D point from RGB-D in robot frame; mask principal axis for hand direction; not full object pose; current object pose absent from grasp actor,Initial,Initial DETIC mask/local geometry; category exemplar affordance; no mesh/CAD input to grasp actor; hammer geometry prior from training,No actor input; scale/mass/friction randomized in training,No,No,Not applicable,Not applicable,Not applicable,Not applicable,Not applicable: no tactile representation; contact location/pressure not directly measured,No,No,Not applicable,Not applicable,Yes: 16 hand joint positions; joint velocities unavailable from hardware,"Yes: GRU hidden state (256D); 32-step truncated BPTT is training length, not a fixed execution history window",Not stated,No explicit object-state estimator; recurrent state not supervised pose estimation,7D target EEF pose (not current object pose); Appendix D calls observation R16 but lists 7+16 components: total observation dimension unresolved,Current object pose and vision updates during grasp; object physical parameters; direct hand joint velocities,Initial visual affordance; hand joint positions; target EEF pose; GRU state; domain randomization; eigengrasp action prior,Initial functional pre-grasp; reactive grasp recovery and adaptation; author interprets hidden state as implicit joint-velocity information; no object-pose reconstruction claim,No object GT: hand joints + target EEF pose; total input dimension inconsistent in PDF,Not stated: no critic input/asymmetry specification,"Yes: simulated object height and hand–object distance; p.5 prints 0.04cm threshold, not silently corrected",Yes in simulation: hand–object distance >20 cm; real online termination implementation Not stated,Simulation data/reset: procedural hammer geometry and physical parameters; initial pre-grasp; curriculum schedule Not stated,Not applicable,Not applicable,Not applicable: no F/T; original does not discuss F/T ambiguity,Not applicable,Controlled comparison; Author explanation only,RNN vs feed-forward success hammer 1.00±0.00 vs 0.60±0.54; drill 0.23±0.16 vs 0.21±0.19; screwdriver 0.95±0.10 vs 0.56±0.52 (5 seeds); implicit velocity/recovery explanations have no input-specific ablation,"§3–4.1, Table 1, PDF pp.5–6; §4.3, Figs.5–6, p.7; §4.4, Table 3, pp.7–8","Large pre-grasp errors unrecoverable; affordance joint-pose information unused (§6, p.8); heavy drill difficult (§4.2, p.6)","Local wrist view to refine erroneous pre-grasp; potential joint-pose information for thin objects (§6, p.8); internet-video/third-person post-grasp trajectories suggested (§2.3, p.5)",batch_001/papers/2023-agarwal-dexterous-functional-grasping.md
B007,Learning Force Control for Contact-Rich Manipulation Tasks With Rigid Position-Controlled Robots,Cristian Camilo Beltran-Hernandez; Damien Petit; Ixchel Georgina Ramirez-Alpizar; Takayuki Nishi; Shinichi Kikuchi; Takamitsu Matsubara; Kensuke Harada,2020,"IEEE Robotics and Automation Letters 5(4), 5709–5716",Relevant,F/T와 EEF 목표 pose 오차·속도를 함께 입력하여 접촉 조작을 수행하는 사례다. 물체 형상 모델 없이 동작하지만 알려진 EEF goal과 튜닝된 force controller에 의존하므로 F/T-only라는 표현의 조건을 구분하는 데 직접 유용하다. Tactile은 사용하지 않으며 F/T 센서 제거 비교도 없다.,Peg/ring insertion; precision assembly,Reinforcement Learning; Hybrid force control,SAC,UR3 e-series; Robotiq Hand-e,6D pose commands + controller gains; P-14 14D; A-13pd 13D,Parallel position/force or admittance; IK; position control; policy 20 Hz / controller 500 Hz,No,미제공,미제공,No current object pose; known EEF goal plus measured EEF state,미제공,No environmental geometry assumed; robot IK model separate,No actor object properties; empirical controller gains and fixed admittance inertia separate,No,Not applicable,Not applicable,Not applicable,Not applicable,Not applicable,Not applicable,Yes,EEF-mounted Force/Torque sensor; exact model Not stated; not joint-torque estimated wrench,F_ext force/torque feedback; low-pass filtering; per-axis controller feedback,Actor observation; force control; reward; collision detection; termination,Yes; EEF pose error and velocity; joint safety/IK state separate,Not stated; controller integral/derivative separate,No in defined actor observation,No explicit object/contact estimator,Known EEF goal; safety limits/controller gain priors,Current object pose; environment geometry; precise interaction dynamics,F/T; EEF goal error; EEF velocity; controller priors,Contact-responsive trajectory/compliance while nominal PD moves toward known EEF goal,Object GT No; sim observation API Not stated,Not stated,No separate object GT declared; EEF error/action/wrench/safety outcome; sim source Not stated,No separate object GT declared; EEF goal threshold/force/timeout,Not stated; fixed initial-state comparison setup,No,Known EEF goal; EEF state; IK; empirical controller gain base/range; limits; assembly setup,Collision limit reactive after contact; multi-contact/locality/bias ambiguity not directly discussed,Not applicable; tactile not used,Controlled comparison; Author explanation only,Controller/action-space and safety-penalty comparisons; no F/T-removal ablation; A-13pd collisions 300 vs 462 and P-14 121 vs 206 with/without penalty,§IV; Tables I–II; Figs.5–9; PDF pp.5–7,Sensitivity to gain base/range; known EEF goal assumption; ring pose changes in grasp,Demonstration-based gain initialization; vision-based rough target estimation and end-to-end learning,batch_001/papers/2020-beltran-hernandez-learning-force-control.md
B008,Precision-Focused Reinforcement Learning Model for Robotic Object Pushing,Lara Bergmann; David Leins; Robert Haschke; Klaus Neumann,2025,"2025 International Conference on Advanced Robotics and Mechatronics (ICARM), 758–765",Partially Relevant,"Tactile/F/T를 사용하지 않는 vision–proprioception pushing 연구다. 다만 binary visual representation에 없는 mass/friction 정보를 episode history로 보완한다는 명시적 논리와 memory 비교가 있으므로, 미관측 물성의 history 보완 구조에 한정하여 포함한다. 시각이 없는 실행 또는 tactile 정보손실 보완의 직접 증거로 사용하지 않는다.",Precise planar object pushing,Reinforcement Learning,SAC; HER; GRU,Franka Emika Panda; push rod,3D EEF planar offsets + repeated controller steps (10–600),Custom velocity controller; maintains vertical rod; 1 ms cycle,Yes; current RGB-derived binary object masks; fixed initial goal mask,기타,기타,Current visual latent each step; no numeric object pose input; reward GT separate,기타,Current binary silhouette implicit shape; no mesh/CAD/dimensions input,No; mass/friction not visible,No,Not applicable,Not applicable,Not applicable,Not applicable,Not applicable,Not applicable,No,Not applicable,Not applicable,Not applicable; simulated friction force used for sampling only,Yes; base-frame EEF planar position 2D,Full episode observation GRU; no-history and stacked 5-frame comparisons,No in defined observations,6D visual encoder; GRU latent context; no explicit dynamics estimate,Goal latent 6D; initial zero GRU hidden state,Mass/friction/sliding-friction behavior unavailable in binary visual image,Episode vision+EEF-position history; GRU; dynamics sampling,Retain object response information through contact breaks; author rationale plus memory comparison,No numeric object GT,No extra object GT declared; same inputs with separate GRU,Yes; GT object/goal centers,No for fixed 50-step horizon; Yes for simulation success evaluation; real visual inspection,HER GT goal relabeling/reward; object geometry/dynamics randomization; no explicit schedule,Not applicable,Not applicable,Not applicable,Not applicable,Input ablation; Controlled comparison; Failure analysis; Author explanation only,Sim all-shape SR: eGRU 81% / uGRU 73% / Stacked 76% / VPM 67%; real 87.5% / 50% / 25% / 37.5% over 8 episodes per agent; eGRU changes memory and sampling; no tactile/F/T study,§IV-B p.3; §IX Figs.5/7 pp.5–6,Simple shapes; no occlusion; no smoothness/safety guarantees; real success visual inspection only,Imitation learning for complex shapes; occlusion; C2-continuous control; safety constraints,batch_001/papers/2025-bergmann-precision-focused-pushing.md
B011,Gentle Object Retraction in Dense Clutter Using Multimodal Force Sensing and Imitation Learning,Dane Brouwer; Joshua Citron; Heather Nolte; Jeannette Bohg; Mark Cutkosky,2026,"IEEE Robotics and Automation Letters 11(2), 1578–1585",Relevant,"조밀한 clutter 안에서 물체를 꺼내는 정책에 분포형 triaxial tactile과 joint-torque 기반 추정 wrench를 함께 제공한다. 동일한 imitation-learning 구조에서 각 force modality의 제거 실험을 수행하므로 정보의 역할과 검증 범위를 직접 비교할 수 있다. Binary tactile 연구는 아니며, 현재 RGB 영상도 계속 사용한다.",Dense-clutter object retraction; suction grasping; gentle contact manipulation,Imitation Learning,Diffusion Policy,Flexiv Rizon 4; custom suction end-effector,8D absolute Cartesian position + quaternion orientation + binary suction command,Flexiv ROS pose command interface; detailed low-level control law/gains Not stated,Yes; current 128×128 eye-in-hand RGB,기타,기타,Current RGB features; no explicit numeric object pose input/estimator,기타,Current RGB appearance; red target cue; learned limited object-set prior; no explicit mesh/CAD input,No actor object mass/friction input; task-specific force thresholds calibrated separately,Yes,Two 49-taxel soft triaxial arrays on left/right nonprehensile end-effector surfaces,98 spatial taxels; three force components per taxel,Pad each array with one zero taxel; triaxial force to RGB intensity; right y-axis sign flip; 20×5 image; separate pretrained ResNet-18,Tactile image embedding concatenated with visual embedding and low-dimensional observations,Spatial taxel contact pattern; normal force magnitude; signed shear components before CNN encoding,8-bit quantization; no coverage outside two arrays; CNN feature information loss Not stated; binary reduction not tested,Yes; estimated wrench; wrist F/T sensor No,Dynamics-compensated wrench estimated from built-in Flexiv joint-torque sensing in TCP frame,6D wrench policy input; resultant 3D force norm for safety; 0.8 s moving average/impulse thresholds,Policy observation; full-arm contact safety threshold; force-response evaluation,Yes; TCP position + quaternion from joint encoders (7D),Yes; previous observations; exact configured observation horizon Not stated; action chunk 8 at 10 Hz is separate,Not stated,Built-in dynamics-compensated wrench estimate; forward-kinematic TCP pose; no explicit object pose estimator,Binary suction acquisition from gauge pressure <−6.9 kPa,No explicit numeric current target/obstacle pose or full geometry; visual occlusion and local contact-force uncertainty,RGB; tactile distribution; joint-torque estimated wrench; TCP proprioception; observation history; suction acquisition,Visual target/navigation cues; local peak contact loads; net/full-arm load; motion context; acquisition confirmation; contact-responsive action prediction,Not applicable; imitation policy uses measured multimodal observations,Not applicable,Not applicable,Not applicable (RL); measured force/suction and timeout used operationally,Not applicable; randomized real scenes and expert demonstrations,No; no inverse contact localization estimator,Robot dynamics compensation and TCP transform for wrench; force safety uses resultant load rather than identifying each contact,Net wrench does not identify individual loads in simultaneous multi-contact; motion noise detection floor about 3.3 N,Local peak force at instrumented EEF surfaces detects potentially damaging individual contacts that net load can hide; net wrench covers arm contacts outside tactile arrays,Sensor ablation; Sensor combination ablation; Controlled comparison; Failure analysis; Author explanation only,"40 trials each: baseline 15, wrench 24, tactile 24, combined 27 successes; each force-aware condition beats baseline at p<0.05; combined superiority over single force modality not established; excess-force failures 15/7/7/11",§IV-B PDF p.4; §V–VI PDF pp.5–7; Fig.6–7,Local tactile coverage; force thresholds task-specific; multimodal excess-force failures higher than single-force conditions without significance; causal explanation and broad object generalization untested,More diverse/OOD objects; arbitrary target segmentation; adaptive gentleness; RL fine-tuning; reactive control; richer acquisition and manipulation; model-based force-controller comparison,batch_001/papers/2026-brouwer-gentle-object-retraction.md
B012,UltraDP: Generalizable Carotid Ultrasound Scanning with Force-Aware Diffusion Policy,Ruoqu Chen; Xiangjie Yan; Kangchen Lv; Gao Huang; Zheng Li; Xiang Li,2025,"2025 IEEE/RSJ International Conference on Intelligent Robots and Systems (IROS), 20074–20080",Partially Relevant,"Task는 경동맥 ultrasound scanning으로 일반 물체 manipulation과 다르지만, 접촉을 유지하는 로봇 정책이 wrist F/T와 probe pose를 어떻게 함께 쓰는지 직접 조사할 수 있다. Wrench 관측과 pose 관측을 각각 제거한 ablation 및 실패 분석이 있다. Tactile와 Binary representation 연구는 아니므로 force/proprioception/영상의 역할과 low-level controller 분리에 한정해 포함한다.",Robotic carotid ultrasound scanning; maintaining probe-skin contact; centering artery image,Imitation Learning; Hybrid force-impedance control,DDPM Diffusion Policy with ultrasound landmark guidance,Franka 7-DoF manipulator; ultrasound probe; ATI mini40; RealSense D405,Predicted relative probe pose + desired 6D wrench,Hybrid force-impedance; probe z-axis force control and other five dimensions impedance; null-space torque; gravity/Coriolis compensation; 1 kHz,Yes; current wrist RGBD with depth background mask; current ultrasound images,기타,미제공,Artery image-space horizontal landmark from ultrasound network; no numeric 3D neck/artery pose; current probe pose is robot state,기타,Online ultrasound/RGBD appearance; known linear-array probe geometry; no full anatomical mesh/CAD input,No actor tissue stiffness/friction input; robot dynamics and controller gains separately provided,No,Not applicable,Not applicable,Not applicable,Not applicable,Not applicable,Not applicable,Yes; wrist-mounted F/T,ATI mini40 between manipulator flange and ultrasound probe,Measured 6D contact wrench observation; desired 6D wrench action; z-axis force selected for feedback control,Policy observation; desired-force prediction; contact maintenance in hybrid controller; contact-force evaluation,Yes; current probe position 3D + rotation representation 6D; controller joint state,Yes; observation-action sequences with receding horizon; configured history length Not stated,Not stated,Ultrasound artery-presence and horizontal-landmark network; current probe pose source details Not stated,Current ultrasound image; RGBD; known probe parameter for image-space guidance,No explicit current 3D anatomy pose/full shape/tissue physical parameters,Contact wrench; current probe pose; ultrasound image; wrist RGBD; image-space landmark guidance; known probe mapping,Wrench adapts desired contact force; probe pose helps maintain trajectory/image centering; landmark guidance directs artery to image center; hybrid controller preserves contact,Not applicable (non-RL); measured execution observations; expert-labelled landmark pretraining is supervised data,Not applicable,Not applicable,Not applicable (RL); scan ends at bifurcation; exact autonomous detector Not stated,Not applicable; expert demonstration and Cartesian data augmentation,"No; anatomical localization comes from ultrasound images, not wrench-only inversion",Known probe z-axis contact direction and selection transforms; robot kinematics/dynamics; linear probe geometry parameter for visual guidance,Wrench-only location or multi-contact ambiguity not directly discussed,Not applicable; no tactile input,Input ablation; Controlled comparison; Failure analysis,20 trials: full 19; without policy wrench 0; without policy pose 8 successes; without both no convergence/no trial. Low-level F/T control remains; this is not a force-free system ablation.,"§IV-B–C, PDF p.6; Table II–III",Centered expert data alone makes learning recentering difficult; unknown-subject offline tracking error higher than known-subject; no comprehensive limitation section,Larger-scale validation; proposed dataset release after processing,batch_001/papers/2025-chen-ultradp-force-aware-scanning.md
B013,CHEQ-ing the Box: Safe Variable Impedance Learning for Robotic Polishing,Emma Cramer; Lukas Jäschke; Sebastian Trimpe,2025,Not stated,Relevant,"시각 없이 force와 proprioception으로 polishing을 수행하는 variable-impedance RL 연구다. 그러나 알려진 workpiece 위의 reference path와 nominal controller를 사용하므로, pose 없는 manipulation을 성립시키는 geometry/task prior를 구체적으로 분석할 수 있다. Force input, critic ensemble, runtime controller mixing, reward와 safety termination을 분리할 수 있으며 tactile 병용의 근거는 제공하지 않는다.",Non-rotating robotic polishing on curved fixed workpiece; force/velocity/path tracking,Reinforcement Learning; Hybrid nominal controller + RL; Variable impedance control,CHEQ; SAC actor with critic ensemble and uncertainty-adaptive controller mixing,7-DoF Franka Panda; non-rotating polishing tool; 3D-printed bridge workpiece,Cartesian pose increment; six diagonal stiffness gains; scalar damping factor; mixed with nominal control action,Cartesian impedance to joint torques; D=2ζ√K; null-space torque; gravity/Coriolis compensation,No,미제공,미제공,No current workpiece pose observation; robot EEF pose and known reference path are separate,기타,Known surface reference path from seven predefined via-points; SLERP orientations; indentation/tool offset; no full runtime mesh specified,No actor object mass/friction input; low-friction and near-constant contact-area assumptions; robot dynamics/controller settings separate,No,Not applicable,Not applicable,Not applicable,Not applicable,Not applicable,Not applicable,Yes; F/T sensor; exact sensor model/mount Not stated,Force-torque sensor; not established as wrist-mounted or joint-torque estimated,Actor contact force F∈R3; norm for force reward/limit; 35 Hz low-pass filter on hardware; torque components not stated as actor input,Policy observation; force tracking reward; force safety truncation; evaluation,"Yes; q, cos(q), sin(q), joint velocity, EEF pose and velocity; 74D base state includes force and path errors",No sensor history stack stated; hardware averages uncertainty over 10 steps for mixing weight,Not stated,Critic-ensemble uncertainty estimator for adaptive mixing; no current workpiece pose/contact-location estimator,Position/velocity errors to next five reference-path points; blending-weight context in CHEQ; known goal/reference trajectory,No online current workpiece pose/full shape or material-removal state input,Known reference path; nominal controller; proprioception; 3D contact force; robot dynamics; critic uncertainty,Path prior supplies task geometry; force/proprioception adjust impedance and pose; uncertainty allocates control authority to nominal versus learned action,No hidden object GT input stated; robot state + contact force + known path errors; simulation sensor extraction API Not stated,"No additional asymmetric GT stated; Q(s,aRL,λ) ensemble also used at execution for uncertainty/mixing",Known path + robot position/velocity + sensed force; no hidden current object GT identified; simulation state source API Not stated,Robot state/force constraints and reference-path completion; no current object GT identified; simulated state API Not stated,Uncertainty-based λ adaptation; no object-GT curriculum stated; known nominal path prior,No,Known workpiece surface path and orientation; tool indentation offset; low friction for norm≈normal force; approximately constant contact area; rigid robot kinematic/dynamic model,Hardware drift and motion-dependent force-sensor noise; multi-contact/net-wrench locality ambiguity not directly discussed,Not applicable; tactile unused,Controlled comparison; Failure analysis; Author explanation only,"No F/T input ablation. At 2.5M sim steps mean failures: CHEQ 56.2±5.6, safe SAC 3237.4±285.3, unsafe SAC 6631.7±98.9. Hardware 250k-step/8h report: 5 failures; longer Appendix C run separate.","§5–6, PDF pp.4–6; Fig.3–5; Appendix B–C, pp.11–12",No theoretical safety guarantee; 20 Hz hardware vs 50 Hz sim; F/T drift/motion noise; gain chattering; conservative mixing slows curriculum; longer training no further polishing improvement,Not stated,batch_001/papers/2025-cramer-cheq-safe-variable-impedance.md
B014,Vi-TacMan: Articulated Object Manipulation via Vision and Touch,Leiyao Cui; Zihang Zhao; Sirui Xie; Wenhuan Zhang; Zhi Han; Yixin Zhu,2026,arXiv preprint; published venue Not stated,Relevant,초기 vision으로 stable grasp와 coarse interaction direction을 얻고 이후 tactile contact regulation으로 articulated manipulation을 수행하므로 초기 object 정보 이후의 보완 구조를 직접 보여 준다. Tactile은 threshold로 활성 marker를 고른 뒤 marker 위치변화를 유지하는 표현이며 영역별 Binary policy가 아니다. F/T를 함께 사용하는 연구는 아니다.,Articulated object manipulation; tactile contact regulation,Supervised perception; Optimization; Tactile servoing; Hybrid,PointNet++; Kabsch registration; vMF/Fréchet mean; no RL,Kinova Gen3 7-DoF; tactile-equipped parallel gripper,Initial grasp SE(3)+width and direction; tactile EEF SE(3) update,Point-registration tactile controller 50 Hz; joint/IK details Not stated,"Yes; initial RGB-D, normals, part masks; subsequent execution tactile",Initial,미제공,"Initial visible point coordinates and holdable-region centroid for grasp translation; partial positional cue, not whole-object center/full pose; current orientation not provided",Initial,Partial RGB-D point cloud; surface normals; movable/holdable masks; no full explicit kinematic model,No; strict rigid-body/stable-grasp assumptions,Yes,GelSight-style optical tactile sensors on gripper pads,Elastomer deformation and black-marker positions; sensor image resolution/count Not stated,Normal-deformation threshold selects active markers; marker-wise position tracking,Active marker positions and reference/current contact change; point registration,Contact marker spatial configuration; marker-wise displacement,Subthreshold markers excluded (structurally evident); other raw-image losses Not stated; not binary-only,No,Not applicable,Not applicable,Not applicable,Not stated as explicit controller input contract,Initial reference contact and current marker changes; stack length Not stated,Not stated,Initial displacement/transform/direction estimate; local contact registration,Initial stable grasp G; coarse direction d; reference contact C0,Precise articulation kinematics; continuous whole-object pose model,Initial vision geometry cues; tactile marker contact regulation,Vision establishes grasp/coarse direction; tactile maintains local contact without explicit kinematic tracking,Not applicable,Not applicable,Not applicable,Not applicable; task stop rule Not stated,Not applicable; supervised simulator point-flow and part labels used,Not applicable,Not applicable,Not applicable,Not applicable; no F/T,Input ablation; Controlled comparison; Author explanation only,"Normals reduce angle error 10.10±6.57 → 8.13±6.54 deg over 5,836 samples; no tactile-removal or sensor-combination ablation; real demonstrations without trial success table",§IV-A/B; Table II; Figs.7/9/10; PDF pp.5–7,Rigid-body assumption; stable initial grasp maintained; unimodal directions may be insufficient,Non-rigid/sequential estimation; multi-modal direction; command conditioning; slip detection/regrasp; interpretable HRI,batch_001/papers/2026-cui-vi-tacman.md
B015,Dynamic object goal pushing with mobile manipulators through model-free constrained reinforcement learning,Ioannis Dadiotis; Mayank Mittal; Nikos Tsagarakis; Marco Hutter,2025,"2025 IEEE International Conference on Robotics and Automation (ICRA), 13363–13369",Partially Relevant,"Tactile/F/T를 정책 입력으로 쓰지 않는 contact-rich pushing 연구지만, 실행 actor의 pose-only object 정보와 학습 critic·reward·constraint의 추가 물체 GT를 명확하게 분리한다. 따라서 shape/dynamics가 실행에서 빠진 조작의 training-time information 조건을 비교하는 한정 근거로 포함한다. 시각/pose가 없는 실행이나 tactile·F/T 상보성의 직접 근거는 아니다.",Mobile object goal pushing; pose change; contact switching; anti-toppling,Reinforcement Learning; constrained control,Asymmetric constrained PPO; CaT,ANYmal quadruped + 6DoF arm (5 controlled),11D deviations: base velocity/orientation/height 6D + arm joint positions 5D,Frozen locomotion policy + arm joint impedance; push/locomotion 50 Hz,External motion capture object/base pose; no onboard RGB actor,Tracking,Tracking,Sim GT+uniform noise; real continuous external motion capture; current pose and goal-relative terms separate,미제공,No actor dimensions/shape; critic dimensions/shape one-hot and reward bbox/surface separate,No actor mass/CoM/inertia/friction; critic physics GT and domain randomization,No,Not applicable,Not applicable,Not applicable,Not applicable,Not applicable,Not applicable,No,Not applicable; joint torque constraint is not F/T sensor input,Not applicable,Not applicable; arm/leg torques used for training constraints,Yes; arm joint positions/velocities; base velocity/angular velocity; gravity,No stack/recurrent memory reported; memory is future work,Yes; 11D,External object/base motion capture; no dynamics/contact estimator,Object-goal relative position 3D; goal relative orientation 9D; actor 54D,Actor object size/shape/dynamics/contact state,Current object pose; proprioception; previous action; domain randomization; privileged critic,Pose-responsive contact/height adaptation; training-only physics/geometry supervision; individual input necessity not ablated,Yes; noisy simulator current object pose; real tracking required; hidden physical GT No,Yes; noiseless observations + contact/CoM/mass/dimensions/inertia/object velocities/shape; 73D,Yes; GT bbox keypoints/surface reach target/object velocity/success,CaT constraint reward termination uses state/torque/collision/tilt; hard reset by timeout/fall; real stop at tracked-pose success,Yes; surface target sampling; reward weights; CaT probability schedule; physics/geometry randomization,Not applicable,Not applicable,Own F/T study No; related work mentions feedback loss after contact break,Not applicable,Controlled comparison; Failure analysis; Author explanation only,Surface/balance ablation: 91.35% success and 3.46% toppling vs without balance 90.00%/6.93%; size adaptation trace; real success 80–92.9%; no input/critic/sensor-removal ablation,"Tables III–V, PDF p.5; Figs.5–7, PDF p.6",Low-reaching joint-limit difficulty; near-goal stop failure interpreted as tuning issue; external mocap deployment,Policy memory; onboard object perception,batch_001/papers/2025-dadiotis-dynamic-object-goal-pushing.md
B016,"Coarse-to-Fine Robotic Pushing Using Touch, Vision and Proprioception",Bowen Deng; Yijiong Lin; Max Yang; Nathan F. Lepora,2025,IEEE Robotics and Automation Letters 10(2):1545–1552,Relevant,물체 local contact pose를 3개 성분으로 축약한 tactile estimator와 proprioception을 결합해 pushing한다. 이 표현에서 없는 물체 전체 위치·방향 및 초기 접근 정보는 vision의 단계별 재위치 추정과 bounding rectangle로 보완한다. Multi-stage와 single-stage 비교가 있지만 tactile-only/vision-only 센서 제거 실험과는 다르다.,Planar pushing to target position and orientation; packing objects,State Estimation + Controller; tactile servoing; rule-based multi-stage,Not applicable: non-RL,Dobot MG400; TacTip; Realsense D435,EEF position updates; discrete pushes; multi-stage target-bearing control,Position control; tactile servo plus target alignment; detailed gains Not stated,Yes: continuous coarse localization; reused before final push; ArUco for evaluation,기타,기타,Phase-dependent visual bottleneck pose; tactile local contact depth/normal; no continuously supplied full object pose during fine push,Initial,Visual minimum bounding rectangle dimensions/axis; no full mesh,No controller mass/friction input stated,Yes,TacTip optical tactile sensor,Real tactile image; simulated 256×256 contact depth image,Paired-image GAN real-to-sim translation; PoseNet,3-component surface contact pose: normal depth and two orientation angles,Local contact depth; surface normal orientation,Uniform-surface tangential position unobservable (explicit); full pressure/shear map not in 3D representation,No,No,Not applicable,Not applicable,Yes: EEF pose for target alignment,Not stated,Not stated,Visual bottleneck relative pose; tactile contact PoseNet,Target position/orientation; stage; rectangle dimensions; evaluation-only ArUco,No tactile tangential location/full global pose; no orientation target control from single-stage pushing,Vision; EEF proprioception; goal; limited shape; multi-stage relocalization,Initial contact localization; goal alignment; orientation/position control via staged pushes,Not applicable: non-RL,Not applicable: non-RL,Not applicable: non-RL,Not applicable: non-RL; stage termination uses EEF constraints/geometry,Not applicable: non-RL; supervised pose labels/simulated contact images/paired GAN images,Not applicable,Not applicable,Not applicable; not directly discussed,Not applicable,Controlled comparison; Author explanation only; Failure analysis,"Multi-stage vs single-stage (30 trials/object); real cuboid x5.4→2.4 mm and y6.9→2.9 mm, p<0.0001; no independent sensor ablation","§III-A2, p.3; §IV, pp.5–6; Table III","Slow discrete pushes; accuracy effect unresolved; preprocessing fails some shapes (§V, pp.7–8)","Continuous control; 3D point cloud/3D manipulation; dynamic tasks (§V, pp.7–8)",batch_002/papers/2025-deng-coarse-to-fine-robotic-pushing.md
B019,Force Policy: Learning Hybrid Force-Position Control Policy under Interaction Frame for Contact-Rich Manipulation,Hongjie Fang; Shirun Tang; Mingyu Mei; Haoxiang Qin; Zihao He; Jingjing Chen; Ying Feng; Chenxi Wang; Wanxi Liu; Zaixing He; Cewu Lu; Shiquan Wang,2026,Not stated (arXiv preprint),Relevant,"손목/플랜지 F/T와 운동 이력으로 접촉 제어 좌표계와 힘·위치 제어 축을 구성한다. 동일한 힘·운동 신호만으로 마찰과 탄성 변형을 구별하기 어려워 시각·과업 의미 정보를 학습 라벨 생성에 추가한다. F/T의 정보적 한계와 추가 가정, 시각과 힘의 실행 역할을 직접 비교할 수 있다.",Pushing and flipping; EV charger insertion; sticker application,Imitation Learning; Hybrid force-position control,RISE-2 global policy; MIP local policy; GRU; FiLM,Flexiv Rizon 4; GN02 gripper,IF-relative EEF pose; 6D reference wrench; 6-axis force/position mask,IF hybrid force-position control; contact-aware scheduler,Yes; global point cloud and wrist RGB during execution,기타,기타,Online visual features; no explicit object-pose vector identified,기타,Current scene point cloud; wrist RGB; no explicit CAD/mesh,No explicit numeric physics input; offline semantic regime labels,No,Not applicable,Not applicable,Not applicable,Not applicable,Not applicable,Not applicable,Yes,Flange 6-axis F/T sensor,Gravity-compensated 6D wrench; IF wrench; history,Policy input; frame supervision; hybrid force regulation; contact routing,Yes; EEF pose/twist history,Yes; pose/wrench GRU; scheduler trajectory history,Not stated as policy input; scheduler uses executed trajectory,Interaction frame orientation/subspace; no exact contact-point estimate,Online wrist RGB; global latent; offline initial image/task semantics; history lengths Not stated,Exact contact point/full contact structure; explicit current object pose,F/T; EEF motion history; online vision; offline semantic prior,Infer control subspaces; disambiguate friction/stiffness labels; global visual guidance,Not applicable; imitation learning,Not applicable,Not applicable,Not applicable,Not applicable; real teleoperation plus semantic/analytic label supervision,No; IF origin fixed at EEF; orientation/subspace only,Local conservative elasticity; invariant contact topology; symmetry; gravity compensation; negligible demo inertia; dominant regime prior,Friction vs stiffness power ambiguity; wrench-only axis bias; exact contact point not estimated,Not applicable,Representation ablation; Controlled comparison; Failure analysis,Hard sticker IF labels 50% wrench-only vs90% proposed; entire-system comparisons confounded by scheduler/control changes,Table II p.7; Fig.6 p.8; Table V p.19; Supplement V-E p.20,"이론은 접촉 topology가 유지되는 국소 conservative response를 전제로 하며 fracture 등 급격한 비보존 전이는 다루지 않는다. 검증 범위는 주로 surface contact와 insertion이다. 정확한 contact point/완전한 contact structure는 추정하지 않는다. EV charger의 약160 N 삽입은 로봇 torque limit 근처여서 작은 예측 오차에도 보호 정지가 발생한다. (§VI, pp.8–9; Supplement V-E, p.20)","더 복잡한 접촉 과업, contact structure를 모델링한 torque control, connector를 당겨 체결을 확인하는 것과 같은 high-level force-driven decision을 향후 방향으로 명시한다. Saturation 근처 force control의 정밀화도 남아 있다. (§VI, p.9; Supplement V-E, p.20)",batch_002/papers/2026-fang-force-policy.md
B020,Learning Visuotactile Estimation and Control for Non-prehensile Manipulation under Occlusions,Juan Del Aguila Ferrandis; João Moura; Sethu Vijayakumar,2024,8th Conference on Robot Learning (CoRL 2024),Relevant,가려진 물체의 pose를 force·EEF pose·과거 시각 정보로 추정하고 불확실성까지 RL 정책에 제공한다. Privileged policy를 이용한 데이터 생성과 실제 배포 정책 입력이 명확히 다르다. 제목의 tactile은 여기서 wrist F/T 기반 force feedback이며 별도 촉각 배열과 혼동하지 않아야 한다.,Planar non-prehensile pushing under occlusions,State estimation; Reinforcement Learning,PPO; LSTM Bayesian estimator; MC dropout,KUKA iiwa; spherical pusher,Discrete x/y pusher velocity;11 bins each;15Hz,OpTaS velocity-to-joint configuration,Yes; onboard AprilTag; stale during occlusion,Tracking,Tracking,Visual pose plus recurrent force/proprioceptive state estimator; planar x/y/yaw,기타,Fixed cuboid/pusher geometry in training; no explicit geometry channel,No runtime parameters; mass/friction/restitution randomized,No separate tactile sensor; paper calls force sensing tactile,Not applicable; wrist F/T recorded separately,Not applicable,Not applicable,Not applicable; binary flag denotes occlusion,Not applicable,Not applicable,Yes,Wrist F/T,EEF force; clip±10N and normalize; exact axes/moments Not stated,Object-pose estimation; policy input,Yes; EEF pose,Yes; estimator LSTM; actor/value LSTM,Not stated,Planar object pose plus aleatoric/epistemic uncertainty,Occlusion flag; target input encoding Not stated,Visual pose frozen during occlusion,EEF force; EEF pose; last visual pose; recurrent state; uncertainty,Update object-pose estimate; adapt control to estimator uncertainty,Deployment No; data-generation teacher Yes,Not stated; recurrent value architecture only,Yes; simulator object pose/target distance and pusher velocity,Yes; target/workspace states; time horizon,Yes; privileged-policy data generation; GT pose supervision,Not direct; object-pose estimation with visual/proprioceptive history,Fixed object/pusher geometry; training distribution coverage; EEF pose; previous vision,Pusher dynamics produce noncontact force; multi-contact ambiguity not discussed,Not applicable,Input ablation; Representation ablation; Controlled comparison; Author explanation only,"Uncertainty-aware94%, no uncertainty input92%, MSE estimator64%; no pure force-removal ablation",Table2 p.6; Fig2–4 p.7; hardware p.8,"학습형 estimator는 방대한 interaction data와 충분한 상태 공간 coverage가 필요하다. Pusher/object geometry를 고정했고 다양한 기하 및 다른 non-prehensile 과업 일반화는 검증하지 않았다. Pusher dynamics가 force measurement에 주는 영향을 simulation에서 생략했다. 추정 uncertainty 자체의 정량적 calibration 평가는 하지 않았다. (§7, p.8)","Pusher dynamics를 학습에 포함하고 uncertainty로 실패 예측, fallback recovery, estimator 데이터 coverage 확대를 수행할 수 있다고 명시한다. (§6–7, p.8)",batch_002/papers/2024-del-aguila-ferrandis-visuotactile-estimation-occlusions.md
B021,FILIC: Dual-Loop Force-Guided Imitation Learning with Impedance Torque Control for Contact-Rich Manipulation Tasks,Haizhou Ge; Yufei Jia; Zheng Li; Yue Li; Zhixing Chen; Lu Shi; Lei Han; Ruqi Huang; Guyue Zhou,2026,Not stated (arXiv preprint),Relevant,관절 토크를 digital twin과 Jacobian으로 보정·변환한 EEF wrench의 역할을 조사한다. 동일 시각·EEF position 입력에서 raw joint torque와 estimated force를 비교하므로 접촉 정보 표현의 유용성에 직접적인 근거를 제공한다. 독립 wrist F/T를 사용한 방법과 명확히 구별할 수 있다.,Peg/adapter insertion; emergency-stop operation; clamp fixation; cap tightening,Imitation Learning; Impedance control; Model-based wrench estimation,ACT-style Transformer; digital twin Jacobian inversion,6-DOF AIRBOT Play,Cartesian target-pose chunk;25Hz,IK; fixed joint impedance;2kHz torque;250Hz dynamics compensation,Yes; two online RGB streams,기타,기타,Implicit RGB; no explicit object-pose input,기타,RGB/task demonstrations; fixed simulated peg/hole,No explicit object parameters; robot dynamics model required,No,Not applicable,Not applicable,Not applicable,Not applicable; demonstrator vibration is not robot sensing,Not applicable,Not applicable,Yes; estimated wrench,Joint torque and digital twin; not wrist F/T,Estimated six-axis EEF wrench via Jacobian-transpose pseudoinverse,Policy contact cue; demonstrator force feedback,Yes; policy EEF pose; estimator/controller q/v/torque,Action chunk temporal ensemble; sensor-history length Not stated,Not stated,Digital-twin external EEF wrench estimator,Two RGB images; training-only CVAE latent from action sequence,Contact/tightness/state cues weak in vision-position alone,Estimated EEF wrench,Task-aligned force/torque cues for contact correction and completion,Not applicable; imitation learning,Not applicable,Not applicable,Not applicable,Not applicable; demonstration and CVAE supervision,"No; known EEF wrench mapping, not contact-point localization",Robot model/Jacobian; synchronized dynamics; EEF external wrench; quasi-static impedance,Model inaccuracies; noise/friction/compliance; contact-locality ambiguity not directly discussed,Not applicable,Input ablation; Representation ablation; Controlled comparison; Failure analysis,Simulation68/80/90% for position/JT/estimated force; four real tasks favor estimated wrench,TablesII–III p.7; Fig4 p.6,"Force reconstruction은 modeled robot dynamics에 의존하고 fixed impedance를 사용한다. Controller는 quasi-static 근사에 따라 inertial term을 생략한다. (§IV-A–B, pp.4–5; §VI, p.7)","Variable impedance를 통한 dynamic compliance, modeling error에 강한 force estimation, implicit force reasoning을 제시한다. (§VI, p.7)",batch_002/papers/2026-ge-filic.md
B023,Proprioceptive Sensor-Based Simultaneous Multi-Contact Point Localization and Force Identification for Robotic Arms,Seo Wook Han; Min Jun Kim,2023,Not stated (arXiv preprint),Relevant,"조작 정책은 아니지만 joint torque와 base F/T를 이용한 접촉점·접촉력 추정의 성립 조건과 모호성을 직접 분석한다. Robot surface mesh, dynamics, 순차적 점 접촉 등의 추가 제약을 요구하며 base F/T를 더해도 singularity가 남는 실패 사례를 제시한다.",Multi-contact point localization and force identification,State Estimation; Model-based; Optimization,MCP-EP particle filter; friction-constrained QP,Simulated7DOF Franka Emika Panda,Not applicable; estimator output contact points/forces,Not applicable,No,기타,기타,Not applicable; robot contact estimation,기타,Known robot-link surface mesh and normals; not external object geometry,Robot dynamics; friction cone; coefficient Not stated,No,Not applicable,Not applicable,Not applicable,Not applicable,Not applicable,Not applicable,Yes,Base6-axis F/T plus JTS; not wrist,Dynamics-compensated base wrench plus external joint torques,Contact localization; force identification; contact-count estimation,Yes; joint q/qdot/torque,Yes; momentum observer and particle belief,Not applicable,Particle-filter contact points and forces,Robot mesh; kinematic/dynamic model; surface normals,Unmeasured robot-surface contact locations and forces,Base wrench; JTS; robot geometry/dynamics; friction cone; sequential-contact prior,Constrain admissible contact hypotheses; increase sensing DOF,Not applicable,Not applicable,Not applicable,Not applicable; evaluation uses true contact locations,Not applicable; simulation evaluation force/location GT,Yes; on known robot surface with JTS/baseFT fusion,Known robot mesh/dynamics; point contact without moment; no pulling; friction cone; ≤1contact/link; sequential onset/convergence,Distinct point/force pairs can have identical measurements; dual-contact local minima,Not applicable,Controlled comparison; Failure analysis; Author explanation only,Single/dual/triple99.96/96.70/81.63%; singularities remain; no matched baseFT-removal ablation,TableI p.5; Fig5–6/TableIII p.6; sensing-DOF analysis p.3,"동일 측정으로 설명되는 다른 contact-force pair의 singularity가 남는다. Dual contact에서는 정확히 같지 않아도 유사한 측정을 설명하는 local minima가 주 실패 원인이다. Offline mesh distance는 link 내부에서만 유효하여 exploration particles가 필요하다. Point contact·한 link당1접촉·순차 발생 가정 아래 검증했다. (§II–IV, pp.2–6)","원문에서 명시적인 향후 연구 계획을 확인하지 못했다. (§V Conclusion, p.6)",batch_002/papers/2023-han-proprioceptive-multi-contact-localization.md
B025,Visuotactile-RL: Learning Multimodal Manipulation Policies with Deep Reinforcement Learning,Johanna Hansen; Francois Hogan; Dmitriy Rivkin; David Meger; Michael Jenkin; Gregory Dudek,2022,"IEEE ICRA 2022, pp.8298–8304",Relevant,시각·촉각·proprioception 조합과 tactile gate/augmentation을 비교하여 각 modality가 어떤 조건에서 유용한지 조사한다. Binary contact gate는 존재하지만 촉각 자체는 연속 depth image여서 축약 촉각과 혼동하지 않아야 한다. 시각 교란 및 물성 변화 실험이 추가 센서 역할의 근거를 제공한다.,Texture contact reaching; door opening; tactile grasp/lift,Reinforcement Learning,MP-DrQv2; DDPG-based; DrTD3 baseline,Simulated Panda; palm or two-finger gripper,EEF pose; exact component encoding Not stated,OSC20Hz,Yes in main combination; no in tactile-proprio baseline,기타,기타,Implicit online RGB; no explicit object-pose vector,기타,RGB/contact geometry images; task-specific priors,No actor parameters; randomized friction/weight,Yes,Simulated optical tactile; palm1 or fingertip2,Contact geometry depth image,Depth clipping;3frame stack;random shift;contact hard gate;CNN,Continuous depth-image latent; not binary tactile,Spatial contact location/shape/depth; temporal changes,Outside-contact geometry absent; latent information loss undetermined; no calibrated shear/force output,No,Not applicable,Not applicable,Not applicable,Yes; joint position/velocity,Yes;3frames,Not stated,No explicit estimator,Goal texture channel Not stated; binary gate is not binary tactile,Visual-invisible contact texture; intermittent tactile; perturbed vision/physics,RGB; tactile depth; joint state;3frame history,Vision for approach; tactile contact cues; multimodal robustness,No explicit object GT; pixels and proprioception,No separate privileged input reported; shared core plus action,Partly stated; simulator contact/benchmark reward; full GT channels Not stated,Not stated; success criteria are not termination implementation,Yes; simulator pose/geometry/physics randomization,Not applicable,Not applicable,Not applicable,Not applicable,Sensor combination ablation; Representation ablation; Controlled comparison,"Sensor/gating/augmentation comparison; cumulative rewards, not success rates; simulation only",TableI p.6; Fig5–7 p.5,"Tactile은 간헐적이고 학습 초기에 드물어 multimodal 모델이 vision에 과도하게 의존할 수 있다고 지적한다. Tactile image shift는 원래 contact relative state를 보존하지 않는다. Visual degradation은 tactile 활용을 늘려도 전체 성능을 낮출 수 있고 tactile gating 이득은 task에 따라 다르다. (§III-A/IV/VI, pp.3–6)",Tactile signal 존재에 따라 조건부 camera degradation을 적용하는 방향을 추가 연구 대상으로 명시한다. 장기 목표는 multimodal contact-rich manipulation control이다. (§II p.2; §VI.3 p.6),batch_002/papers/2022-hansen-visuotactile-rl.md
B026,Force Push: Robust Single-Point Pushing With Force Feedback,Adam Heins; Angela P. Schoellig,2024,"IEEE Robotics and Automation Letters 9(8), pp.6856–6863",Relevant,"Current object pose와 물체 모델 없이 wrist F/T planar force로 single-point pushing을 제어한다. 다만 robot localization, EEF상 알려진 contact point, approximate initial object position, convex·quasistatic 단일 물체라는 제약이 있으므로 force-only라는 표현의 범위를 정확히 분리할 수 있다.",Single-point planar pushing; straight/curved path; obstacle contact,Rule-based feedback; Admittance; Optimization,Force-angle feedback; IK-QP,UR10 fixed arm on Ridgeback omnidirectional base,Planar EEF velocity,QP IK to mobile-base velocities; admittance,No object vision in controller; Vicon robot localization; slider Vicon evaluation only,Initial,미제공,Approximate initial position only; source Not stated,미제공,No explicit geometry; convex non-articulated-body prior,Unknown mass/CoM/inertia/friction/pressure distribution,No,Not applicable,Not applicable,Not applicable,Not applicable,Not applicable,Not applicable,Yes,Wrist Robotiq FT300,Planar2D force; magnitude/direction; exponential smoothing,Push-direction feedback; contact detection/recovery; admittance overload mitigation,Yes; global robot localization and known EEF point,Filter state; previous pushing direction,Yes; previous commanded direction in contact recovery,No object-state estimator,Desired path; known walls and robot body geometry,Current object pose; explicit geometry/physics,Planar force; localized robot/contact point; approximate initial position; quasistatic prior,Closed-loop pushing/path correction; contact recovery without object tracking,Not applicable,Not applicable,Not applicable,Not applicable; object Vicon used in evaluation,Not applicable,No; contact point assumed fixed on localized EEF,Single-point push; convex single body; quasistatic; known global EEF; initial position; low contact height; maneuvering space,Noisy local force; not full object state; centroid tracking not guaranteed; multi-contact decomposition not discussed,Not applicable,Input ablation; Controlled comparison; Failure analysis,Open-loop fails within2m; force feedback traverses6m; vision baseline condition dependent; admittance reduces overload,Fig11 p.6; Fig13 p.7; Fig14 p.8,"실물 경로는 바닥 마찰 교란 때문에6m 내 완벽히 수렴하지 않으며 controller가 추적하는 것은 slider centroid가 아닌 contact point이다. Force가 noisy하고 local information만 준다. Robot은 원하는 EEF velocity를 실현할 충분한 공간이 있어야 한다. 알려지지 않은 slider geometry/pose 때문에 wall collision 자체를 완전히 피할 수 없다. (§IV-C/VII, pp.4/7)","더 정교한 contact recovery, 좁은 hallway와 clutter, formal stability proof, interaction으로 성능을 개선하는 force controller, force+vision hybrid를 향후 과제로 제시한다. (§IV-B p.4; §VII–VIII pp.7–8)",batch_002/papers/2024-heins-force-push.md
B027,Perceiving Extrinsic Contacts from Touch Improves Learning Insertion Policies,Carolina Higuera; Joseph Ortiz; Haozhi Qi; Luis Pineda; Byron Boots; Mustafa Mukadam,2023,Not stated (arXiv preprint),Relevant,"손가락–물체 tactile image를 외부 물체–환경 contact patch로 바꾸고 PPO policy에 제공한다. Proprio-only, tactile embedding, estimated patch, GT patch를 비교하므로 축약 표현의 역할과 geometry/grasp prior, training-only GT를 분석하는 데 직접 유용하다.",Mug-in-cupholder; bowl-in-dishrack insertion,State Estimation; Reinforcement Learning,NCF-v2 Transformer; tactile VAE; PPO,Franka Panda; parallel gripper; two DIGIT,Relative6DOF EEF transform;axis-angle rotation,Joint-space IK,No external vision; optical tactile images only,기타,기타,EEF history plus fixed object-gripper relative-pose assumption; no explicit tracking,Initial,Class-dependent reference point cloud; pretrained NDF/query shape features,No explicit runtime parameters,Yes,Two DIGIT optical tactile sensors,Intrinsic contact RGB images,Background subtraction;VAE;5frame embedding;MLP;NCFTransformer,Thresholded extrinsic contact point cloud;MLP/maxpool latent,Object-surface spatial contact patches;multi-patch;contact transition,Threshold drops probability confidence; raw tactile/force channels not directly retained,No,Not applicable,Not applicable,Not applicable,Yes;EEFpose3steps21D,Yes;tactile5frames~0.17s;EEF3poses,Not stated,NCF-v2 extrinsic contact probabilities/patch,Object class/reference shape; fixed grasp transform prior,Unobserved object-environment contact; variable grasp pose not fully recovered,Tactile history;EEFhistory;shape reference;fixed grasp prior,Infer extrinsic spatial contacts for insertion,Main No; GT-contact oracle Yes,Not stated,Yes;current mug pose/keypoints; bowl position;target,"Not stated;horizon specified, success/termination implementation not detailed",Yes;simulated contact supervision and shape data;random initial EEF,Not applicable,Not applicable,Not applicable,Not applicable,Representation ablation; Controlled comparison; Failure analysis,Real mug60% vs27%;bowl+13pp vsproprio;GT-contact oracle separated;fixed-grasp limitation,Fig3 pp.3–4;Fig5–8 p.5;§V-C/VI p.6,"세 object class에 제한되고 grasp 중 object–gripper relative pose가 고정된다고 가정한다. 올바른 reference point cloud를 얻으려면 object class를 미리 알아야 한다. Simulation bowl의 uncontrolled grasp pose에서는 EEF만으로 실제 object pose를 알 수 없어 performance가 낮아진다. (§V-C/VI, p.6)","Vision으로 다양한 object shape의 implicit representation을 학습하는 시스템과 NCF를 통합해 class/reference-shape 제한을 줄이는 방향을 제시한다. (§VI, p.6)",batch_002/papers/2023-higuera-extrinsic-contacts-insertion.md
B028,Dexterous in-hand manipulation of slender cylindrical objects through deep reinforcement learning with tactile sensing,Wenbin Hu; Bidan Huang; Wang Wei Lee; Sicheng Yang; Yu Zheng; Zhibin Li,2025,Robotics and Autonomous Systems 186 (2025) 104904,Relevant,"세 손가락의 384개 piezoresistive taxel을 Boolean contact로 바꾼 뒤 손가락별 3D contact-center, 즉 9차원으로 축약하여 PPO actor에 제공한다. Contact center, 3-bit finger contact, raw tactile, GT object pose 조합을 같은 network 규모에서 비교하므로 축약 tactile의 정보 보존·손실, proprioception 보완, training-only GT 경계를 직접 분석할 수 있다.",Continuous three-finger in-hand pose tracking of slender cylindrical objects,Reinforcement Learning; Sim-to-real; Tactile representation ablation,PPO; CMA-ES system identification,"Custom TRX Hand; 8 actuated joints, 6 controlled; wrist fixed by robot arm",6 finger-joint desired displacements,Joint-position control; policy 50 Hz; low-level 1 kHz; simulation PD with backlash/self-lock model,No in main execution actor; simulated GT object pose only for reward/termination and comparison baselines,미제공,기타,Main actor has no current object pose; simulation reward/evaluation and ablations use GT endpoints/pose,미제공,"No runtime geometry input; one simulated training stick, qualitative real novel-stick tests",No actor input; weight/radius/friction randomized during training,Yes,Three in-house curved piezoresistive arrays; 128 taxels/fingertip; 100 Hz; 0–2 N/taxel; 0.1 N initial sensitivity,384 continuous normal-force-proportional taxel readings in real hardware; binary target contacts in simulation,Per-trial no-contact mean offset; clamp at zero; empirical fixed threshold to Boolean; mean active-taxel 3D position per fingertip,Three fingertip-local 3D contact centers; 9D,Spatial centroid of each fingertip contact region; sliding contact trajectory,Normal-force magnitude; pressure distribution; patch size/shape; raw taxel pattern; possible multiple-patch structure,Calibration only; not a runtime policy observation,Unspecified force–torque sensor with small tip for single-taxel pressing,Offline tactile-sensitivity reference; no actor wrench vector,Set empirical tactile contact threshold,Yes; measured 6 controlled finger-joint positions,No explicit observation history or recurrent state stated,Not stated,Deterministic contact-center computation from activated taxel coordinates; no object-pose estimator,Desired stick major-axis 3D unit vector,Current object position/orientation; axial rotation; explicit geometry; physical parameters,Finger joint positions; fingertip-local contact centers; desired major-axis direction; training domain randomization,Represent grasp/contact configuration and goal orientation without current object pose,Main No; GT object-pose ablation variants Yes,Not stated,Yes; current/desired stick endpoints and axis plus simulated contact forces,Yes; stick geometry-center height drop threshold,No curriculum stated; GT object pose/contact used to generate initial-state dataset and randomized simulation,No; runtime contact localization comes from tactile taxel geometry,Offline single-taxel press and empirical threshold; no runtime F/T localization,F/T model/axes/specification and calibration uncertainty not stated; no F/T-only evaluation,Not applicable; tactile and F/T are not fused at runtime,Representation ablation; Controlled simulation evaluation; Qualitative real-world validation,"Contact centers outperform raw tactile, 3-bit contact, and GT-pose variants in Fig.9; Table1 reports 0.83–2.32 cm tracking errors; real transfer is qualitative only",§6.1–6.3; Table 1; Fig. 7–12; PDF pp.6–8,"저자들은 실물 stick endpoint의 real-time position을 얻기 어려워 real policy performance의 정량 분석을 수행하지 않았다고 밝힌다. Tactile material deformation은 no-contact drift와 irregular contact margins를 만들며, fixed threshold가 잘못된 contact state를 낼 수 있어 매 trial calibration이 필요하다. Binary tactile은 rigid object 조작에는 가능하지만 pressure 변화·normal-force magnitude를 쓰지 못해 더 정밀한 조작과 더 다양한 물체에는 정보가 부족할 수 있다. Data는 confidential이다. (§6.3/§7/Data availability, PDF pp.7–8)","Tactile reading과 surface pressure 사이의 nonlinear relation을 모델링하고 continuous full tactile signal을 사용해 pressure distribution과 normal-force magnitude를 보존함으로써 더 정밀한 in-hand manipulation과 더 다양한 object로 확장할 계획이다. (§7, PDF p.8)",batch_002/papers/2025-hu-tactile-slender-in-hand-manipulation.md
B030,Robotic Compliant Object Prying Using Diffusion Policy Guided by Vision and Force Observations,Jeon Ho Kang; Sagar Joshi; Ruopeng Huang; Satyandra K. Gupta,2025,IEEE Robotics and Automation Letters (accepted March 2025; preprint),Relevant,"KUKA의 end-effector-frame 3축 force, wrist RGB, EEF state를 diffusion policy에 결합하고 vision-only·naive force concatenation·projected force·cross-attention fusion을 각각 120회 비교한다. 현재 vision을 계속 사용하고 tactile은 없지만, 저차원 force가 고차원 vision에 묻히는 문제와 contact mode 전환에서 force가 제공하는 정보를 직접 검증하므로 F/T 역할·표현·sensor-fusion 질문에 직접 유용하다.",Compliant battery prying and extraction from spring-loaded/tight casings,Imitation Learning; Diffusion Policy; Vision–force sensor fusion,DDPM diffusion policy; ResNet-18; force-query cross-attention; FiLM U-Net,KUKA IIWA 14 extraction arm; ABB IRB120 support arm; wrist RealSense D415,"6-DoF delta target-pose action sequence; continuous 6D rotation representation; horizon 16, execute 6",Not stated; KUKA executes delta target poses; impedance values mentioned but control law/gains/rate omitted,"Yes; continuous 98×98 wrist RGB, two recent observations",기타,기타,Current wrist RGB plus initial external localizer; no explicit numeric object pose input,기타,End-to-end ResNet-18 wrist RGB; no CAD/mesh input,No explicit compliance/friction input; measured force history and augmentation compensate,No,Not applicable,Not applicable,Not applicable,Not applicable,Not applicable,No tactile coverage/contact-location/pressure modality,Yes; 3-axis force only,Built-in KUKA IIWA 14 force/torque sensor; EEF-frame Cartesian force,Normalized magnitude plus 3D unit direction; 4D; 512D linear projection; force-query cross-attention,Contact maintenance; mode transition; premature-prying prevention; vision conditioning,Yes; 6-DoF end-effector state,Yes; two past/current observations; action horizon 16 is separate,Not stated,No explicit object/contact state estimator; learned vision–force joint embedding,Continuous wrist RGB; initial ArUco/object-detection localization,Explicit object pose/shape model; compliance; spring force; friction; contact location,RGB appearance; EEF state; 2-step history; force augmentation; coarse initial localization,"Disambiguate alignment, geometry, contact state, and task phase",No numeric object GT; continuous measured vision/force/proprioception,Not applicable; no critic,Not applicable; imitation learning MSE objective,Not stated; evaluation success judged by complete loosening/lift,No GT curriculum; 419 real demonstrations and data augmentation,No; 3D net force does not identify contact location,Task geometry and RGB resolve spatial ambiguity; net EEF force correlates with contact/mode; low-rate synchronized observations,No force cap; no torque/contact localization; sensor range/resolution/filter/bias/normalization details omitted,Not applicable; tactile not used,Sensor/fusion ablation; Controlled real-world evaluation; Failure analysis; Qualitative force traces,"120 trials/model: vision 39%, 4D force concat 48%, projected force 57%, cross-attention 96%; edge cases 90–95%",§VI; Table I; Fig. 6–9; PDF pp.5–7,"저자들은 force를 observation으로 넣는 것만으로 generated action이 demonstration보다 큰 force를 내지 않도록 보장할 수 없으며, 단순 maximum external-force controller는 diffusion trajectory를 바꾸어 success를 낮출 수 있다고 밝힌다. Test는 주로 single-layer product의 depth range에 한정되고, deeper casing은 sharper metal tool와 battery-puncture safety measure가 필요하다. Tight-tolerance AAA에서는 작은 tool-gap misalignment가 주요 실패 원인이며, demonstration trajectory replay도 initial perturbation 때문에 30회 중 0–2회 실패할 수 있다. Robot inference에는 초기 idle action과 약 1초 inference step이 있어 human guidance보다 느렸고, 저자들은 안전을 위해 속도·impedance 조정을 적용하지 않았다. (§V-B/§VI-A,C–D, PDF pp.5–7)","Force threshold를 task success를 해치지 않고 강제하는 방법을 연구할 계획이다. 또한 battery prying 밖의 추가 contact-rich task를 탐색하고 baseline과의 더 포괄적인 비교로 framework applicability를 검증하겠다고 한다. (§VI-D/§VII, PDF p.7)",batch_002/papers/2025-kang-compliant-object-prying-vision-force.md
B032,A Unified Approach for Motion and Force Control of Robot Manipulators: The Operational Space Formulation,Oussama Khatib,1987,"IEEE Journal of Robotics and Automation RA-3(1), 43–53",Partially Relevant,"운동/힘 제어를 성립시키는 known constraint direction, task frame, robot dynamics와 force feedback의 역할을 명시하는 기초 제어 연구다. F/T만으로 contact geometry를 복원하는 방법이 아니므로, force control과 contact inference를 구분하기 위한 근거로 포함한다. Tactile 축약 및 modality ablation은 다루지 않는다.",Constrained motion; active force control; contact/slide/insertion/compliance operations,Model-based control,Operational space control; dynamic decoupling; hybrid motion/force selection,PUMA 560 implementation; simulated 2-/3-DoF examples,Generalized operational force mapped to joint torque/force via Jacobian transpose,Operational-space motion and active-force feedback with dynamic compensation; low-level 200 Hz; dynamics update 100 Hz,Not stated,미명시,미명시,Explicit object pose sensor/input Not stated; EEF position/orientation are controlled variables,기타,Known holonomic geometric constraints; task force/moment and allowed-motion directions; task-frame transformations,Robot dynamic structure/parameters used; manipulated-object physical parameter input Not stated,Not stated; wrist and finger sensing mentioned without tactile representation,Finger sensing mentioned; type/count Not stated,Not stated,Not stated,Not stated,Not stated,Not stated,Yes; force feedback,Wrist and finger sensing in PUMA implementation; exact sensor/axes Not stated,Generalized forces and moments; transformed sensed force; force-rate feedback mentioned,Active force regulation; impact transition damping; contact assembly control,"Yes; q, joint velocity, EEF position/velocity and kinematic/dynamic model",Not stated; force-rate feedback is mentioned but no history stack,Not stated,Kinematic position/velocity evaluation and force transformation; no object/contact localization estimator,Desired EEF trajectory; desired force/moment; task specification matrices,No presented online unknown-contact geometry reconstruction,Known constraint directions/task frames; robot geometry/dynamics; sensed force and EEF state,Separate force-regulated and free-motion subspaces; dynamically decouple motion and force control,Not applicable,Not applicable,Not applicable,Not applicable,Not applicable,No,Holonomic geometric constraints; known force/moment and allowable-motion directions; rigid-body/task linkage model; identified robot dynamics; force transform,Dynamic motion forces can affect force-control direction; moment-axis/orientation representation compatibility; sensor multi-contact ambiguity not directly discussed,Not stated; wrist and finger sensing coexist but complementary roles unanalysed,Author explanation only; Controlled comparison (simulation stability); No supporting evidence (modality contribution),Reports PUMA impact without bounce up to 4.0 in/s; square-wave force rise time <0.02 s and steady force error <12%; no sensor ablation or contact-localization benchmark,§V Fig.3 p.7; §VII Fig.4 pp.8–9; §IX p.10,Model/dynamic parameter accuracy and joint torque-control limitations; singularities and orientation representation compatibility addressed; sensor ambiguity not studied,"No explicit future-work programme; extensions/integrability of joint constraints, collision avoidance and posture control discussed",batch_002/papers/1987-khatib-operational-space-motion-force.md
B033,Pre- and Post-Contact Policy Decomposition for Non-Prehensile Manipulation with Zero-Shot Sim-To-Real Transfer,Minchan Kim; Junhyek Han; Jaehyung Kim; Beomjoon Kim,2023,"IEEE/RSJ IROS 2023, 10644–10651",Partially Relevant,Tactile/F/T 연구는 아니지만 접촉 조작에서 simulator 3D pose/shape를 쓰는 teacher와 실행 시 RGB keypoint를 쓰는 student의 정보 차이를 명시한다. 지속적인 시각 pose 정보가 있는 방법과 blind contact feedback을 비교하고 training-only object information을 분리하는 데 유용하다. Sensor compensation의 촉각 근거로 사용하지 않는다.,Non-prehensile card relocation; push/reorient over bump; object transfer over wall,Reinforcement Learning; Imitation Learning; teacher-student,PPO pre/post-contact policies; supervised pre-contact student; learned 2D keypoint detector,Franka Emika Panda with simple gripper; RealSense D435 RGB camera,Pre-contact student EEF pose and gripper width; post-contact EEF pose residual plus joint stiffness and damping ratio,Inverse differential kinematics + joint position control; policy 10 Hz; controller simulation 100 Hz and real 500 Hz,Yes; continuous RGB to object 2D keypoints,Tracking,Tracking,Current 8 bounding-box keypoints in image plane; simulator GT projections during training and learned RGB detector at deployment; not explicit runtime 6D GT,기타,"Fixed object/environment learned prior; 8 bounding-box keypoint representation; teacher samples exact object mesh contact points, not runtime student mesh input",Actor object mass/friction/COM input No; domain randomization and robot system identification,No,Not applicable,Not applicable,Not applicable,Not applicable,Not applicable,Not applicable,No,Not applicable,Not applicable,Not applicable,"Yes; q9, qdot9, EEF pose",Previous action only; observation stack/recurrent state Not stated,Yes; previous post-contact action,RGB-to-2D object keypoint detector,Goal keypoints distinct from current keypoints; teacher initial/goal SE(3) poses,Real execution lacks teacher exact 3D pose/shape and physical parameters; current visual object information remains,Teacher-student distillation; learned 2D keypoints; proprioception; previous action; domain randomization,Student imitates privileged initial-contact plan; post-contact vision/proprioception closes feedback loop; learned policy avoids explicit inertial parameter extraction,Training teacher Yes: initial and goal 3D pose; post-contact sim Yes: GT 2D keypoints; deployment student/detector No exact object GT,Not stated; PPO critic input/extra privilege unlisted,"Yes; simulator 3D object/goal keypoints, pose error and mesh COM distance",Yes in simulation; object success/drop; pre-contact collision/IK feasibility; horizon,Yes; simulator success controls residual limit curriculum; mesh/pose teacher examples and perception GT labels generated in simulation,No,Not applicable,Not applicable,Not applicable,Controlled comparison; Architecture/controller ablation; Failure analysis,Default real objects: proposed success 0.87 in all three domains versus OSC 0.13/0.07/0.00; fixed residual card 0.73 versus curriculum 0.87; no sensor ablation,§IV-B pp.6–7; Fig.5/Table III p.7,Policies tied to fixed environments and objects; change requires training new policies,Generalize across object shapes by incorporating shape information,batch_002/papers/2023-kim-pre-post-contact-sim-to-real.md
B035,Pre- and Post-Contact Policy Decomposition for Planar Contact Manipulation Under Uncertainty,Michael C. Koval; Nancy S. Pollard; Siddhartha S. Srinivasa,Not stated,Not stated,Relevant,"Binary contact만으로 불확실한 object pose를 다루는 closed-loop pushing 연구다. Initial belief, known geometry, quasi-static transition model, contact-manifold particle filter가 축약 sensing을 보완하는 구조를 명시한다. Sparse fingertip sensing에서 information-gathering policy의 필요성을 비교한다.",Planar pushing into graspable hand-relative goal region under pose uncertainty,Model-based POMDP planning; State Estimation + Controller,Offline SARSOP post-contact policy; weighted A* pre-contact search; manifold particle filter,Simulated BarrettHand with fixed geometry; 2D polygonal world,Five translational hand actions; approximately 2 cm displacement each; generalized velocity and duration,Kinematic generalized velocity command; hardware controller Not stated,Not used in simulation execution; initial belief may in principle come from vision/environment knowledge,Tracking,Tracking,Initial probabilistic SE(2) belief; runtime contact/action-updated manifold particle filter posterior; no direct GT pose to policy,기타,Known polygonal hand/object geometry; contact manifold; offline policy per hand-object pair,Quasistatic physics model; friction and pressure-distribution radius uncertainty sampled; no true parameter sensing,Yes,Simulated binary contact for seven hand links; fingertip-only two-sensor variant,Collision/contact with each instrumented link,Binary contact observations; exact contact-vs-no-contact assumed,Per-link binary contact pattern; 20 geometrically feasible observations for full seven-link setting,Whether contact occurs and which sensor/link reports it; coarse contact manifold constraint,Force/shear magnitude not measured; exact location along link unresolved; contact/no-contact errors excluded by assumption,No,Not applicable,Not applicable,Not applicable,Hand-relative state/actions assumed; full robot joint configuration not modeled,Yes; recursive belief update aggregates prior actions and contact observations,Yes in Bayes transition update; no neural previous-action vector,Manifold particle filter (MPF); continuous belief discretized for policy evaluation,Initial pose belief; known hand/object models; goal region; contact observation likelihood,True current planar object pose not observed; sparse contact does not determine exact pose,Initial belief; known geometry/contact manifold; quasi-static dynamics; action-observation history; information-gathering policy,Bayesian localization and uncertainty-aware action selection; sparse sensing compensated by informative movements,"Not applicable (model-based planning); policy uses pose belief, not true state",Not applicable; POMDP value function is not neural asymmetric critic,Not applicable (RL); geometric goal/state reward encoded in offline planning model,Not applicable (RL); success probability Pr(s∈G) evaluated in simulation; precontact switching uses contact,Not applicable; offline sampled initial beliefs and Monte Carlo model generation,No,"Not applicable to F/T; binary-touch localization needs known geometry, quasi-static planar model, accurate contact discrimination",Not applicable; contact may not localize object along hand,Not applicable,Controlled comparison; Sensor ablation,Postcontact SARSOP value −40.27 vs QMDP −55.48; full-sensor complete policy similar; sparse two-fingertip sensing restores SARSOP advantage; simulation only,"§V-B–C and VI, pp.7–8; Fig.5–6",Offline per-pair policy; local trust region; fixed hand geometry; SE(2)/discrete actions; no global obstacles/kinematic feasibility; dimensionality and discretization limitations,Full configuration-space search with precomputed heuristic; SE(3)/articulated hands; sample-based contact manifold or continuous POMDP; refine belief samples online,batch_002/papers/undated-koval-contact-policy-decomposition.md
B036,Zero-Shot Transfer of a Tactile-based Continuous Force Control Policy from Simulation to Robot,Luca Lach; Robert Haschke; Davide Tateo; Jan Peters; Helge Ritter; Júlia Borràs; Carme Torras,2024,"IEEE/RSJ IROS 2024, 725–732",Relevant,"두 손가락의 연속 normal-force와 position/history만으로 unknown object compliance 및 offset에 대응하는 force-control policy다. 힘의 크기를 보존하는 scalar tactile, binary contact-memory, proprioception의 역할을 구분할 수 있다. Reward의 object velocity와 실행 입력도 명확히 분리된다.",Continuous grasp normal-force regulation with minimal object displacement,Reinforcement Learning; hybrid inductive-bias controller,PPO,TIAGo 2-DoF parallel-jaw gripper; MuJoCo,"Two normalized finger position increments, scaled to ±0.003 m and modified by contact-conditioned inductive bias",Finger position control; policy 25 Hz,No,미제공,미제공,No current object pose input; object initially between gripper fingers; robot finger position is proprioception,미제공,No runtime object geometry input; training width randomization,Actor object properties No; stiffness/force-scale and actuator parameters randomized in simulation,Yes,One normal-force load-cell sensor per finger,Two scalar continuous normal forces,Force-error calculation; noise; thresholded persistent had-contact flag; 3-step observation stacking,"Per-finger measured force, force error, contact-memory flag plus position/previous action",Normal-force amplitude and finger identity; contact occurrence memory,Contact location/patch and shear not measured; no binary reduction of continuous force channel,Yes; fingertip normal force; wrist 6-axis F/T No,Same load-cell signals as tactile; not a second independent modality,Scalar normal force per finger; force goal error; contact flags,Policy observation; contact-conditioned action scaling; force-tracking reward,Yes; each finger position,Yes; k=3 observation stack; persistent had-contact flags,Yes; previous finger action,No separate object estimator; history intended to estimate stiffness implicitly,Desired force via force error; contact memory,"Object pose, lateral offset and compliance are not directly supplied",Force/position history; contact-memory flag; goal force; inductive bias; simulation randomization,Implicit stiffness response; slow first-contact finger until the other contacts; regulate force without object motion,No object GT; sensor-like force and proprioception,Not stated; no explicit privileged critic input list,Yes; simulated object lateral velocity penalty; sensor force error and action smoothness also used,No object GT termination stated; 150-step horizon,Yes; simulator width/offset and velocity-penalty settings scheduled; training-only parameters,No,Object starts between two opposing fingers; finger normal-force measurement; identified actuator model and randomized contact properties for sim-to-real,Small-force contact can be missed for light sponge; sensor hysteresis not modeled; no wrench localization ambiguity analysis,Not applicable; tactile and fingertip force are the same measurement,Controlled comparison; Input/action architecture ablation; Failure analysis,Real averages: baseline force reward 97±12 and movement 1.6±0.9 mm; proposed 104±13 and 1.6±0.9 mm; no-inductive-bias 88±20 and 2.6±0.9 mm; no-randomization 64±25 and 2.5±1.0 mm,"§V, pp.5–7; Fig.6–7; Table II p.6",Very light sponge may move before detecting contact; unmodeled sensor hysteresis; real movement measurement coarser than simulation; reward across objects not directly comparable,Integrate continuous grasp-force control with more complex DRL tasks,batch_002/papers/2024-lach-continuous-force-control.md
B037,VDTF-ACT: ACT-based Multimodal Space Fine Manipulation Method with Visual Depth Tactile Fusion,Siyi Lang; Jihang Chen; Bo Zhang; Hanlin Dong; Panfeng Huang; Zhiqiang Ma,2025,"IEEE/RSJ IROS 2025, 1511–1517",Relevant,Low-gravity insertion에서 vision/depth와 distributed force tactile을 결합하며 tactile encoder를 비교한다. Tactile가 object–gripper relative motion에 대한 feedback을 제공한다는 저자 설명과 실제 비교 범위를 분리해 정리할 수 있다. Depth와 tactile을 함께 추가한 비교이므로 각 modality의 독립적 기여를 과장하지 않는다.,"Dual-arm peg/socket grasping, alignment and insertion in simulated low gravity",Imitation Learning,ACT; CVAE; Transformer; action chunking and temporal ensembling,MuJoCo dual 6-DoF manipulators with grippers; satellite platform model,Predicted k×14 joint action sequence; precise command semantics Not stated,Controller executes joint action sequence; implementation/gains Not stated,Yes; four RGB images and two depth images,기타,기타,Repeated RGB/depth features; no explicit numeric object pose input or pose estimator output,기타,Image/depth spatial content; fixed peg/socket geometry in simulator; explicit mesh/dimension policy input No,Actor physical-parameter input No; simulated low-gravity setup,Yes,Simulated gripper-pad force sensor arrays; 2×4 placement described; total tactile input 16 values as 4×4 matrix,Distributed contact-force values; axis/component and sensor principle Not stated,Linear or CNN+MLP or CNN+linear encoding to embedding,"Tactile feature token fused with image/depth, 14 joint angles, zero style variable at runtime",Spatially arranged contact-force values before encoding; learned embedding content not explicitly decoded,No threshold/binary conversion; exact retained/lost force/locality features after encoder Not stated,Yes; gripper-pad distributed force; wrist 6-axis F/T No,Same force-array tactile input; not separate wrist wrench modality,16 contact-force values as 4×4 matrix and encoded feature,Policy observation for contact/alignment/insertion,Yes; 14 joint angles,Action chunk prediction and temporal ensembling; sensor history stack Not stated,Training expert future action chunk to style encoder; runtime previous-action observation Not stated,No explicit object state estimator,Runtime style z=0; joint angles; RGB/depth features,Explicit numeric object pose absent; floating object/gripper relative motion uncertain,Visual/depth spatial context; distributed tactile forces; joint state; action sequence model,Authors attribute global stability to depth and final insertion precision to tactile; joint removal ablations do not independently identify these effects,Not applicable (IL); runtime image/depth/tactile/joints; training style encoder also receives expert action chunk,Not applicable,"Not applicable; reported 1–4 scores are evaluation milestones, not RL reward optimization",Not applicable; successful insertion evaluation in simulator; detection details Not stated,Not applicable; scripted 50 successful demonstrations; script access to simulator GT Not stated,No explicit estimator,Fixed low-gravity peg/socket task; gripper force arrays and camera coverage; force inversion/localization assumptions Not applicable,No direct force/localization ambiguity discussion,Not applicable; force array is the tactile modality itself,Representation ablation; Sensor combination comparison; Author explanation only,"CNN+linear tactile encoder 82%, CNN+MLP 70%, linear 60%, standard visual ACT 45%; all multimodal variants include depth and tactile, so depth-only/tactile-only contribution unseparated",§V-C/D pp.5–6; Fig.5 p.6,"No explicit limitation discussion; evaluation presented only in MuJoCo, deployment to hardware not demonstrated",Optimize sensor encoding and fusion strategies,batch_002/papers/2025-lang-vdtf-act.md
B038,DexTouch: Learning to Seek and Manipulate Objects With Tactile Dexterity,Kang-Won Lee; Yuzhe Qin; Xiaolong Wang; Soo-Chul Lim,2024,"IEEE Robotics and Automation Letters 9(12), 10772–10779",Relevant,16-channel Binary tactile로 vision 없는 grasp/door/valve manipulation을 수행하며 current object pose가 없는 actor와 object GT를 받는 critic을 명시적으로 분리한다. Sensor 제거·민감도·배치·wrist F/T 대체 비교가 있어 reduced tactile 및 F/T의 실제 역할을 비교하는 직접 근거다. Binary tactile와 F/T를 함께 넣은 실험은 아니다.,Blind seeking and grasping/retrieval; door opening; valve rotation,Reinforcement Learning,PPO; asymmetric actor-critic,UR5e 6-DoF + Allegro Hand 16-DoF; 16 FSR sensors,22D normalized joint position commands (arm 6 + hand 16),Arm and hand joint PD controllers; 10 Hz policy,No,미제공,미제공,No exact current or initial object pose to actor; known spawn area/range prior only,기타,Implicit prior from task/object training set; no explicit mesh/CAD/object identity in actor state,No actor physical parameters; privileged critic includes physical parameters,Yes,16 FSR; three per finger plus four palm sensors,Real FSR voltage at 125 Hz; sim local net contact force magnitude at 16 virtual sensor regions,Low-pass voltage filter; threshold to contact bit; simulated norm threshold 0.01 N; low-quality baseline 0.3 N,16 binary contact bits,Contact presence by named sensor region; coarse spatial contact pattern,Force magnitude above threshold; force direction/shear; within-region contact location/distribution unavailable; directly implied by binary structure,Yes (simulation F/T-only baseline); main tactile policy No,Wrist-mounted 3-axis force + 3-axis torque in F/Tsensor comparison,6D wrist force/torque baseline; preprocessing/frame details Not stated,Alternative policy observation for blind manipulation; not combined with tactile in tested policy,Yes; 22 joint positions/velocities; palm pose and linear/angular velocity; four fingertip positions relative to palm,Not stated; explicit observation history stack not specified,Not stated,No explicit object pose estimator,Goal position for grasping; spawn range dimensions for all tasks; task prior,Exact initial/current object position and orientation; vision; object physical parameters in actor,Binary tactile; proprioception; known spawn range/task prior; privileged critic during training,Seek and initiate manipulation after contact; locate object implicitly; facilitate learning via privileged value information,"No object GT; proprioception, binary tactile and prior/goal only",Yes; exact target pose; linear/angular velocity; hand distance; physical parameters; reward indicators,Yes; fingertip-object distances; object height/goal distance; door handle/door/valve angles; progress maxima,Yes for simulation task achievement/reset conditions; exact reset details partly Not stated; real stopping implementation Not stated,Randomized object spawn sampled in simulator; no progressive curriculum stated; actor receives range size not sampled pose,No explicit localization estimator,F/T-only baseline still uses robot proprioception and task/spawn priors; sensor representation details not given,Lower F/T-only task success reported; net-wrench contact-locality/multi-contact ambiguity not explicitly analysed,"Not applicable; replacement comparison, no tactile+F/T combination",Sensor ablation; Representation ablation (threshold); Controlled comparison; Failure analysis; Input ablation (critic privileged information),Simulation Ours grasp/door/valve 0.72/0.69/0.82 vs F/Tsensor 0.26/0.29/0.50; WO-Sensor 0/0/0.02; WO-PInfo 0.15/0.15/0.31; averages of 3 trained seeds,"§V-A–E, pp.5–8; Fig.5; Table II–III p.6",Known spawn-range and task prior required; unfamiliar heavy/slippery tumbler reduces success; limited sensor coverage/sensitivity affects performance,Richer tactile information such as 3-axis force sensing; broader system generalizability,batch_002/papers/2024-lee-dextouch.md
B040,Progressive Policy Learning: A Hierarchical Framework for Dexterous Bimanual Manipulation,Kang-Won Lee; Jung-Woo Lee; Seongyong Kim; Soo-Chul Lim,2025,"Mathematics 13(22), 3585",Partially Relevant,"두 손의 cube grasp-and-rotate RL을 실행 중 RGB-D/ArUco로 갱신되는 cube body/layer pose와 keypoint에 의존해 수행하며 tactile/F/T observation은 없다. 다만 measured wrench가 아닌 외력 disturbance와 접촉 sensing을 분리하고, 저자가 vision-centric state estimation의 physical-interaction 정보 부재를 실물 실패 원인으로 명시해 tactile-vision fusion을 후속 과제로 제시한다. 따라서 제한 sensing 정책의 직접 근거가 아니라 current-pose vision 및 미관측 접촉의 비교군으로 포함한다.",Bimanual Rubik-like cube holding and 90-degree layer rotation,Hierarchical Reinforcement Learning; progressive staged policy learning,HPPL with PPO; naive chaining and MAPPO baselines,Two UR5e arms with LEAP Hands; IsaacLab digital twin; two RealSense D435 cameras,"Left 16D and right 17D relative joint-position targets, scaled and accumulated",EMA-smoothed joint-position commands converted to torque by PD control at 60 Hz,Yes; continuous RGB-D/ArUco pose and keypoint tracking at 60 Hz in real execution,Tracking,Tracking,Simulation object/layer state during training; real ArUco marker poses from two RGB-D cameras,기타,Fixed cube/layer model and predefined object-frame keypoints,Mass is randomized in training but is not listed as an actor input,No,No tactile sensor in the evaluated system; tactile-equipped hand is future work,Not applicable,Not applicable,Not applicable,Not applicable,"Contact state, slip and local deformation are absent from the policy observation",No measured F/T; simulated/random and manual external wrenches are disturbances only,No F/T sensor input; simulator injects external wrench and humans apply light taps/pulls in evaluation,No runtime representation; training disturbance is bounded 6D force/torque,Robustness disturbance during holding-policy training and qualitative real test,"Yes; both hands' joint positions, fingertip positions, previous actions; selected 3-step histories",Yes; 3-step joint-angle and previous-action histories,Yes; 3-step history,ArUco-based cube/layer pose and derived keypoints; no probabilistic estimator,"Holding goal pose, layer joint state, fingertip-to-keypoint relative features; exact per-policy subset partly described","Local contact state, slip, force and friction are not sensed; object pose itself is continuously tracked","Continuous visual pose/keypoints, proprioception/action history, domain randomization",Supplies global object state and temporal robot context while contact dynamics remain unobserved,Simulation uses current object/layer state with observation noise; real actor uses visual estimates,Not stated; value-network architecture is given but a separate asymmetric input is not,"Yes in simulation; object-goal pose errors, layer joint angle/velocity, fingertip-keypoint distances and hold indicator","Yes; drop, pose-alignment failure, timeout and target-layer tolerance",Yes; right policy starts from successful on-policy holding states; simulation reset/randomization uses object state,No,Not applicable to measured F/T; external wrench is not inverted to infer contact,Vision-centric state lacks physical interaction information; no wrench/contact estimator is evaluated,Not applicable; neither tactile nor measured F/T is an execution input,Architecture comparison; Real-world feasibility; Failure analysis; Author explanation only,HPPL 0.821±0.029 simulation success vs MAPPO 0.433±0.034 and naive chaining 0.225±0.031; real HPPL 41/65=63.08%; tactile contribution not tested,"§4.1–4.4, Table 2/Fig.5, PDF pp.11–15",Hand-crafted rewards; lower real success from marker occlusion/pose error and sim-to-real mismatch; vision-centric state lacks physical interaction information; broad task/platform generalization unverified,"Tactile-vision fusion, contact-aware rewards and tactile/friction randomization; IRL/IL reward learning; broader tasks/platforms",batch_002/papers/2025-lee-progressive-policy-learning.md
B041,In-Hand Object Pose Tracking via Contact Feedback and GPU-Accelerated Robotic Simulation,Jacky Liang; Ankur Handa; Karl Van Wyk; Viktor Makoviychuk; Oliver Kroemer; Dieter Fox,2020,"2020 IEEE International Conference on Robotics and Automation (ICRA), 6203–6209",Relevant,"초기 vision pose 이후 조작 중 vision 없이 fingertip BioTac에서 추정한 3D contact-force vectors와 robot state/history를 physics simulations에 대조해 6D in-hand object pose를 30 Hz로 추적한다. Wrist wrench가 아니라 tactile-derived force이며, known sensor pose·object mesh·initial visual belief·forward dynamics 가정을 요구하고 banana slippage에서 모든 hypotheses가 발산하면 회복하지 못하는 한계를 직접 보여 준다.","6D in-hand object pose tracking during pick/place, in-hand rotation and finger gaiting",Model-based state estimation; derivative-free sample-based optimization,"Parallel GPU physics simulations with WRS, REPS or PBO hypothesis updates",KUKA iiwa 7 arm; 16-DoF Allegro Hand; four fingertip BioTac sensors,Recorded desired joint-position controls replayed identically in all simulations; estimator does not choose actions,Joint-angle PD controller tuned to match real joint step responses,Initial and final only in real evaluation via PoseRBPF; no robust visual features during in-hand tracking,Tracking,Tracking,Lowest-cost parallel simulation hypothesis; initialized from visual pose distribution,기타,Known collision mesh and YCB model/point cloud,Unknown mass/friction and simulator parameters are sampled and adapted online,Yes,Four SynTouch BioTac fingertip sensors,BioTac electrode readings; paper's estimator consumes learned 3D contact-force vectors,Pretrained model from prior work maps raw electrodes to force vector; magnitude threshold gives contact state; no real slip estimate,Per-finger 3D force magnitude/direction in observation-cost window; optional translational/rotational slip only in simulation,"Fingertip identity, force magnitude and direction, binary contact; simulated slip direction/state","Raw electrodes, contact patch geometry and within-fingertip contact point; real slip unavailable","Yes; tactile-derived fingertip force vectors, not wrist 6-axis F/T",BioTac electrode-to-force learned model in real; simulator contact force vectors in simulation,"3D force vectors compared by magnitude and angular difference, with thresholded contact agreement",Score pose/physics hypotheses so contact feedback corrects open-loop simulation drift,Yes; robot joint positions and kinematic fingertip sensor poses/orientations,Yes; observation/control sequence and cost averaged over a time window T,Yes; real robot controls are replayed into all simulations,"Online sample-based optimizer over object pose, simulator state and physics parameters",Initial visual pose belief; optional simulated slip; known robot/object models,Current visual pose is unavailable under occlusion; real slip and exact dynamics/physical parameters are unknown,"Contact force, robot kinematics/control history and parallel dynamics hypotheses",Use dynamics-consistency to propagate and select a current 6D pose without in-loop vision,"Not applicable; estimator, not an actor policy",Not applicable,Not applicable; observation-matching cost is not an RL reward,Not applicable; offline trajectory processing / continuous estimator loop,Not applicable,Partial: fingertip source and pose are known; within-sensor contact point is not represented,"Known robot/object geometry, calibrated fingertip poses, learned BioTac force mapping, initial visual pose distribution and sufficiently faithful contact dynamics",Force/contact feedback constrains hypotheses but does not uniquely invert pose; if all simulated hypotheses diverge the optimizer cannot recover,Not applicable; tactile is reduced to force vectors rather than combined with an independent wrist wrench,Input ablation; Optimizer comparison; Failure analysis; Real-world evaluation,"Contact feedback reduces ADD especially with high initial pose noise; REPS/PBO reach 5.8/5.9 mm mean ADD at medium noise; best real final ADD 14.1 mm Foam and 12.2 mm Spam, while all methods fail on banana","§IV, Figs.2–4, PDF pp.5–6",Needs initial vision/known geometry and an adequate simulator hypothesis set; real current pose GT unavailable; no real slip estimate; long low-friction banana causes divergent simulations with no recovery,Integrate contact sensing with vision-based pose tracking in the loop,batch_002/papers/2020-liang-in-hand-object-pose-tracking.md
B043,Tactile Gym 2.0: Sim-to-Real Deep Reinforcement Learning for Comparing Low-Cost High-Resolution Robot Touch,Yijiong Lin; John Lloyd; Alex Church; Nathan F. Lepora,2022,"IEEE Robotics and Automation Letters 7(4), 10754–10761",Relevant,"TacTip, DIGIT, DigiTac의 optical tactile image를 동일 sim-to-real PPO framework에 넣어 object pushing·edge following·surface following을 실물에서 비교한다. Current object pose는 policy 입력으로 보고되지 않고 ArUco/CAD는 평가 GT에 쓰이며, sensor 구조·stiffness·contact deformation이 약한 물체와 concave surface 실패를 좌우한다. 다만 세 sensor 모두 tactile을 사용해 no-tactile/FT baseline은 없다.","Single-arm object pushing, edge following and surface following",Sim-to-real Deep Reinforcement Learning; tactile image translation,PPO (Stable-Baselines3); pix2pix-style image-to-image GAN,"Dobot MG400 4-axis desktop arm with TacTip, DIGIT or DigiTac end effector",Pushing: TCP x position and yaw; edge following: TCP x/y; surface following: TCP y and yaw,Robot executes TCP actions; low-level control frequency/gains not stated,No external vision in policy; internal optical tactile cameras; ArUco only for pushing evaluation,미제공,미제공,No current object pose in reported policy input; ArUco tracks trajectories for evaluation only,기타,Fixed task/stimulus priors and local tactile images; CAD boundaries used only as evaluation GT,No policy parameter input; test objects vary in shape and weight,Yes,TacTip and DigiTac marker-based optical sensors; DIGIT GelSight-style shading sensor,Real internal-camera tactile images; simulated contact depth renderings,Sensor-specific real image preprocessing then U-Net conditional GAN real-to-sim translation,Translated simulated-style tactile image as high-dimensional PPO observation; exact resolution/encoder not stated here,Local deformation/contact geometry visible in optical tactile image,"No calibrated force vector, wrench, contact ID or explicit object pose; exact representation losses not quantified",No,Not applicable; optical tactile deformation image is not a wrist F/T measurement,Not applicable,Not applicable,Not fully enumerated in this PDF; TCP action/state context is task-specific,Not stated,Not stated,No object pose estimator in policy; GAN translates tactile domain,Goal trajectory/task context is required by the task but exact actor observation vector is deferred to prior Tactile Gym work,Current global object pose/orientation and physical parameters are absent from the reported policy input,Local tactile deformation images and robot/task goal context,Maintain contact and guide motion without continuous external object vision,No object GT reported; simulated tactile images during training and translated real tactile images at deployment,Not stated; PPO implementation named but critic input is not enumerated,Not stated in this PDF; reward design is delegated to prior Tactile Gym work,Not stated in this PDF; evaluation episodes for pushing use 250 steps,"Not stated; supervised translation data use paired known contact poses, separate from PPO actor",Not applicable,Not applicable,No independent F/T channel,Not applicable; tactile-only policy family,Sensor comparison; Failure analysis; Real-world evaluation; No sensor ablation,"All three sensors achieve similar final simulated learning; real pushing ~9–16 mm when successful, but DIGIT fails for the 185 g prism until weight is added; edge/surface accuracy depends on stiffness/contact shape","§IV, Tables IV–VII/Figs.4–7, PDF pp.5–7","DIGIT's flat stiff elastomer needs stronger contact, fails on a light prism under domain shift and is unsuitable for concave surface following without risky friction; policy/sensor necessity is not isolated by a no-touch arm",Use empirical comparisons to customize sensor physical design; extend platform to prehensile and dexterous manipulation,batch_002/papers/2022-lin-tactile-gym-2.md
B044,Attention for Robot Touch: Tactile Saliency Prediction for Robust Sim-to-Real Tactile Control,Yijiong Lin; Mauro Comi; Alex Church; Dandan Zhang; Nathan F. Lepora,2023,"2023 IEEE/RSJ International Conference on Intelligent Robots and Systems (IROS), 10806–10812",Relevant,"단일 TacTip image에 target edge와 distractor contacts가 함께 나타날 때 contact-depth map과 saliency map으로 target contact만 분리하고, tactile pose PID와 image-based deep-RL controller 모두의 실물 edge-following failure를 복구한다. Net F/T가 아니라 spatial tactile image를 사용해 multi-contact ambiguity를 줄이는 직접 사례이며, current global object pose·scene vision 없이 local target-contact pose/shape를 보완한다.",Target-edge contact pose estimation and 2D edge following amid tactile distractors,Supervised tactile representation learning; sim-to-real perception; control augmentation,ConDepNet pix2pixGAN; TacSalNet pix2pixGAN; TacNGen VAE; tactile PoseNet; PID/deep-RL controllers,Dobot MG400 with TacTip optical tactile end effector,Pose PID branch uses target y/Rz setpoint; image-based deep-RL branch outputs TCP x/y actions,Pose-based PID or a pretrained image-based deep-RL controller; execution rate/gains not stated,No external scene vision; TacTip internal optical camera only,기타,기타,Local target-edge contact pose y/Rz is predicted only for the PID branch; no global object pose tracker,기타,Local contact-depth/saliency images; CAD/ground-truth contours only for training labels and evaluation,No physical-parameter input,Yes,Marker-based optical TacTip,Real grayscale marker image from internal camera,ConDepNet real-image to contact-depth map; TacSalNet target saliency prediction; optionally tactile PoseNet,Full contact-depth image or target saliency map; local y/Rz pose for PID branch,"Spatial deformation, target contact area and local target-edge pose/shape",TacSalNet suppresses distractor contacts; no calibrated force/shear vector or global object pose,No,"Not applicable; optical deformation imagery, not wrist wrench",Not applicable,Not applicable,Not stated for the reused controllers; no robot-state vector enumerated,Not stated; networks are presented as single-image mappings,Not stated,Local tactile PoseNet estimates edge y/Rz in one control branch; direct image RL branch has no explicit pose estimate,Target feature type is fixed to edge; PID target pose; no scene-level vision,"Global object pose, full shape and surrounding-scene state are unavailable",Tactile saliency map learned from simulation-labelled target/noise contacts,Filters irrelevant local contacts so the controller follows the intended edge rather than a distractor,No object GT reported; deployed deep-RL policy consumes tactile contact-depth/saliency image,Not stated; reused deep-RL policy training details are outside this PDF,Not stated; no new RL policy is trained in this paper,Not stated; failed runs are reported when robot is trapped at a distractor within 50 steps,Not applicable to RL; simulation target/noise depth maps provide supervised labels for ConDepNet/TacSalNet,Not applicable; spatial tactile saliency localizes target contact directly from an image,Not applicable,No net-wrench analysis; target/distractor overlap remains ambiguous when very close,Not applicable; no F/T modality,Representation ablation; Input augmentation comparison; Failure analysis; Real-world evaluation,TacNGen saliency beats Gaussian noise on SIM/CC/NSS; distractor pose errors drop from 1.84–2.41 mm and 14–30° to 0.26–0.40 mm and 4.44–5.06°; both PID and deep-RL fail without saliency but complete all four contours with it,"§IV-B–D, Tables I–II/Figs.3–6, PDF pp.4–7","Demonstrated only for an edge target, marker-based TacTip and Tactile Gym depth simulation; saliency degrades near y≈−2.5 mm when a distractor is too close and is included as target",Evaluate other tactile sensor types and extend tactile saliency to broader exploration/manipulation tasks with unexpected distractors,batch_002/papers/2023-lin-tactile-saliency.md
B045,Bi-Touch: Bimanual Tactile Manipulation With Sim-to-Real Deep Reinforcement Learning,Yijiong Lin; Alex Church; Max Yang; Haoran Li; John Lloyd; Dandan Zhang; Nathan F. Lepora,2023,"IEEE Robotics and Automation Letters 8(9), 5472–5479",Relevant,"두 TacTip optical tactile image와 proprioception만으로 bi-pushing·bi-reorienting·bi-gathering PPO policies를 학습·실물 전이한다. Simulator object pose와 goals는 reward·curriculum에 쓰지만 실물 actor에는 object pose가 없고, ArUco는 정량 평가에만 쓴다고 명시한다. F/T 입력은 없으며 random force는 disturbance다.","Bimanual planar object pushing, in-plane reorientation and object gathering under perturbations",Sim-to-real Deep Reinforcement Learning; bimanual tactile control,PPO (Stable-Baselines3); real-to-sim tactile image translation GAN; goal-update mechanism,"Two Dobot MG400 4-DoF desktop arms, each with a TacTip optical tactile end effector","Bi-pushing: x and Rz per arm (4D); bi-reorienting: x, y and Rz per arm (6D); bi-gathering: y and Rz per arm (4D)","Each arm executes Cartesian TCP actions in its own frame; rate, gains and safety controller not stated",No external visual feedback in policy; internal tactile cameras; ArUco markers only for quantitative evaluation,미제공,미제공,Simulation object pose supplies reward/curriculum GT; real actor has no object pose; ArUco measures evaluation trajectories/success only,기타,Cube/cuboid training geometry and local tactile image; no explicit shape/mesh input; unseen real shapes test generalization,"No actor parameter vector; real objects vary in size, weight, shape and stiffness",Yes,Two biomimetic marker-based optical TacTip sensors used as end effectors,One internal-camera marker-deformation image from each TacTip,"Each real image is translated separately to simulated tactile style with an image-to-image GAN, then the pair is concatenated",Concatenated pair of simulated-style tactile images plus proprioceptive feedback as PPO observation,Spatial soft-skin deformation/contact-surface pattern and contact-depth cues,"No calibrated force/wrench, explicit contact point, object identity, global pose or physical-parameter estimate; shear is not simulated",No,"Not applicable; random forces are training/test perturbations, not sensed F/T observations",Not applicable,Not applicable,Yes; TCP positions/orientations are identified as proprioceptive observation in Fig.2,"Not stated; 10-step pose hold is a success condition, not a reported observation history stack",Not stated,No runtime object-pose estimator; tactile GAN performs observation-domain translation,Exact actor goal/subgoal encoding is not enumerated; goals and current object pose are explicitly used in simulation rewards and kept separate here,"Real actor lacks current object position/orientation, global geometry, mass, friction and stiffness","Two local tactile images, robot TCP proprioception and task-specific learned priors",Guide coordinated contact motion without online external object vision; simulator GT shapes reward and curriculum only,No object GT reported; actor observation is tactile images plus proprioception; exact goal encoding not stated,Not stated; PPO critic input is not enumerated,"Yes in simulation: current and target object positions/orientations, TCP poses, desired contact points and GUM subgoals",Yes for reported success logic: simulated gathering distance and reorientation goal hold; real ArUco success is evaluation-only; full per-task termination details not stated,"Yes: object-centre target-line stage before TCP-line stage, perturbation schedule, and ten angular subgoals",Not applicable,Not applicable,No F/T channel; applied forces cannot be interpreted as sensed wrench,"Not applicable; tactile plus proprioception, without F/T",Mechanism ablation; Real-world evaluation; Failure analysis; No tactile/F/T ablation,"GUM enables simulated gathering under perturbations; real policies generalize to unseen objects, while prism slip and workspace exhaustion expose failures. ArUco is evaluation-only and no no-tactile comparison isolates tactile necessity.","§IV, Fig.3/Tables I–III/Figs.5–7, PDF pp.5–7","Shear deformation is absent from simulation; cube-only training degrades non-cuboid reorientation, sharp-edge slip can be unrecoverable, and heavy/irregular perturbed objects can exhaust workspace",Approximate tactile shear in simulation and extend Bi-Touch to fine manipulation of held objects without a support table; bi-lifting is only preliminary supplementary-video evidence,batch_002/papers/2023-lin-bi-touch.md
B046,Tactile Active Inference Reinforcement Learning for Efficient Robotic Manipulation Skill Acquisition,Zihao Liu; Xing Liu; Yizhai Zhang; Zhengxiong Liu; Panfeng Huang,2024,"2024 IEEE/RSJ International Conference on Intelligent Robots and Systems (IROS), 10884–10889",Relevant,"고해상도 tactile image를 접촉 중심·강도·optical-flow entropy로 축약하고 로봇/물체 상태와 결합하는 연구다. Sim pushing과 real screwing에서 object 정보 조건이 크게 달라 이를 분리해야 한다. 특히 tactile 없는 AIRL 비교와, nut angle GT 대신 tactile entropy를 reward로 쓰는 구조가 조사 질문에 직접 대응한다.",Sim slope pushing; real nut screwing,Model-based Reinforcement Learning; sampling-based planning,Tactile-AIRL; CEM; SAC baseline,UR5 simulation; KUKA iiwa7; BackYard gripper,Sim 3D motion increments; real rotation increment with fixed descent,Motion control details/frequency Not stated,No external vision specified; optical tactile camera separate,Tracking,Tracking,"Sim current object position/posture/velocities; real nut pose not provided, robot height/angle separate",미제공,No explicit geometry input; fixed regular contact-shape assumption,No; real screw pitch unknown,Yes,GelSight mini real; TACTO simulation,Optical tactile RGB and reconstructed depth; gel flow,Poisson depth; raw moments; Lucas-Kanade flow; directional histogram entropy,"Sim centroid2 + depth sum1; general static/dynamic set mu,Sigma,Hx,Hy; real full subset Not stated",Contact centroid; deformation intensity; slip/motion trend proxy,Detailed contact shape and individual flow vectors reduced structurally; calibrated force not provided,No,Not applicable,Not applicable,Not applicable,Yes; sim manipulator state; real descent height/rotation,Optical-flow temporal change; window/stack/RNN Not stated,Not stated,Learned transition ensemble/reward model; not object pose estimator,Sim global object state; task goal reward; real fixed descent,Sim local contact details; real screw pitch/nut GT angle,Tactile moments/flow entropy; robot motion state; dynamics model,Local contact prediction; reduce downward deformation via angular action; entropy reward substitutes inaccessible nut angle,Sim Yes object kinematics; real nut GT No; planner not actor network,Not applicable to CEM planner; SAC baseline details Not stated,Sim Yes object region/distance; real measured tactile entropy,Not stated,Not stated,Not applicable,Not applicable,Not applicable,Not applicable,Sensor ablation; Controlled comparison; Author explanation only,Tactile vs no-tactile AIRL reward stability; AIRL vs SAC efficiency; real15-episode entropy convergence without baseline,§IV-C; Figs.5–7; PDF pp.5–6,Fixed regular contact shape; no sim flow; real nut GT unavailable; real baseline sampling cost,Not stated; general broader application potential,batch_002/papers/2024-liu-tactile-active-inference.md
B047,FACTR: Force-Attending Curriculum Training for Contact-Rich Policy Learning,Jason Jingzhou Liu; Yulong Li; Kenneth Shaw; Tony Tao; Ruslan Salakhutdinov; Deepak Pathak,2025,Not stated (arXiv preprint),Relevant,Robot external joint torque를 vision과 결합하고 force 입력을 무시하는 학습 문제를 curriculum으로 완화한다. Sensor 및 curriculum 비교가 있어 접촉 정보의 실제 추가 역할을 평가할 수 있다. 측정원은 joint torque 및 gripper current이며 wrist F/T나 distributed tactile이 아니다.,Box lifting; non-prehensile pivoting; fruit pick-place; dough rolling,Imitation Learning; bilateral teleoperation,Action Chunking Transformer; force-attending visual curriculum; BC,Franka Panda arm(s); OpenManipulator-X gripper(s),Absolute joint-position targets; action chunk100,Follower joint targets/RMP collision avoidance; leader torque-feedback compensation; policy frequency Not stated,Yes; front ZED2 or wrist RGB,기타,기타,Current RGB implicit cues; no numerical object pose tracker,기타,RGB implicit geometry; no explicit CAD/dimensions,No object parameters; robot compensation model separate,No,Not applicable,Not applicable,Not applicable,Not applicable,Not applicable,Not applicable,"Yes; joint torque/current force proxy, not wrist F/T",Arm external joint torque sensors; gripper servo current,Torque/current encoded into MLP token; no Cartesian wrench inversion,Teleoperation feedback; policy observation; contact/mode switching; drop recovery,Yes current hand joint angles Appendix X; arm joints excluded from actor; controller state separate,Not stated; action chunk100 is output horizon,Not stated,No explicit object/contact estimator,Current RGB; task-specific learned goal,Explicit object pose/shape/physics; contact phase ambiguous in visual appearance,External joint torque; gripper current; hand joint position; force-attending curriculum,Contact/mode discrimination and recovery; reduce visual overfitting; role partly author interpretation,Not applicable; BC sensor inputs,Not applicable,Not applicable,Not applicable to RL; execution task success criteria stated,No simulator GT; visual corruption schedule in BC,No explicit contact localization,External joint torque available; kinematic equivalence; torque scaling; robot compensation model,Limited torque precision/noise affects subtle forces; net-wrench locality not discussed,Not applicable; tactile is future work,Sensor ablation; Controlled comparison; Failure analysis; Author explanation only,"Tables VII–X test success box31.7/58.3/91.7,pivot26/42/76,fruit26.7/73.3/93.3,dough0/70/80%; vision-only/force/FACTR; expanded trials separate; aggregate mismatch flagged","§V; Tables I–II,VI–X; Figs.6–9; PDF pp.7–9,14–15",Torque noise/precision; sensor availability; curriculum hyperparameter dependence,High-resolution tactile/haptic glove; EEF F/T adaptation; adaptive curriculum,batch_002/papers/2025-liu-factr.md
B049,ForceMimic: Force-Centric Imitation Learning with Force-Motion Capture System for Contact-Rich Manipulation,Wenhai Liu; Junbo Wang; Yiming Wang; Weiming Wang; Cewu Lu,2025,"IEEE ICRA 2025, pp.1105–1112",Relevant,"시각 경로의 접촉 오차를 force control로 보완하는 모방학습 연구다. 특히 제안 정책의 force 출력과 저수준 force feedback을 구분하며, force를 정책 입력에 추가한 비교군이 오히려 실패하는 사례를 제시한다. Tactile 병용 연구는 아니지만 추가 센서 정보의 역할과 배포 시 입력 분포 문제에 직접 근거를 준다.",Zucchini peeling,Imitation Learning; Hybrid,Diffusion Policy / HybridIL,Flexiv Rizon 4 dual arm,20-step TCP pose+wrench prediction,IK joint-position or orthogonal hybrid force-position primitives; predicted force threshold 6 N,Yes; RGB-D point cloud,기타,기타,Point cloud implicit spatial information; no explicit object pose; TCP pose is robot state,Tracking,"RGB-D point cloud; voxelized size 10,000",No; tool CoM/weight calibration is not object parameter input,No,Not applicable,Not applicable,Not applicable,Not applicable,Not applicable,Not applicable,Yes,Collection: 6-axis sensor between handle and tool; execution: Flexiv force sensing source Not stated,Gravity-compensated 6D wrench; predicted wrench; orthogonal projected force,Supervised target; policy output; low-level force regulation; force-input comparison only,Yes; TCP pose,"Yes; history pose, length Not stated",Not stated,No object state estimator stated,Point cloud encoder features; diffusion timestep,Accurate visual contact trajectory; explicit object pose/physical parameters,Predicted wrench; low-level force feedback; TCP pose,Compensate visual guidance errors and regulate contact; measured-force policy input did not consistently help,Not applicable,Not applicable,Not applicable,Not applicable,Not applicable,No,Quasi-static collection; tool gravity compensation; calibrated transforms; orthogonal force-motion control,Data/deployment force distribution mismatch; locality/multi-contact ambiguity Not stated,Not applicable,Controlled comparison; Input ablation; Failure analysis,Raw DP vs HybridIL length>10 cm: 55% vs 85%; force-input baselines: 10% and 20%,"§IV-B; Table I/Figs.6–7, PDF pp.5–6",Simple MLP; two primitives; single skill; force-input mismatch; premature switching (§V/§IV-B p.6),Multimodal representation; more/predicted primitives; more force tasks; better force sensory-input integration (§V p.6),batch_002/papers/2025-liu-forcemimic.md
B050,Learning a High-quality Robotic Wiping Policy Using Systematic Reward Analysis and Visual-Language Model Based Curriculum,Yihong Liu; Dongyeop Kang; Sehoon Ha,2025,Not stated,Relevant,"Blind surface wiping에서 curvature/friction을 관측하지 않고 F/T와 robot state 및 주어진 waypoint로 접촉 힘과 이동을 제어한다. 실행 시 센서 정보와 학습 중 contact/collision·waypoint 보상, VLM 영상 피드백을 구분할 수 있다. Tactile 비교가 아니라 force 기반 partial-observation manipulation 및 training-only 정보 사례로 포함한다.",Blind curved-surface wiping with two waypoints and target force 60 N,Reinforcement Learning,Not stated; deep RL with bounded reward and VLM curriculum,Simulated 7-DoF Panda,6D EEF pose command,robosuite OSC_POSE at 20 Hz,No actor vision; training-only VLM scene feedback,미제공,미제공,No current object pose; waypoint goals and EEF pose provided,미제공,Curvature hidden; six simulated tabletop shapes,No actor input; friction randomized,No,Not applicable,Not applicable,Not applicable,Not applicable,Not applicable,Not applicable,Yes,Simulated EEF force/torque sensor; physical model Not stated,F/T sensor values; reward uses f_z; exact dimensions Not stated,Policy observation; force reward; evaluation and curriculum metrics,Yes; joint positions/velocities and EEF pose,Not stated for actor; curriculum keeps metric history,Not stated,Not stated,Waypoint information; total observation 46D,Surface curvature; smoothness/friction; explicit surface pose,F/T; robot state; waypoint; randomized training,Adjust pose to maintain force while navigating; input roles not isolated by ablation,No object GT stated; sensor-like state and goals,Not stated,Yes; simulation contact/collision and waypoint/checkpoint flags; force and motion terms,Yes; collision/last waypoint; horizon 200,Yes; simulated success/force metrics and scene images; no shape/friction parameter input,No,Provided waypoints; obstacle-free scenario; robot state; simulated surface distribution,Not stated,Not applicable,Controlled comparison; Author explanation only,Non-bounded/bounded/VLM: success 58/92/98%; IAE 267/333/243; no sensor ablation,Table I p.5; Fig.4 p.6; §III-A pp.2–3,Complex-scenario generality; simulation only; provided waypoints (§VI p.6),Hardware; broader scenarios; autonomously generated waypoints (§VI p.6),batch_002/papers/2025-liu-high-quality-robotic-wiping.md
B051,Pose-and-shear-based tactile servoing,John Lloyd; Nathan F. Lepora,2024,"The International Journal of Robotics Research 43(7), 1024–1055",Relevant,외부 vision/current whole-object pose 없이 tactile의 local pose-and-shear와 proprioception으로 surface following과 pushing을 수행한다. 특히 slip-induced tactile aliasing을 uncertainty model 및 robot kinematics 기반 Bayesian filter로 보완하고 그 효과를 비교한다. Binary marker image와 영역별 contact Boolean은 다른 표현이므로 구분해서 분석한다.,Tactile object tracking; surface following; single/dual-arm pushing,State Estimation + Controller; Tactile servoing,GDN supervised NLL; SE(3) discriminative Bayesian filter; PID,One/two Franka Emika Panda arms with TacTip,6D Cartesian velocity twist,Feedforward+MIMO PID; target-bearing SISO PID; libfranka 1 kHz low-level,No external vision; internal tactile cameras,기타,기타,Tactile local contact pose/shear; no whole-object pose tracking,기타,Locally flat prior and known sensor geometry; no full object shape input,No,Yes,TacTip; 331 markers; one/two 40 mm tips,640×480 optical marker image,Grayscale; 430×430 crop; median blur; adaptive binarization; 128×128; normalization,GDN 6D pose/shear mean + uncertainty; filtered SE(3) state,Local contact depth/orientation; translation/rotation shear; uncertainty,Raw image detail reduced; no global pose/shape or calibrated force; slip aliasing,No,Not applicable,Not applicable,Not applicable,Yes; sensor/EEF pose from robot kinematics,Yes; Bayesian state/covariance and PID memory,Not stated; kinematic sensor displacement used,GDN + discriminative Bayesian filter,Goal; reference contact pose; feedforward velocity,Whole-object pose/shape; unambiguous shear from single image,Robot kinematics; temporal filter; uncertainty; local surface prior; goal,Reduce shear aliasing and control contact/target bearing,Not applicable,Not applicable,Not applicable,Not applicable,Not applicable,Not applicable,Not applicable,Not applicable,Not applicable,Controlled comparison; Author explanation only,Filter error decreases with accurate dynamics; sensor/shear removal ablation absent; real pushing trials,"Tables 1–2 pp.16–17; Tables 3–5 pp.22,24–25; §6 pp.22–25",Shear aliasing; local-flat prior; dynamics-noise dependence; foam tall-object failure; absent planning (§6 pp.22–25),Slip-aware data; varied trajectories/features; planning; active dual-arm and dexterous tasks (§6 pp.23–26),batch_002/papers/2024-lloyd-pose-and-shear-tactile-servoing.md
B052,ManiFeel: Benchmarking and Understanding Visuotactile Manipulation Policy Learning,Quan Khanh Luu; Pokuang Zhou; Zhengtong Xu; Zhiyuan Zhang; Qiang Qiu; Yu She,2026,Not stated,Relevant,"Vision-only, vision+TacRGB, vision+distributed tactile force field를 같은 proprioception·imitation-policy 조건에서 비교하여 tactile 정보의 과업별 역할과 추가 입력의 역효과를 직접 보여 준다. 다만 실행 중 vision을 계속 사용하며 tactile-only 조건은 없고, TacFF는 wrist 6축 F/T가 아니라 접촉면의 normal/shear grid다.",Insertion; screwing; occluded exploration; tactile sorting,Supervised Imitation Learning; Benchmark,Diffusion Policy; Equivariant Diffusion Policy; Flow Matching,Simulation manipulators in IsaacGym/TacSL; real Franka Emika Panda + parallel gripper + GelSight R1.5,Relative pose action chunk; 6D/7D simulation and 5D real depending on gripper/rotation constraints,Relative-pose control; real OSC-yaw with fixed roll/pitch; simulation low-level details Not stated,Yes; current+previous wrist/front RGB throughout execution; sometimes occluded or dim,기타,기타,"Continuous RGB/tactile latent, not explicit numerical object pose; task-dependent occlusion",기타,RGB/TacRGB/TacFF features and demonstration distribution; no explicit mesh/dimensions,No explicit mass/friction/stiffness input,Yes,TacSL simulated GelSight R1.5; real right-finger GelSight R1.5,TacRGB image; TacFF distributed normal+2D shear field,"Normalize [-1,1]; two frames; image resize; TacFF 10×14×3",Separate ResNet18/UniT/T3/AnyTouch or force-field encoder latent; concatenate with vision+proprioception,TacRGB texture/local geometry/deformation; TacFF local pressure and directional shear,No global pose/full shape; TacRGB no calibrated force; TacFF no high-resolution texture; latent compression,"Yes; fingertip tactile force field, not wrist F/T",TacSL simulated field; real GelSight marker optical flow + depth reconstruction,10×14×3 distributed normal and two shear components; normalized,"Policy input for alignment, stable contact, tightening and force-sensitive interaction",Yes; 7D EEF position+quaternion,Yes; current and previous observation frames,Not stated,No explicit numerical object-state estimator,Current RGB camera; task-dependent wrist/front view,Explicit numerical object pose; full shape; physical parameters; globally visible state in occluded tasks,Continuous vision; EEF pose; tactile modality; two-frame history; demonstrations,Vision handles global/pre-contact information; tactile supplies local texture/geometry or force distribution,No simulator object GT stated; sensor observations and proprioception only,"Not applicable; supervised imitation, no critic",Not applicable for training; simulator task success used for evaluation,Not stated; task success/rollout criteria not fully specified,No curriculum stated; randomized starts and demonstration datasets,Local contact distribution on fingertip only; no global object/contact localization,Right-finger contact coverage; field-estimation fidelity; continuous vision for global approach/localization,No units/range/calibration; sim-real elastomer/friction/contact-dynamics gap,Not tested together: benchmark pairs vision with TacRGB or TacFF separately,Input/Sensor ablation; Representation ablation; Controlled comparison; Failure analysis,TacFF helps insertion/screwing; TacRGB helps exploration/sorting; some added modalities degrade; real trends reproduced with separately trained policies,"Tables I–IV/Figs.6–11, PDF pp.5,8–12; §V pp.13–14",Representation generalization; pairwise/simple fusion; subset coverage; sim-real sensory/contact gap (§V-B pp.13–14),More encoders; combined/adaptive fusion; tactile modeling; domain adaptation/randomization (§V-B/§VI pp.13–14),batch_002/papers/2026-luu-manifeel.md
B053,Current as Touch: Proprioceptive Contact Feedback for Compliant Dexterous Manipulation,Chenyang Ma; Yunchao Yao; Zhenyu Wei; Ruogu Li; Daniel Szafir; Mingyu Ding,2026,Not stated,Relevant,"외부 tactile/F/T 없이 hand motor current와 joint-state history를 contact/load cue로 사용하고 current 제거 ablation을 실물에서 수행한다. Current는 calibrated force나 wrench가 아니며 contact location도 주지 않으므로, proprioceptive force proxy의 정보·가정·모호성과 object-pose 보완 조건을 직접 비교할 수 있다.",Compliant dexterous teleoperation; wiping; card picking; dynamic bottle holding,Supervised Imitation Learning; Compliance Control,"ACT-style CRP prediction with temporal convolution, Transformer, KL and current auxiliary loss",LEAP Hand + Franka Research 3; Unitree Dex3 + Unitree G1,10-frame compliance-reference position chunk for hand and arm/EEF,Fixed-gain joint PD; predicted position error induces torque; exact gains/frequency Not stated,No policy camera; human visual feedback in teleoperation/data labeling; VICON pose in single-card policy,기타,기타,Single-card VICON at train/inference; bottle fixed precomputed pouring pose; teleoperation none,미제공,No explicit shape input; task-specific demonstrations,No explicit stiffness/mass/load/friction input; current is an indirect correlated cue,No external tactile sensor,Not applicable; motor current is described as tactile-like proprioception,Not applicable,Not applicable; current processing recorded separately,No tactile image/taxel/Boolean; temporal motor-current latent instead,No explicit tactile spatial information,"Contact location, pressure/shear map, texture/geometry unavailable",No direct F/T policy input; motor-current proxy used; external F/T measurement-only,Raw joint motor current; external 6-axis F/T only for motivating measurement,10-frame raw joint-current history; normalized; temporal latent; no explicit force conversion,Contact/load cue for compliance-reference prediction and grasp regulation,Yes; hand/arm joint positions or arm EEF pose plus motor current,Yes; default 10-frame observation history; recent prediction aggregation,No previous executed action stated; recent action predictions aggregated at execution,No explicit force/wrench/contact-location estimator; learned CRP predictor,Teleop intent velocity or task-level object/goal/pouring SE(3),Shape/physical parameters; contact location; calibrated force/wrench; pose absent or externally supplied by task,Motor current history; proprioception; user intent or external/fixed task pose; demonstration manifold,"Resolve contact/load ambiguity enough to choose compliant position reference, without force reconstruction",Single-card external VICON required at inference; future action/style and smoothed-current target are training-only,"Not applicable; supervised imitation, no critic",Not applicable; no reward,Not stated; trial outcomes evaluated externally,No curriculum stated,No; current is joint-wise and contact-correlated but contact point is unknown,Hardware-specific current/contact correlation; informative joints; diverse demonstrations; stable PD interface; task pose/intent,Current mixes contact with friction/dynamics/backlash/gravity/drift/noise; multiple-contact inverse ill-conditioned,Not tested; no external tactile condition or combination ablation,Input/Sensor ablation; Controlled measurement; Component ablation; Failure analysis,Current removal degrades real teleoperation and policy tasks; current-force correlation measured; no tactile comparison or force reconstruction,Fig.3 p.3; Tables 1–4 pp.7–9; Table 7 p.13; Appendix C pp.14–15,Hardware/current dependence; empirical labels; task pose dependence; missing component ablations; current nuisance/ambiguity (§5 p.9; App.C pp.14–15),Robust perception/localization and detailed auxiliary/smoothing/threshold-controller studies (§5 p.9),batch_002/papers/2026-ma-current-as-touch.md
B054,Localizing External Contact Using Proprioceptive Sensors: The Contact Particle Filter,Lucas Manuelli; Russ Tedrake,2016,"IEEE/RSJ IROS 2016, pp.5062–5069",Relevant,Wrist F/T 단독 연구는 아니지만 joint-torque residual로 접촉 위치를 복원할 때 필요한 geometry·dynamics·friction 조건과 multi-contact 비식별성을 직접 다룬다. 따라서 force 정보의 locality 복원 범위와 추가 가정을 판단하는 핵심 근거로 포함한다. 조작 policy 학습 성능을 제시하는 논문으로 취급하지 않는다.,External contact detection/localization on robot surface,State Estimation; Optimization,Contact Particle Filter; generalized momentum observer; constrained QP,"Simulated Atlas; 36 DoF, 30 actuated joints",Not applicable; contact-state estimator output,Not applicable,No,미제공,미제공,No external object pose; robot q provided,미제공,External object geometry absent; complete ROBOT surface mesh required initially,External object parameters No; known ROBOT dynamics and friction-cone constraints used instead,No,Not applicable,Not applicable,Not applicable,Not applicable,Not applicable,Not applicable,Yes,Joint torque residual; simulated 6-axis foot F/T to subtract support contacts,Generalized external torque vector; 3D point forces; zero contact moment,Detection; contact count; location/force estimation,Yes; q/v/actuator torque,Yes; recursive particle distributions and momentum residual,No in CPF motion prior; actuator torque measured by observer,Momentum observer + CPF,Robot mesh; dynamics; friction cones; known foot wrenches,External contact locations/count; external object pose/shape,Robot geometry; dynamics; Jacobians; friction constraints; temporal particles,Restrict contact locations/forces explaining residual,Not applicable,Not applicable,Not applicable,Not applicable,Not applicable,"Yes; point contacts on known robot surface, up to three in simulation",Accurate rigid-body dynamics/torques; known robot mesh/friction cones; point force; sequential arrivals; conditional contact-set approximation,Model error vs contact; non-identifiable multi-contact sets; continuous contact aggregated; simultaneous arrival/divergence,Not applicable,Controlled comparison; Failure analysis; Author explanation only,Most cases within 3 cm; better than two-step illustrative comparison; explicit identifiability caveats,§V/Figs.3–4 pp.5–6; §VI pp.7–8,Model error; identifiability; point contacts; filter divergence; sequential arrivals; simulation-only (§VI pp.7–8),Faster surface projection; additional F/T measurement extension (§V-C/VI-F pp.6–8),batch_002/papers/2016-manuelli-contact-particle-filter.md
B057,Enhancing Tactile-based Reinforcement Learning for Robotic Control,Elle Miller; Trevor McInroe; David Abel; Oisin Mac Aodha; Sethu Vijayakumar,2025,NeurIPS 2025,Relevant,Sparse binary contact와 proprioception/history를 결합하고 tactile 제거 및 자기지도 표현학습을 비교한다. Object pose 없는 actor·critic과 GT를 쓰는 reward/reset을 분리하여 검토할 수 있다. 모든 로봇 실험은 simulation이며 실물 전이 성과로 해석하지 않는다.,Object finding; Ball bouncing; Baoding rotation,Reinforcement Learning; Self-supervised representation learning,PPO-clip,Simulated Franka; Shadow Hand,9D/20D joint position targets,Joint position control; gains Not stated,No,미제공,미제공,No runtime object pose,미제공,No explicit actor shape; fixed sphere task prior,No actor inputs; simulator ball parameters,Yes,Simulated contact bodies: Franka 2; Shadow links17,Net contact forces,Binarization; threshold Not stated,2/17 bits; stacked history; 256D latent,Link contact presence; temporal pattern,Force magnitude/direction; within-link spatial detail (representation-derived),No,Not applicable,Not applicable,Not applicable,Yes; joints; EEF pose/width in Find,Yes;16 frames Find;4 frames Bounce/Baoding,Yes,No explicit object estimator; learned sensor latent,No,Current object pose; velocity; explicit shape/physical parameters,Binary tactile; proprioception; previous action; history; SSL,Contact feedback and temporal representation; task-dependent benefit,No,No,Yes; object/goal distances; contact/rotation/fall,Yes; object distance fall condition,Simulator initial-state randomization; SSL sensor-only; separate curriculum Not stated,Not applicable,Not applicable,No F/T study; author hypothesizes proprioceptive control-error spatial/multi-contact ambiguity,Not applicable,Sensor ablation; Representation ablation; Controlled comparison; Author explanation only,Tactile utility task-dependent; TR/FD outperform RL-only; auxiliary memory benefits Baoding,Figs.3–5 p.7; Figs.6–7 pp.8–9; Table A1 p.22,Simulation only; added compute/memory cost (§7 p.10),"Tactile-only dynamics; off-policy auxiliary data; adaptive BCE weighting (pp.9–10,18)",batch_002/papers/2025-miller-enhancing-tactile-rl.md
B058,Factory: Fast Contact for Robotic Assembly,Yashraj Narang; Kier Storey; Iretiayo Akinola; Miles Macklin; Philipp Reist; Lukasz Wawrzyniak; Yunrong Guo; Adam Moravanszky; Gavriel State; Michelle Lu; Ankur Handa; Dieter Fox,2022,Not stated,Partially Relevant,"주요 기여는 접촉 시뮬레이션이지만 Screw task에서 pose/velocity에 force와 action을 추가하는 observation ablation을 제공한다. GT pose를 계속 제공하는 조건에서 force의 유용성이 자동으로 보장되지 않는 비교 근거이며, sensor-free 또는 tactile 정책의 실물 검증 사례는 아니다.",Pick; Place; Nut-and-bolt Screw,Reinforcement Learning; Simulation,PPO,Simulated Franka,6D pose delta Pick/Place;2D Z/yaw Screw,IK; OSC; compared force/hybrid controllers,No,Tracking,Tracking,Simulator GT,기타,Known CAD/mesh/SDF in simulator and keypoint definition; not explicit actor mesh,No actor input; simulation material parameters,No,Not applicable,Not applicable,Not applicable,Not applicable,Not applicable,Not applicable,Yes (comparison); No final Screw observation,Simulated force; sensor mapping Not stated; external DIM dataset only for evaluation,Force observation dimension Not stated; controller wrench6D/action force3D,Observation ablation; hybrid force control; evaluation,Yes; hand pose/velocity,No explicit history; MLP,Action observation compared; temporal indexing Not stated,No; simulator GT,Current object GT,No current pose deficit in evaluated policy,Force/action observation compared on top of pose/velocity,Additional contact information tested but success decreased in this setting,Yes; object pose/velocity,Yes; shared observation; no asymmetric extra state stated,Yes; object keypoint distance and success,Yes; Screw geometry-based success/failure,Yes; stable-grasp state generation and initial-state randomization,No,No F/T localization; known robot model/assembly geometry/stable grasp,No direct ambiguity discussion,Not applicable,Input ablation; Controlled comparison,Pose+velocity0.7760; +force0.5026; +force+action0.3307,Table IV p.11; Tables X–XI p.21,SDF limitations; no regrasp; simulation transfer unverified (§VII p.11),Sim-to-real; image/privileged policies; tactile pose/slip estimation (§VII.A p.11),batch_002/papers/2022-narang-factory.md
B059,Deep Functional Predictive Control (deep-FPC): Robot Pushing 3-D Cluster using Tactile Prediction,Kiyanoush Nazari; Gabriele Gandolfi; Zeynab Talebpour; Vishnu Rajendran; Willow Mandil; Paolo Rocco; Amir Ghalamzan-E.,2023,IEEE/RSJ IROS 2023,Relevant,시각 대신 tactile image와 robot trajectory/history로 flexible stem contact를 예측하며 접촉 유지 pushing을 수행한다. Tactile image를 1D contact location으로 축약하는 controller와 원시 영상의 dynamics model을 구분하여 분석할 수 있다.,Flexible strawberry stem/cluster pushing; contact maintenance,Learned dynamics; Predictive tactile servoing,ConvLSTM TFM; CNN CLM; PD over prediction horizon,Franka Emika with custom tactile finger,Residual rotational velocity plus reference trajectory,Cartesian velocity controller,No external vision; tactile internal camera only,기타,미제공,1D sensor-relative tactile contact coordinate; not object center pose,미제공,Known sensor geometry; no individual object model,No runtime physical parameters,Yes,Custom half-conic optical marker finger,Membrane marker images;60Hz,64x64x3; CNN; ConvLSTM,Predicted images;1D contact distance for controller,Local deformation in images; axial contact location in CLM,CLM does not explicitly output load/shear/distributed contact (structure-derived),No,Not applicable,Not applicable,Not applicable,Yes; EEF6D pose,Yes; tactile/action context; length Not stated,Yes; past EEF trajectories,CLM1D contact estimator; TFM future images,Planned/reference robot trajectory,Global object pose and analytical dynamics,Tactile; proprioceptive action history; learned dynamics; planned motion,Predict contact displacement and compensate via rotation,Not applicable,Not applicable,Not applicable,Not applicable,Not applicable,Not applicable,Not applicable,Not applicable,Not applicable,Controlled comparison; Failure analysis,d-FPC vs tactile PD/open-loop; improves most conditions; sensor base exception,Tables I–III p.5; §V pp.4–5,Base-zone large deformation; extra cluster contacts; computation cost (§V),Not stated; generic future perspective only (§VI p.6),batch_002/papers/2023-nazari-deep-fpc.md
B060,Belief-Grounded Networks for Accelerated Robot Learning under Partial Observability,Hai Nguyen; Brett Daley; Xinchao Song; Christopher Amato; Robert Platt,2021 (PDF version); CoRL 2020,CoRL 2020,Relevant,Object position을 보지 못하는 contact manipulation에서 observation-action history를 belief supervision으로 학습한다. 논문이 force-feedback이라 부르는 신호는 finger coordinate/angle이며 별도 wrist F/T와 혼동하지 않아야 한다. 학습 전용 privileged belief와 실행 관측을 명확히 비교할 수 있다.,Top plate grasping; 1D selective bump pushing; 2D contact exploration/grasping,Reinforcement Learning; Belief-supervised representation,A2C+BGN,UR5e with 2-DoF compliant gripper,Discrete direction/compliance/grasp,Finger impedance control; arm tracking details Not stated,No,미제공,미제공,No main policy object pose,기타,Known constrained discrete task geometry/order/grid,Not stated,No separate tactile sensor; proprioceptive contact feedback,Not applicable,Not applicable,Not applicable,Not applicable,Not applicable,Not applicable,No numerical F/T observation stated,Compliant finger position/angle; not wrench,Robot coordinate/angle,Indirect contact inference through finger deflection,Yes; finger coordinate/angle,Yes; GRU 256 observation-action history,Yes,No runtime exact-belief tracker; BGN feature representation,No,Current object locations and target identity under partial observability,Proprioceptive contact; action history; recurrent state; training belief,Remember contact evidence and infer hidden task state,No runtime GT input; Yes true-belief auxiliary target,No main input GT; Yes true-belief auxiliary target; baseline Ah-Cs has state,Yes; hidden target success,Yes for bump movement; grasp action and timeout otherwise,Hidden-state reset/model-based belief supervision; curriculum Not stated,No F/T localization; contact inference via finger angle,Constrained movement; known discrete task model/order/geometry,Partial observation; no net-wrench ambiguity analysis,Not applicable,Controlled comparison,BGN vs history/belief/asymmetric baselines; real 100% denominator Not stated,Figs. 4–7 pp.6–8; Table 3 p.12,"Discrete state validation; belief representation issues (§3,6)",Continuous-state approximate beliefs; Gaussian mixture/particle filter (§6 p.8),batch_002/papers/2021-nguyen-belief-grounded-networks.md
B061,FACTR 2: Learning External Force Sensing for Commodity Robot Arms Improves Policy Learning,Steven Oh; Jason Jingzhou Liu; Tony Tao; Philip Han; Kenneth Shaw; Satoshi Funabashi; Ruslan Salakhutdinov; Deepak Pathak,2026,Not stated,Relevant,"Motor current와 proprioceptive history에서 external joint torque를 추정하고, 이를 policy input 및 training sample selection에 각각 사용하는 근거를 제공한다. Dedicated wrist F/T나 distributed tactile 없이 contact 정보가 어떤 모델·보정 가정에 의해 얻어지는지 분석할 수 있다.",Bimanual assembly; insertion; cap screwing; force-feedback teleoperation,Imitation Learning; Learned force estimation,Flow matching DiT; ACT; LSTM inverse dynamics,Bimanual AgileX Piper; Franka evaluation; YAM/Nero demonstrations,30-step absolute joint angle/gripper width chunk,Robot joint tracking Not stated; teleop scaled torque feedback,Yes; 4 RGB cameras,기타,기타,Current RGB tokens; no explicit 6D object pose,기타,RGB appearance/demonstration prior; no explicit mesh,No actor object parameters; robot-specific K/dynamics needed,No,Not applicable,Not applicable,Not applicable,Not applicable,Not applicable,Not applicable,Yes (estimated joint torque),Motor current minus learned free-space joint torque; not wrist F/T,Continuous external joint torque; L1+hysteresis for offline contact labels,Policy observation; teleoperation; training resampling,Yes; q/gripper policy; q/qdot/target error estimator,"50-step, 100 Hz estimator window; current observation policy",Target error in estimator; no explicit prior action policy input,NEXT external joint torque estimator,RGB 4 views; gripper widths,Contact/load state ambiguous from vision/current,Estimated external torque; temporal inverse dynamics; contact-phase sampling,Separate free-motion effort from contact; focus training on alignment/contact,Not applicable,Not applicable,Not applicable,Not applicable,Not applicable,No,Known torque constant K; contact-free data; robot-specific model,Unmodeled actuator/friction effects; K scale; hardware variation,Not applicable,Input ablation; Representation ablation; Controlled comparison,w/wo torque and sampling independently compared; estimated torque beats raw current on 2 tasks,Tables 1–2 pp.7–8; Table 4 p.14; Tables 9–10 pp.20–22,K-dependent absolute scale; robot-specific; Piper contact GT unavailable,Not stated,batch_002/papers/2026-oh-factr2.md
B062,A Contact Model based on Denoising Diffusion to Learn Variable Impedance Control for Contact-rich Manipulation,Masashi Okada; Mayumi Komatsu; Tadahiro Taniguchi,2024,IEEE/RSJ IROS 2024,Partially Relevant,Demonstration trajectory가 explicit surface model을 대신하는 geometry prior이며 force trajectory를 예측해 variable stiffness를 조정한다. Online tactile compensation 연구는 아니지만 object geometry 없이 force-based contact task를 성립시키는 추가 정보와 force의 학습·평가 역할을 분석하는 데 유용하다.,Curved-surface wiping; force-trajectory reproduction,Optimization; Learned contact dynamics,Denoising diffusion RetNet; multiobjective Bayesian optimization,Franka Emika Panda,Phase-dependent stiffness trajectory,Cartesian impedance,No,미제공,미제공,No current workpiece pose,기타,Demonstrated EEF path implicitly supplies surface geometry,No explicit input; learned contact model,No,Not applicable,Not applicable,Not applicable,Not applicable,Not applicable,Not applicable,Yes,EEF external force/torque; physical sensor source Not stated,6D formulation; Fx/Fy/Fz trajectory results; normalized,Training target; demonstration; objective; prediction,EEF demonstrated/reference pose and derivatives,Trajectory-sequence RetNet; not online policy history,Not stated,DCM force predictor; not object pose estimator,Demonstrated force and candidate stiffness,Explicit environment geometric/physical model,Demonstration path; measured forces; learned dynamics,Implicit geometry and force-response prediction,Not applicable,Not applicable,Not applicable,Not applicable,Not applicable,No,Demonstration geometry; task-specific data; impedance model,No direct net-wrench ambiguity discussion; real prediction error,Not applicable,Representation ablation; Controlled comparison,Diffusion/model/finetuning ablations; robot-free optimization evaluated,Figs. 7–10 pp.5–6; Table I p.7; Figs. 15–16 p.8,Black box; real task-oriented Pareto solutions missed (pp.6–7),Explainability/gray-box; larger contact datasets; real accuracy (p.7),batch_002/papers/2024-okada-diffusion-contact-model.md
B063,Pushing in the Dark: A Reactive Pushing Strategy for Mobile Robots Using Tactile Feedback,Idil Ozdamar; Doganay Sirintuna; Robin Arbaud; Arash Ajoudani,2024,"IEEE Robotics and Automation Letters 9(8),6824–6831",Relevant,42개 capacitive sensing area를 threshold하고 접촉 위치로 축약해 current object pose/shape 없이 pushing한다. Binary/contact-location representation과 robot pose/known base geometry의 보완 관계를 직접 검토할 수 있다. 손목 F/T나 force magnitude를 사용하는 방법은 아니다.,Mobile base pushing bulky objects,Rule-based; Reactive tactile control,Reactive Pushing Strategy,Kairos/Robotnik SUMMIT-XL STEEL holonomic base; arm unused,Planar vx/vy/yaw velocity,Velocity-controlled mobile base,No proposed RPS; vision APS baseline,기타,미제공,2D contact point from tactile; not object center pose,미제공,No object model; known base/taxel geometry,No,Yes,42 capacitive taxels on 14 PCBs; front/left/right base,Capacitance from foam compression,Low-pass; threshold; active taxel positions,Point/line contact; boundary midpoint 2D,Contact region; representative location,Continuous load; full taxel pattern after midpoint aggregation (structure-derived),No; simulation wrench ignored,Not applicable,Not applicable,Not applicable,Yes; robot world pose/odometry,No explicit window; realignment state hysteresis,No,Contact location from taxel geometry,World goal,Object center/orientation/shape/physical parameters,Contact location; robot pose; goal; base geometry; reactive prior,Recenter contact; steer target; stop by contact-goal distance,Not applicable,Not applicable,Not applicable,Not applicable,Not applicable,Not applicable,No F/T; quasi-static/holonomic/known base geometry,Not applicable,Not applicable,Controlled comparison; Failure analysis,"RPS 88.19% vs NPS 15.97% vs APS 5.56% simulation; real 2 × 8, all targets",§III pp.5–7; Table II p.6,Cylinder rolling; pose control/obstacles outside scope; quasi-static,Pose control/obstacle avoidance with shape/size/vision (§IV p.8),batch_002/papers/2024-ozdamar-pushing-in-the-dark.md
B064,Guiding real-world reinforcement learning for in-contact manipulation tasks with Shared Control Templates,Abhishek Padalkar; Gabriel Quere; Antonin Raffin; João Silvério; Freek Stulp,2024,"Autonomous Robots 48, Article 12",Relevant,"실물 grid-clamp insertion에서 FK로 얻은 clamp 위치와 3D force를 actor에 제공한다. 알려진 hole frame, orientation constraint, 좁은 탐색 영역이 접촉 학습을 성립시키므로 F/T 기반 방법의 추가 정보와 가정을 비교하는 데 직접 관련된다. Force cost 비교는 존재하지만 force 입력 제거 실험과는 구분해야 한다.",Pouring; grid-clamp insertion/assembly,Reinforcement Learning; constrained controller,SAC; TQC (simulation comparison),DLR SARA; simulated KUKA iiwa,3D SCT action mapped to 6D EEF pose increment,Cartesian position control,No (actor); human outcome judgment for real pouring,Tracking,기타,Robot FK estimate relative to known mug/hole frame,기타,Known target frame; hand-designed geometric constraints,No explicit actor input,No,Not applicable,Not applicable,Not applicable,Not applicable,Not applicable,Not applicable,Yes,Integrated F/T sensor; mounting/model Not stated,3D force in clamp frame,Policy observation; force penalty; evaluation,Yes; FK-derived relative pose,No explicit history,No explicit previous action,FK object pose estimate,Known goal frame; SCT phase for controller,Independent exact object pose; grasp/kinematic/calibration uncertainty,Force; FK; geometric constraints; known target frame,Contact feedback under constrained local search,Real: No simulator GT; simulation pose source Not stated,Not stated,Simulation outcome state; real sensor/human outcome labels,Simulation outcome state; real EEF-z proxy/human labels,Real: No simulator GT; six-location reset; constraints,No,Known target geometry/frame; FK/grasp transform; constrained orientation; small translation region,Contact-localization ambiguity not directly discussed,Not applicable,Controlled comparison; No supporting evidence for force-input removal,Force-cost comparison retains force observations in both conditions; approximately 70 episodes to success 1,§5.1 pp.8–11; §5.2.3 Fig.11 pp.12–13,Hand-designed constraints; limited applicability to intricate motor skills (§6 p.13),Extract constraints/nominal policy from demonstrations; uncertainty-aware MPs (§6 p.13),batch_002/papers/2024-padalkar-shared-control-templates.md
B065,Towards Safe and Efficient Learning in the Wild: Guiding RL With Constrained Uncertainty-Aware Movement Primitives,Abhishek Padalkar; Freek Stulp; Gerhard Neumann; João Silvério,2025,"IEEE Robotics and Automation Letters 10(7), 6880–6887",Relevant,실물 BNC insertion/locking에서 6D wrench와 EEF pose를 RL actor에 제공한다. Demonstration에서 얻은 nominal trajectory·covariance와 수작업 linear constraints가 함께 사용되므로 force-feedback 조작의 추가 정보와 prior를 분석할 수 있다. Force 입력 자체의 ablation은 보고하지 않는다.,BNC connector alignment; insertion; locking,Reinforcement Learning; Learning from Demonstration; constrained optimization,TQC; LC-NS-KMP,DLR SARA 7-DoF,Null-space action modifying KMP desired 6D EEF pose,Torque-controlled robot; specific pose-tracking controller Not stated,No,미제공,미제공,No explicit current object pose; EEF pose measured relative to demonstration goal frame,기타,Demonstration path/covariance; manually defined linear constraints,No explicit input,No,Not applicable,Not applicable,Not applicable,Not applicable,Not applicable,Not applicable,Yes,6D wrench measured at center of compliance; hardware origin Not stated,6D wrench,Actor observation; reward cost; evaluation,Yes; 6D EEF pose,No explicit history,No explicit previous action,Not stated,Time; demonstration reference; constraint/projector prior,Explicit current object state; exact contact dynamics,EEF pose; wrench; demonstration trajectory/covariance; linear constraints,Reactive RL correction and constrained exploration,Real: No simulator GT; simulated actor time only,Not stated,Simulation state; real measured wrench/joint-torque collision; success label source Not stated,Simulation state; real success detection details Not stated,No stated adaptive curriculum; five real demonstrations and expert constraints,No,Successful demonstrations; reference frame; manual linear constraints; useful demonstration covariance,Not directly discussed,Not applicable,Controlled comparison; Failure analysis; Author explanation only,Real KMP fails; KGRL reaches success 1 at about 45 episodes; no wrench-input ablation,§IV Figs.4–7 pp.5–7,Manual expert constraints; exploration encoded in demonstrations may be inappropriate (§V pp.7–8),Automated constraint extraction; non-linear constraints (§VI p.8),batch_002/papers/2025-padalkar-kernelized-guided-rl.md
B066,Beyond Binary: Sim-to-Real Dexterous Manipulation with Physics-Grounded Contact Representation,Jiahe Pan; Stelian Coros; Jitendra Malik; Toru Lin,2026,arXiv preprint,Relevant,"Binary tactile가 힘 크기와 접촉 위치를 버리는 문제를 직접 비교하고, 3D force와 3D contact position을 보존하는 CoP 표현이 blind manipulation을 어떻게 개선하는지 실험한다. Actor의 proprioception·previous action·recurrent history와 critic/reward의 simulator GT를 분리할 수 있어 본 Review 질문에 직접적인 근거를 제공한다.",Blind peg-in-hole insertion; blind ball balancing,Reinforcement Learning; Sim-to-real,Asymmetric recurrent PPO,16-DOF Allegro hand with XELA uSkin,16D target joint-position increments,EMA-smoothed joint targets tracked by PD,No at runtime; used only for sensor-delay measurement/analysis,미제공,미제공,Actor none; simulator GT for critic/reward only,미제공,No runtime shape input; diverse fixed training/evaluation assets,Actor No; mass/friction domain-randomized and critic/probe metadata,Yes,XELA uSkin 3-axis taxel arrays on fingertips/phalanges/palm,Distributed 3-axis taxel forces,Taxel calibration; stress-distribution mapping; threshold; sim-real alignment; noise/delay,Per-array CoP: 3D force + 3D contact position; normal force only in experiments,Contact presence; resultant force; local contact location; temporal change through GRU,Distributed patch and sensor detail; experimental shear; global object state,No wrist F/T; tactile-derived contact force only,XELA tactile taxels,3D CoP force; magnitude/vector baselines; normal-only deployment,Policy observation; contact/load feedback,Yes; current and commanded joint angles,Yes; GRU hidden state,Yes,Implicit recurrent policy state; no explicit object estimator,Contact representation; current/commanded joints,Current object pose; shape; mass/friction,Tactile CoP; proprioception; previous action; recurrent state,Infer contact transitions and hidden object dynamics,No,Yes; object/plate/ball states and goal terms,Yes; simulator object/contact/task state,Yes; goal/fall conditions,Not stated; domain randomization used,"Tactile CoP provides local sensor-frame contact location, not wrist-wrench localization",Calibrated taxel geometry; stress distribution; resultant single-force/centroid approximation,CoP discards distributed detail; shear removed; sim-real contact mismatch,Not an F/T+tactile system; CoP jointly retains local force and spatial contact location,Representation ablation; Controlled comparison,CoP beats binary/raw taxel on insertion; vec/pos split shows complementary role; task-dependent benefit on balancing,Tables 1–2 pp.6–7; Fig.12 p.15,CoP abstraction; no shear; simulator contact mismatch; fixed-base/XELA scope (§6 p.8),"Arm-hand, full-hand/other sensors, imitation and real-world RL (§6 p.8)",batch_003/papers/2026-pan-beyond-binary-cop-tactile.md
B067,Identifying External Contacts from Joint Torque Measurements on Serial Robotic Arms and Its Limitations,Tao Pang; Jack Umenberger; Russ Tedrake,2021,2021 IEEE International Conference on Robotics and Automation (ICRA),Partially Relevant,Manipulation policy가 아니라 joint-torque-only contact localization의 성립 가정과 근본 ambiguity를 정량 분석한다. 본 Review의 두 번째 핵심 질문인 F/T 또는 wrench만으로 contact locality를 어디까지 복원할 수 있는지에 직접적인 제한 근거를 제공한다.,External contact detection/localization on serial robot arms,State Estimation + Optimization,Contact-force QP; rejection sampling; manifold gradient descent; MILP active discrimination,KUKA IIWA and UR5 geometry analysis,Optional small joint motion for active contact discrimination,Not specified; linearized joint displacement plan,No,미제공,미제공,"Not applicable; estimates robot-surface contact point, not object pose",기타,Known robot surface triangle mesh; no manipulated-object shape,Known/assumed friction cone; robot dynamics,No,No,Not applicable,Not applicable,Not applicable,Not applicable,Not applicable,Yes; joint-torque-derived external residual,Joint torque sensors and external torque observer,Residual joint torque vector; candidate contact force/residual,Contact detection and contact-location/force set estimation,Yes; joint angles and residual torques,Yes only across active discrimination observations; no recurrent model,Active discrimination motion known; otherwise No,RSGD contact candidate set; optional active falsification,"Known kinematics, surface mesh, normals, friction cone",Object pose/shape; unique contact locality,Known robot geometry/kinematics; contact constraints; active motion,Constrain candidate set and falsify torque-equivalent contacts,Not applicable,Not applicable,Not applicable,Not applicable,Not applicable,"Yes, but returns multiple possible robot-surface contacts",Single contact; negligible contact moment; known surface/kinematics/friction cone; static contact for active step,Multiple positions/forces can produce the same torque; undetectability near joint axes; noise/geometry/singularity dependence,No tactile fusion evaluated; paper argues more capable sensing may be required,Controlled comparison; Failure analysis; Runtime analysis,Geometry-dependent detectability and multiple minima quantified; RSGD around 10 Hz; active motion not always feasible,Figs.3–5 pp.3–4; §VI–VII pp.5–6,"Non-unique/undetectable contacts, single-contact assumptions, local minima and active-motion failure (§I/IV–VIII)",No formal section; deployment needs residual filtering/bias correction and possibly richer sensors (§VIII p.6),batch_003/papers/2021-pang-external-contact-joint-torque-limitations.md
B069,Learning Force Control for Legged Manipulation,Tifanny Portela; Gabriel B. Margolis; Yandong Ji; Pulkit Agrawal,2024,2024 IEEE International Conference on Robotics and Automation (ICRA),Partially Relevant,"Blind sweeping과 task는 다르지만, end-effector F/T 없이 proprioception history와 privileged-state estimator로 external force를 추정하고 force-control policy를 구성한다. 실행 센서와 training-only force GT/critic state를 분리해 object/contact 정보 부족을 보완하는 사례로 유용하다.","Whole-body locomotion, EEF position and commanded force control",Reinforcement Learning; State Estimation,PPO with concurrent supervised privileged-state estimator,Unitree B1 quadruped + Unitree Z1 arm,17 joint-position targets,Joint PD,No,미제공,미제공,No object pose; estimated gripper pose is robot state,미제공,No,No object parameter input,No,No,Not applicable,Not applicable,Not applicable,Not applicable,Not applicable,No runtime F/T; learned force estimate,Estimated from joint encoders/body IMU/action history; dynamometer only for evaluation,3D external gripper force estimate and 3D command,"Force tracking, compliance and actor state estimate","Yes; projected gravity, feet clock, joint positions/velocities, actions",Yes; 30-step observations and commands,Yes; current and previous action in each observation,"Supervised MLP for body velocity, gripper position, external force",Force/EEF/base commands; mode bit,"Current object pose, geometry, physical parameters, contact locality",Proprioceptive/IMU/action history; force command; learned privileged-state estimate,Estimate external load and regulate compliance/force without F/T,No; uses estimator output,"Yes; true body velocity, gripper position, external force",Yes; simulator actual force/pose/contact state,Yes; collision/body height,Not stated,No,Sim-trained estimator transfers; known robot sensing; soft-contact training task,No locality; estimator overshoot/sim-real gap; policy may underuse estimated force,Not applicable; no tactile or F/T fusion,Controlled evaluation; Author demonstration only,5–10 N tracking error; force estimate overshoot; whole-body workspace +59%; payload compliance degrades at 6 kg,§V/Figs.3–5 pp.4–6,~5 cm/~5 N precision and unknown source; force estimate sim-real gap (§V–VI),Imitation from kinesthetic data; model-guided policies (§VI p.6),batch_003/papers/2024-portela-learning-force-control-legged-manipulation.md
B071,CONTACT: CONtact-aware TACTile Learning for Robotic Disassembly,Yosuke Saka; Jyun-Chi Hu; Adeesh Desai; Zhiyuan Zhang; Bihao Zhang; Quan Khanh Luu; Md Rakibul Islam Prince; Minghui Zheng; Yu She,2026,arXiv preprint,Relevant,"Vision-only, Vision+raw tactile RGB, Vision+structured tactile force field를 동일 diffusion-policy 조건에서 직접 비교한다. Tactile이 vision의 접촉 ambiguity를 어떤 spatial force 정보로 보완하는지와 naive sensor fusion이 항상 유리하지 않다는 근거를 rigid/deformable disassembly에서 제공한다.",Rigid and deformable robotic disassembly,Imitation Learning; Diffusion Policy,Multimodal Diffusion Policy with DDIM,Franka Emika Panda with GelSight R1.5,5D relative translation/yaw/gripper action chunks,Not stated,Yes; front and wrist RGB,기타,기타,Implicit in front/wrist RGB; no numeric pose vector,기타,Implicit visual/tactile appearance; no CAD/mesh/category input,No,Yes,GelSight R1.5 on right finger; TacSL simulation,240×160 tactile RGB deformation image,Optical flow + depth reconstruction for TacFF; normalize; ResNet-18,TacRGB or 10×14×3 TacFF normal/shear grid; two-step history,Local deformation or distributed normal/shear spatial pattern and transition,TacFF removes raw optical detail; no whole-object state/wrist wrench/long history,No wrist F/T; tactile force field used,GelSight optical tactile force reconstruction,10×14 grid of shear-x/shear-y/normal,"Contact-state, grasp-quality and directional resistance observation",Yes; EEF 3D position + quaternion,Yes; two observation steps,No,No explicit state estimator,Front RGB; wrist RGB; EEF pose,"Numeric current pose, explicit geometry/material parameters, occluded contact state",Vision; local tactile deformation/force; EEF pose; short history,Global/local geometry plus contact transition and force redistribution,Not applicable; imitation policy,Not applicable,Not applicable,Not applicable; task success used for evaluation,Not applicable,TacFF gives local spatial force cells; no wrist-wrench contact localization,Optical tactile reconstruction and right-finger contact coverage,Naive heterogeneous fusion dilutes task-relevant cues,Not F/T+tactile; tactile adds local contact pattern to vision,Sensor combination ablation; Representation ablation,TacFF best across tasks; largest gains under contact/deformation; dim-light and naive-fusion tests show task dependence,Tables I–V pp.6–7,No formal list; naive TacRGB+TacFF fusion degrades performance (§III-D.2 p.7),Structured multimodal fusion with attention/dedicated encoders (§III-D.2 p.7),batch_003/papers/2026-saka-contact-tactile-disassembly.md
B072,A Contact-Driven Framework for Manipulating in the Blind,Muhammad Suhail Saleem; Lai Yuan; Maxim Likhachev,2025,arXiv preprint,Relevant,"Vision 없이 joint-torque contact sensing, contact history, learned structural priors와 planning을 결합해 unknown clutter에서 조작한다. Joint-torque localization의 ambiguity와 추가 geometry/kinematic assumptions, sparse contact를 occupancy/history로 보완하는 구조를 직접 분석할 수 있다.",Blind valve reaching/manipulation and cluttered-shelf object retrieval,State Estimation + Planning; Hybrid learned occupancy,Momentum observer; contact particle filter; CNN/diffusion completion; CHS/CMAX Weighted A*,UR10e,Joint-space unit motion primitives with retract/replan on contact,Not stated,No,미제공,미제공,No object pose; contact locations and voxel occupancy estimated online,기타,Partial occupancy from contact history + domain structural predictor,No,No,No tactile skin,Not applicable,Not applicable,Not applicable,Not applicable,Not applicable,Yes; joint-torque-derived residual,UR10e joint currents/torques + momentum observer,Residual joint torques; reliable binary contact; CPF particle likelihood/contact force,Whole-arm contact detection/localization and map/replan update,"Yes; joint positions, velocities, torques/currents",Yes; collision/free sweeps and temporal torque window,Yes; executed edge/swept volume,Momentum observer + CPF + link MLP + CNN/diffusion occupancy predictor,Start/goal configurations; known robot geometry; probabilistic voxel occupancy,Obstacle/object pose and geometry; exact contact locality,Contact/free-space history; known robot geometry; learned structural prior; binary-contact fallback,Build/predict occupancy and remain robust to noisy locality,Not applicable,Not applicable,Not applicable,Not applicable,Not applicable,"Yes; noisy robot-surface CPF estimate, 73% within 4 cm",Known robot dynamics/surface/friction; point-contact model; static scene; reliable binary detection,"Multiple contact/force pairs, noise/model error; prediction/localization false positives","No tactile; history, kinematic constraints and learned occupancy add spatial context",Input/module ablation; Controlled comparison,CNN halves task time; CPF refinements +20 points; real CHS+CNN 2–3× faster,Tables I–II p.7; §V-B p.8,"Noisy ambiguous locality, domain prior, slow diffusion, reliable-binary/static assumptions (§II–V)",Text-conditioned occupancy priors with CLIP/FiLM (§VI p.8),batch_003/papers/2025-saleem-contact-driven-manipulating-blind.md
B073,The Power of the Senses: Generalizable Manipulation from Vision and Touch through Masked Multimodal Learning,Carmelo Sferrazza; Younggyo Seo; Hao Liu; Youngwoon Lee; Pieter Abbeel,2024,2024 IEEE/RSJ International Conference on Intelligent Robots and Systems (IROS),Relevant,High-resolution tactile force maps와 vision을 joint masked-autoencoder representation으로 결합하고 modality/representation/history ablation을 수행한다. Object pose vector 없이 visual/tactile pixels로 조작하는 구조와 tactile이 vision의 occlusion/generalization 부족을 보완하는 근거를 제공한다.,Peg insertion; door opening; in-hand cube rotation,Reinforcement Learning; Self-supervised Representation Learning,PPO + multimodal masked autoencoder (M3L),Robotiq 2F-85 / Franka / Shadow Hand in MuJoCo,"Task-dependent 3D position, delta EEF pose, or 20D hand action",Not stated,Yes; 64×64 RGB,기타,기타,Implicit in RGB/tactile latent; no numeric current pose,기타,Implicit visual/tactile representation; randomized shapes,No actor input; test mass/friction/damping varied,Yes,MuJoCo touch-grid simulated high-resolution tactile sensors,Spatial 3D force maps (2 shear + pressure),Early CNN; 4-frame channel stack; modality/position embeddings; masking and MAE,Shared ViT multimodal latent,Spatial pressure/shear pattern; temporal contact memory; cross-modal relation,No explicit contact force/location/object state; latent compression; no real sensor validation,No wrist F/T; simulated tactile force maps,MuJoCo touch-grid contacts,32×32×3 force maps; 4-frame latent,Policy observation and representation learning,Not stated in provided PDF observation description,Yes; 4 frames,Not stated,No explicit state estimator; implicit multimodal encoder,RGB scene/goal image,"Numeric current pose, shape/physical parameters, vision under occlusion",Tactile pressure/shear; vision; 4-frame history; learned cross-modal latent,"Local contact feedback, global scene context and transient-contact memory",No,No privileged state stated,Yes; simulator object/door task state,Yes; simulator success/failure state,Not stated,"Local force-map cells encode spatial contact, but no explicit contact estimator",Simulator touch-grid/real-force-map abstraction and contact coverage,Tactile sparse outside contact; latent not interpretable; simulation-only,Not F/T+tactile; touch complements vision with local pressure/shear under occlusion,Representation ablation; Sensor ablation; Controlled comparison,M3L improves generalization/sample efficiency; training-only touch benefits vision; 4-frame history beats 1 frame,Figs.5–7 pp.5–6,PPO complexity/exploration; always-on sparse tactile; paired-data scarcity; simulation only (§VII),"Other RL, tactile gating, mixed-scale pretraining and real transfer (§VII)",batch_003/papers/2024-sferrazza-m3l-vision-touch.md
B074,Proactive Action Visual Residual Reinforcement Learning for Contact-Rich Tasks Using a Torque-Controlled Robot,Yunlei Shi; Zhaopeng Chen; Hongxu Liu; Sebastian Riedel; Chunhui Gao; Qian Feng; Jun Deng; Jianwei Zhang,2021,2021 IEEE International Conference on Robotics and Automation (ICRA),Relevant,"Eye-in-hand vision과 joint-torque-derived 6D force/moment를 역할 분담해 RAM insertion을 수행하고, force를 ternary contact state로 축약한다. Vision/force/active probing ablation이 있어 reduced contact information을 pose tracking과 investigative action이 어떻게 보완하는지 직접 분석할 수 있다.",RAM insertion under target pose/contact uncertainty,Reinforcement Learning; Residual RL; Visual servoing,Tabular Q-learning + PBVS/P-controller + proactive probing,Franka Emika Panda with Intel RealSense D435i,Discrete Cartesian position residual + visual action; 25 N investigative force,Trajectory generator + 1000 Hz Cartesian impedance controller,Yes; eye-in-hand RGB-D PBVS,Tracking,Tracking,Relative current-to-target RGB-D feature registration/ICP,기타,Implicit teach/current image features; no CAD/mesh,No,No,No tactile sensor,Not applicable,Not applicable,Not applicable,Not applicable,Not applicable,Yes; joint-torque estimated wrench,Franka joint torque/proprioceptive controller,"Estimated Fx,Fy,Fz,Mx,My,Mz thresholded to -1/0/+1",Contact/stuck state for Q policy and proactive disambiguation,Yes; joint torque and EEF pose,No explicit history/recurrent state,Current action transition only; not observation feature,RGB-D ICP relative pose; thresholded wrench state,Target/current image features; goal pose error,Object physical parameters; precise contact state/locality under threshold ambiguity,Continuous visual pose tracking; estimated wrench sign; proactive force probe,"Global alignment, local contact recovery and active disambiguation",No,Not applicable,No simulator GT; visual/task outcome,No simulator GT; real success/failure/steps,No,"No; wrench threshold gives contact sign/state, not location",Known robot dynamics; contact wrench observable at joints; fixed thresholds; probe safe/effective,Noise/model error and low moment; ternary representation loses magnitude/locality,No tactile; vision supplies relative pose and proactive action supplies observability,Sensor/component ablation; Controlled comparison; Failure analysis,"Full 89.5% vs no vision 46%, no RL 56%, no probing 33%; moved motherboard full 100%",Tables I–II p.6; Fig.5 p.4,"Manual parameters, limited generalization, discrete actions/error and POMDP state (§VII/§III)","End-to-end, new parts/robots, continuous actions (§VII p.6)",batch_003/papers/2021-shi-proactive-visual-residual-rl.md
B075,Learning Non-Prehensile Manipulation With Force and Vision Feedback Using Optimization-Based Demonstrations,Yuki Shirai; Kei Ota; Devesh K. Jha; Diego Romeres,2026,"IEEE Robotics and Automation Letters 11(3), 2905–2912",Relevant,"Runtime current object GT 없이 wrist F/T, object segmentation, proprioception history로 object pose/size/mass/friction/contact state를 추정해 non-prehensile manipulation policy를 실행한다. Training privileged information, force/vision 역할, F/T-only 성립 가정과 sim-to-real 한계를 모두 직접 분석할 수 있다.",Planar non-prehensile pivoting and pushing,Reinforcement Learning; Optimization demonstrations; State Estimation,CITO-guided SAC + CNN/TCN privileged-information estimator,One/two 6-DoF MELFA robots with wrist 6-axis F/T and D435 camera,2D relative EEF position command,Operational Space Control in simulation; stiffness controller on hardware,Yes; FastSAM object segmentation,Tracking,Tracking,Training GT; deployment CNN/TCN estimate from segmentation + force/proprioception history,기타,Estimated object size from segmentation/history; no full mesh/category,Training GT and deployment estimates of mass and object/environment friction,No,No tactile sensor,Not applicable,Not applicable,Not applicable,Not applicable,Not applicable,Yes,Wrist 6-axis F/T sensors; policy uses planar 2D forces,2D force; binary contact; 5-step history; force direction in reward,"Runtime policy observation, privileged-state estimation, dynamics reward",Yes; EEF position/robot state,Yes; 5 steps (0.5 s),Action smoothness reward uses previous action; estimator input not stated as action,CNN segmentation encoder + TCN privileged-state estimator,Segmentation mask; estimated object pose/properties/contact bits; goal pose,"Deployment GT pose, size, mass/friction and extrinsic contacts",Segmentation + wrist-force/EEF history + supervised estimator,Reconstruct privileged state and run unchanged base policy,Yes in training; estimator at deployment,Yes in training,Yes; object pose/contact/reference force,Yes; object goal state and step limit,Not stated; domain randomization used,No F/T-only localization; multimodal estimator predicts predefined extrinsic contact bits,Rigid quasi-static SE(2); known/predefined surfaces; camera+EEF+force; high friction; training coverage,Force-only weak under size uncertainty; sliding/slip and sim-real mismatch,No tactile; vision segmentation adds object geometry/pose context to global force history,Controlled comparison; Failure analysis; Estimator evaluation,Dynamics demos learn faster; RL tolerates -5 mm mismatch; estimator enables 5/5 unseen-object hardware trials,"Figs.3–6,8 and Tables I–III pp.5–7","Rigid/quasi-static SE(2), long-horizon estimator error, high-friction/slip and sliding sim-real gap (§VI)",Slip-aware/faster estimation-control; 3D/deformable/longer-horizon extension (§VI),batch_003/papers/2026-shirai-non-prehensile-force-vision-demonstrations.md
B076,Sim-to-Real Model-Based and Model-Free Deep Reinforcement Learning for Tactile Pushing,Max Yang; Yijiong Lin; Alex Church; John Lloyd; Dandan Zhang; David A. W. Barton; Nathan F. Lepora,2023,"IEEE Robotics and Automation Letters, 8(9), 5480-5487",Relevant,"실행 중 외부 시각 없이 TacTip과 목표 정보만으로 미지 물체를 밀며, 원시 tactile image와 tactile-derived contact-surface pose를 직접 비교한다. current object center pose와 shape를 제공하지 않은 채 국소 접촉 자세와 목표 상대 관계로 폐루프 조작을 수행하므로, 축약 tactile 표현이 어떤 정보를 유지하고 무엇을 대신하는지에 직접 근거를 제공한다.",Goal-conditioned planar pushing of unknown objects,Reinforcement Learning; Model-based control,SAC; PETS probabilistic ensemble; CEM-MPC,Dobot MG400 with 331-pin TacTip,Δy and Δθ; fixed forward Δx=1 mm,Cartesian position control; receding-horizon MPC for model-based variant,No at execution; ArUco tracking for evaluation only,기타,기타,TacTip tactile image or PoseNet-derived local contact-surface pose; not object center pose,미제공,Not applicable,미제공; no mass/friction input,Yes,331-pin TacTip optical tactile sensor,Optical pin-motion tactile image; simulated depth rendering,Real-to-Sim pix2pix GAN or PoseNet CNN contact-pose estimation,"Translated tactile image; local contact-surface pose (x, y, angle)",Contact deformation pattern; or local contact location and surface orientation,"Pose representation removes detailed pin-level pattern; object center pose, full geometry and physical parameters unavailable",No,Not applicable,Not applicable,Not applicable,Yes,No,No,PoseNet tactile contact-pose estimator for pose variant,Goal-relative pusher/contact pose,Current object center pose; whole-object orientation; shape; physical parameters,Tactile contact pose/image; pusher pose; goal; online model-based replanning,Maintain and orient local contact while moving the contact point toward the goal,No,Not stated,Yes; simulator contact/goal pose,Yes during simulation; contact-goal distance,No,No,Not applicable,Not applicable,Not applicable,Representation ablation; Controlled comparison; Failure analysis,Tactile pose improves sample efficiency and unseen-contact robustness over image input; both are compared with model-based RL,"Table II, PDF p.5; Table III, PDF p.6; Fig. 7, PDF p.7",Fixed forward action limits nearby goal reachability and contact-surface exploration; autonomous no-vision resets unresolved,Remove action constraint; investigate real-world model-based learning and autonomous reset,batch_003/papers/2023-yang-tactile-pushing.md
B078,Sim2Real Manipulation on Unknown Objects with Tactile-based Reinforcement Learning,Entong Su; Chengzhe Jia; Yuzhe Qin; Wenxuan Zhou; Annabella Macaluso; Binghao Huang; Xiaolong Wang,2024,"2024 IEEE International Conference on Robotics and Automation (ICRA), 9234-9241",Relevant,"두 DIGIT의 RGB, difference, binary tactile representation을 같은 pivoting 정책에서 직접 비교하며, tactile 제거·object-angle oracle·point-cloud vision까지 통제 비교한다. 실행 actor는 current object pose를 받지 않고 tactile, joint proprioception, target angle로 동작하므로 reduced tactile이 어떤 정보를 남기며 object state 부족을 어떻게 보완하는지에 직접 답한다.",In-hand pivoting to a target relative angle,Reinforcement Learning; Sim-to-real,PPO,Robot arm with parallel gripper and two DIGIT sensors,EEF translation in x-z plane and rotation about y axis,Not stated,No for proposed actor; point cloud is a baseline only,미제공,미제공,No current object pose; target angle only,미제공,Implicit tactile pattern and diverse-object training,미제공; randomized in simulation but not actor input,Yes,Two DIGIT vision-based tactile sensors,Two RGB tactile images,"RGB; force-free image difference to grayscale; sensor-specific threshold to Binary; flip, scaling and optional augmentation","Two 64x64 RGB, Diff or Binary tactile images encoded by shared CNN","Binary retains contact presence, location and spatial pattern",Binary removes color and continuous deformation/intensity; threshold may miss weak contact,No,Not applicable,Not applicable,Not applicable,Yes,No,No,No in proposed method; angle estimators are baselines,Target relative angle,"Current object position, orientation, geometry and physical parameters",Binary/Diff/RGB tactile pattern; joint proprioception; target angle; diverse-object prior,End-to-end contact-state feedback without explicit pose estimation,No,No; same feature as actor,"Yes; simulator contact, object position and angle",Not stated,No,No,Not applicable,Not applicable,Not applicable,Sensor ablation; Representation ablation; Controlled comparison; Failure analysis,Binary tactile outperforms RGB/Diff and no-tactile baselines in real pivoting; multi-category training improves generalization,"Table I, PDF p.5; Table II, PDF p.5; Sec. V-B-C, PDF p.6",Threshold can discard contact; unstable grip and unusual/incomplete contacts cause failures,Further integrate tactile feedback to refine manipulation strategy,batch_003/papers/2024-su-sim2real-unknown-objects-tactile-rl.md
B079,Going In Blind: Object Motion Classification using Distributed Tactile Sensing for Safe Reaching in Clutter,Rachel Thomasson; Etienne Roberge; Mark R. Cutkosky; Jean-Philippe Roberge,2022,"2022 IEEE/RSJ International Conference on Intelligent Robots and Systems (IROS), 1440-1446",Partially Relevant,"완전한 reactive manipulation policy를 구현하지는 않지만, object identity·pose·mobility를 모르는 clutter reaching에서 distributed tactile history로 immovable/sliding/tipping 접촉을 구분한다. wrist F/T는 분류 입력이 아니라 과부하 정지에만 쓰여 tactile의 spatial-temporal 정보와 global force safety의 실제 역할 분리를 보여준다.",Incidental-contact object-motion classification for safe reaching in clutter,Rule-based perception; Tactile state estimation,Thresholded tactile cues with RANSAC and piecewise linear fitting,UR16e with Allegro Hand and distributed capacitive skin,Predefined planar Cartesian reaching trajectory; no reactive policy implemented,Cartesian motion with 30 N wrist-force safety stop,No,미제공,미제공,Not applicable; local tactile contact patch only,미제공,"Class-level assumptions only: convex, rigid, stable support",미제공; mobility inferred from tactile cues,Yes,Distributed fringe-field mutual-capacitance skin on Allegro Hand,10 Hz taxel capacitance/pressure signal; 4 taxels per cm2 on tested back-of-hand patch,Normalization; bicubic interpolation; threshold; moments; convex hull; RANSAC; piecewise linear fit,"Contact center, area, intensity and temporal/motion-relative slopes and means","Contact locality, patch size, pressure-related intensity, patch motion and temporal trend",Raw fine taxel pattern after aggregation; shear unavailable; no exact object pose/trajectory,Yes,Integrated UR16e wrist F/T sensor,Normal force threshold at 30 N,Safety stop only; not object-motion classification,Yes,Yes,"Yes; commanded motion progression, not a policy vector",Discrete immovable/sliding/tipping classifier,Robot tangential and normal motion progression,"Object identity, current pose, geometry parameters and mobility",Distributed tactile spatial-temporal cues; robot motion; wrist overload threshold,Classify contact-induced object motion and stop excessive force,Not applicable,Not applicable,Not applicable,Not applicable,Not applicable,No,Calibrated normal force and sensor-frame alignment; exact source model not discussed,Net force alone does not determine whether contact slides or tips; classification excludes F/T,Tactile adds local contact-patch position and motion; wrist F/T provides only global overload stop,Controlled comparison; Failure analysis,Tactile cues classify three motion categories at 98% on prototypes and 92% on diverse objects; assumption failures documented,"Fig. 9, PDF p.6; Sec. IV-C, PDF p.6","Quasi-static convex-rigid assumptions; sensor-orthogonal tip, deformation and concavity cause failures; reactive controller absent",Full-hand deployment; reactive trajectory modification; probing and shear-enhanced trajectory estimation,batch_003/papers/2022-thomasson-going-in-blind.md
B080,Multi-Fingered Dragging of Unknown Objects and Orientations Using Distributed Tactile Information Through Vision-Transformer and LSTM,T. Ueno; S. Funabashi; H. Ito; A. Schmitz; S. Kulkarni; T. Ogata; S. Sugano,2024,"2024 IEEE/RSJ International Conference on Intelligent Robots and Systems (IROS), 7445-7452",Relevant,"current object pose·property label을 입력하지 않고 distributed 3-axis tactile, joint state, LSTM history로 unknown object의 orientation과 softness에 맞춰 dragging/grasping한다. ViT-only, LSTM-only, open-loop 비교가 있어 spatial tactile와 temporal memory가 누락된 object information을 보완하는 효과를 직접 평가한다.","Multi-fingered dragging, reorientation and grasping of unknown objects",Imitation Learning; Deep predictive learning,Vision Transformer + LSTM with one-step predictive MSE,Allegro Hand with 19 XELA uSkin patches,16 leader target joint angles,Joint-position PID,No at execution; human visual feedback during demonstration collection only,미제공,미제공,Implicit tactile-history latent only; no explicit pose,미제공,Implicit training prior and distributed tactile pattern,미제공; softness/friction inferred implicitly,Yes,19 distributed XELA uSkin 3-axis tactile patches,912 channels = 19 patches x 16 taxels x 3 axes at 20 Hz,4x4x3 patch crop; per-channel normalization to 0.1-0.9; patch-specific embedding,19 tactile tokens -> 20D ViT CLS feature -> 500D LSTM hidden state,"Spatial finger/contact pattern, 3-axis local loads, temporal contact progression and implicit orientation/softness",Raw 912D detail compressed to CLS; explicit pose/shape/property unavailable; one broken patch omitted,No,Not applicable,Not applicable,Not applicable,Yes,Yes,No explicit vector,Implicit LSTM latent; no explicit object-state estimator,Previous predicted tactile/joint mixed with current sensing,"Current object position, orientation, shape and softness label",Distributed tactile; joint angles; recurrent history,Infer initial contact/orientation/property and retain it across long manipulation,Not applicable,Not applicable,Not applicable,Not applicable,Not applicable,No,Not applicable,Not applicable,Not applicable,Representation ablation; Controlled comparison; Feature analysis,"ViT-LSTM strongly outperforms ViT-only, LSTM-only and open-loop execution","Tables II-IV, PDF p.7; Figs. 5-7, PDF pp.6-7",Restricted initial position range; hand kinematics cannot cover wide lateral offsets; broken tactile patch,Broaden initial pose range; haptic demonstration feedback; integrate vision/audio with touch,batch_003/papers/2024-ueno-multifingered-dragging.md
B081,Learning Robotic Manipulation Skills Using an Adaptive Force-Impedance Action Space,Maximilian Ulmer; Elie Aljalbout; Sascha Schwarz; Sami Haddadin,2021,arXiv preprint,Relevant,tactile은 쓰지 않지만 estimated external wrench를 high-rate adaptive force/impedance controller와 저주파 policy observation으로 분리해 사용하는 contact-rich manipulation 연구다. Wrench가 contact locality 대신 force regulation·stability·safety를 담당하는 실제 구조와 그 한계를 분석하는 데 직접 관련된다.,"Contact-rich wiping; simulated door opening, lifting and wiping",Reinforcement Learning; Adaptive force-impedance control,Soft Actor-Critic high level; AFORCE adaptive controller,Real torque-controlled manipulator not named; simulated robosuite robot,Desired Cartesian pose; optional desired wrench,Cartesian Adaptive Force-Impedance Control at 500 Hz-1 kHz,Yes for real wipe-goal centroid; vision-based RL not evaluated,미명시,미명시,"Simulation RL observation not fully specified; real goal centroid is vision, not current object pose",미명시,Not stated,미제공; handled by online adaptation,No,Not applicable,Not applicable,Not applicable,Not applicable,Not applicable,Not applicable,Yes,Estimated external wrench; physical source not stated,Recent 6D wrench history for high level; high-rate instantaneous wrench for controller; desired wrench,Force regulation; impedance adaptation; contact stability; energy and safety penalty,Yes,Yes; recent wrench,No,"External wrench estimator, method not stated",EEF pose/velocity; visual wipe-spot centroid,Contact location/configuration and environment physical parameters; exact sim object observation not stated,Estimated wrench; proprioceptive tracking error; visual goal,Adapt stiffness/force and execute task without explicit contact locality,Not stated,Not stated,Yes; simulator task/contact states,Not stated,No,No,Known robot dynamics/Jacobian; reliable high-rate wrench estimate; defined desired wrench/profile,Contact locality and multi-contact decomposition are not addressed; net wrench is used only for regulation,Not applicable,Controlled comparison; Failure analysis,"AFORCE improves energy, sample efficiency and contact stability against fixed/variable impedance and force baselines","Fig. 2, PDF p.4; Fig. 3 and Table I, PDF pp.5-6",Manual adaptation-parameter tuning; purely reactive adaptation; residual safety penalties,Jointly learn adaptive parameters and high-level policy; proactive intervention; vision-based RL,batch_003/papers/2021-ulmer-adaptive-force-impedance.md
B083,Reinforcement Learning with Parameterized Manipulation Primitives for Robotic Assembly,Nghia Vuong; Quang-Cuong Pham,2023,arXiv preprint,Relevant,"peg-hole relative pose와 6-axis F/T를 관측하거나 action feasibility/primitive termination에 사용해 contact-rich insertion을 수행한다. 특히 저자 스스로 force를 접촉 상태 분리에는 쓰지만 policy는 주로 kinematics에 의존하여 sim-to-real 실패가 생긴다고 분석하고 tactile 통합을 future work로 제시하므로, F/T가 제공하는 범위와 부족한 local contact state를 직접 보여준다.",High-precision peg-in-hole assembly,Reinforcement Learning; Hybrid motion-force control,PPO with parameterized discrete-continuous manipulation primitives,Franka Emika Panda with ATI Gamma IP60 flange F/T sensor,Manipulation primitive identity plus continuous parameters,Operational-space inverse-dynamics position control plus feedforward force control at 1000 Hz,"Initial hole pose estimate assumed; visual servoing is an example, no continuous vision stated",Tracking,Tracking,Initial estimated hole task frame plus robot kinematics; relative peg-hole pose,Initial,"Known peg/hole profile, insertion axis and task geometry",Task clearance/material known for setup but not separate actor inputs,No,Not applicable,Not applicable,Not applicable,Not applicable,Not applicable,Not applicable,Yes,ATI Gamma IP60 6-axis F/T on robot flange,6D external wrench; direction projections; thresholds; desired force/torque,Contact detection; action-family gating; primitive termination; overload protection; insertion force control,Yes,No,No,"External initial hole-pose estimator, implementation not stated",Peg pose relative to estimated hole/task frame,Exact contact location/configuration and robust contact-state semantics,"Relative pose, known geometry, primitive constraints, F/T thresholds",Use global contact wrench to trigger/control primitives while kinematics guides search,No; noisy estimated task frame,Not stated,No; reward uses noisy estimated hole frame,No; F/T/kinematic thresholds available at execution,No,No,Rigid grasp; known insertion axis/geometry; initial pose <1 mm/<1 degree error; zero free-space wrench; calibrated flange transform,Global wrench separates contact/free space but does not resolve contact state/locality; contact-model sim-real gap remains,Tactile is not used; authors propose it as future information for richer contact state,Controlled comparison; Failure analysis,Hybrid primitives beat discrete/continuous baselines; real failures expose kinematics/global-wrench limitations,"Figs. 4-6, PDF pp.6-7; Sec. V-C, PDF p.7",Restricted primitive motion; pose-centric policy and contact-model sim-real gap; low-level law limits performance,"Add free-motion primitive, direct force observation, tactile information and robust low-level controllers",batch_003/papers/2023-vuong-parameterized-primitives-assembly.md
B085,Contact SLAM: An Active Tactile Exploration Policy Based on Physical Reasoning Utilized in Robotic Fine Blind Manipulation Tasks,Gaozhao Wang; Xing Liu; Zhenduo Ye; Zhengxiong Liu; Panfeng Huang,2026,arXiv preprint,Relevant,"continuous vision 없이 두 Tac3D의 distributed force·resultant force/torque·marker displacement와 known geometry를 결합해 grasped object와 environment의 relative pose/contact region을 추정하고 assembly/pushing한다. Net wrench가 가능한 범위를 정확한 geometry, quasi-static/single-rigid-grasp constraints, particle filtering이 어떻게 보완하는지 명시해 두 핵심 Review 질문에 직접 답한다.",Blind socket assembly and obstacle-aware block pushing,State Estimation + Controller; Active tactile exploration; Model-based planning,Factor-graph MAP; particle filtering; entropy/distance-variance planning; A*,Robot gripper with two Tac3D fingertip sensors,Discrete Cartesian exploration direction until tactile event; final A* trajectory,Not stated,No at execution,Tracking,Tracking,Robot FK plus Tac3D marker displacement and contact-constrained factor graph/particle filter,Initial,Exact known polygon contours and dimensions,Quasi-static/rigid/static assumptions; exact mass/friction not stated,Yes,Two Tac3D distributed 3D-force tactile sensors,3D force distribution; resultant 3D force/torque; marker-point displacement,Left/right force transform and differencing; SVD marker registration; contact-change detection,Relative rigid transform; resultant wrench/direction; contact event; factor-graph and particle likelihood,"Local deformation/relative displacement, spatial force distribution, global load direction and contact event history",Exact external contact patch/configuration not observed; reduced to candidate contact regions,Yes,Resultant force/torque derived from two fingertip Tac3D sensors; not wrist F/T,"Fx,Fy,Fz, torques, direction, thresholds and history",Contact detection/direction; contact-pair selection; localization; particle update; alignment and termination,Yes,Yes,Yes,Factor-graph MAP plus particle filter,Known contours; target region; gripper pose; traveled distance,Initial exact scene/obstacle pose and exact external contact configuration,Exact geometry; tactile marker transform; force direction; active exploration history,Resolve global-wrench/contact ambiguity and localize relative contact regions,Not applicable,Not applicable,Not applicable,Not applicable,Not applicable,"Yes, only candidate relative contact region with geometry and active exploration",Quasi-static contact; no object autonomous motion; rigid grasp/no translation; exact geometry; known transforms; opposing normals,Exact contact configuration not recovered; similar regions create multi-modal/non-convergent posterior,Marker displacement and distributed tactile force add grasped-object relative transform/spatial evidence beyond net resultant wrench,Controlled comparison; Algorithm ablation; Failure analysis,Active Contact SLAM reaches 80-84% socket success vs 10% spiral search; exploration improvements prevent localization failures,"Table I, PDF p.6; Figs. 5-6, PDF p.7; Figs. 8-9, PDF pp.8-9",Requires exact geometry and quasi-static constraints; similar regions may not converge; no dynamic constraints,Extend Contact SLAM to dynamic constraints in fine manipulation,batch_003/papers/2026-wang-contact-slam.md
B086,MAT: Multi-Fingered Adaptive Tactile Grasping via Deep Reinforcement Learning,Bohan Wu; Iretiayo Akinola; Jacob Varley; Peter K. Allen,2019,Conference on Robot Learning (CoRL 2019),Relevant,"초기 vision grasp 이후 실행 vision 없이 binary tactile, tactile-cell 위치, finger proprioception과 20-step history로 grasp를 수정한다. Binary 변환이 연속 force magnitude를 제거한 뒤 어떤 spatial/temporal 정보를 남기며 current object pose 부재를 어떻게 보완하는지, 그리고 simulator reward·termination과 runtime observation을 어떻게 분리하는지 직접 분석할 수 있다.","Vision-initialized, tactile closed-loop multi-finger grasp adaptation and lift",Reinforcement Learning; Hybrid learned and rule-based control,SoftPPO,Staubli TX60 arm; Barrett BH-282 hand with 96 tactile cells,Finger-wise binary close; reopen/regrasp; wrist roll; rule-based XY translation; lift,Finger joint position commands and Cartesian wrist repositioning; exact gains Not stated,Initial grasp pose only; no vision during tactile policy execution,Initial,Initial,External vision initial grasp; no runtime current-pose tracking,미제공,No mesh/CAD/dimension/category in policy,미제공; randomized in simulation but not actor input,Yes,96 capacitive cells on Barrett fingers and palm,"Per-cell scalar force-like reading at about 246 Hz, range 0–20",50-sample running mean; threshold 0.8; forward kinematics; 20-step histories and differences,20×96 binary contact; cell Cartesian positions; temporal differences,Contact presence; local cell pattern/location; temporal persistence/change,Continuous force magnitude; shear; local deformation/pressure distribution; exact object pose,No,Not applicable; local capacitive tactile only,Not applicable; tactile scalar is thresholded to binary,Not applicable; no wrist/global wrench,Yes; 8 finger joint angles and differences,"Yes; 20-step tactile, cell-position, and joint histories",No / Not stated,No explicit object-state estimator,Active tactile-cell Cartesian positions in end-effector frame,Current object pose; shape; physical parameters; tactile force magnitude,Binary tactile locality; tactile-cell positions; finger proprioception; 20-step history; initial visual grasp,"Detect contact distribution/change and choose close, regrasp, or lift without current pose tracking",No,No privileged critic stated,Yes; simulator pickup/lift success,Yes; lift outcome/action horizon,Yes; closing-magnitude curriculum and randomized grasp conditions,No F/T; tactile cell identity/kinematics provides local contact location,Known hand kinematics/sensor placement; calibrated threshold; coarse initial grasp,Sparse binary touch does not uniquely determine object pose; force magnitude removed,Not applicable; F/T is not used,Controlled comparison; Action/component ablation; No magnitude-vs-binary evidence,"MAT improves simulated/real robustness; component ablations support regrasp actions, but no continuous-vs-binary tactile ablation","Tables 1–4, PDF pp.7–8,12–14",Sparse tactile gives limited pose; roll-only safety restriction; binary magnitude loss; small real sample (§Appendix A/C),Extend to dexterous tactile object manipulation (§V p.8),batch_003/papers/2019-wu-mat-adaptive-tactile-grasping.md
B087,ViTacGen: Robotic Pushing With Vision-to-Touch Generation,Zhiyuan Wu; Yijiong Lin; Yongqiang Zhao; Xuyang Zhang; Zhuo Chen; Nathan F. Lepora; Shan Luo,2025,"IEEE Robotics and Automation Letters, Vol. 10, No. 11",Relevant,"실제 tactile sensor 없이 RGB sequence에서 contact-depth representation을 생성해 pushing policy에 넣고 visual-only, tactile-only, visual+tactile 조건을 비교한다. 생성 tactile이 contact geometry를 보완하지만 local force와 fine geometry를 포함하지 않는다고 저자가 명시하여, tactile representation의 retained/removed information과 modality evidence를 직접 제공한다.",Goal-conditioned planar robotic pushing along desired trajectories,Reinforcement Learning; Vision-to-touch generation; Sim-to-real,SAC control; supervised ViTac-Gen; MoCo feature alignment,UR5e with RealSense D435,Continuous pushing action; exact components Not stated,Not stated; simulation control at 500 Hz,Yes; current/recent RGB and physical deployment sensor,기타,기타,Implicit in RGB; no numeric current-pose observation; simulator GT for reward/success,기타,Implicit RGB and generated contact-depth geometry; no explicit mesh/CAD,미제공; randomized during simulation training,Yes (generated representation; no physical tactile at deployment),Tactile Gym 2 virtual optical tactile for training labels,Simulated optical contact-depth image from reference minus penetration depth,3-frame RGB encoder-decoder prediction; frozen generator; tactile feature encoder,Generated 2-D contact-depth image and latent feature,High-level contact geometry; penetration/contact pattern,Local force distribution; shear; physical properties; fine surface geometry; measured force,No,Not applicable,Not applicable,Not applicable,Yes; TCP coordinates,Yes; 3-frame RGB sequence for tactile generation,Not stated,"ViTac-Gen estimates tactile contact depth from vision, not object pose",Goal point/trajectory; visual feature,Numeric current object pose; explicit shape/physical parameters; real tactile force,RGB sequence; generated contact-depth; TCP coordinates; goal,Infer contact geometry and guide pushing without a real tactile sensor,No,Not stated,Yes; simulator object-center and TCP distances,Yes; object-center goal threshold,Yes; paired simulator tactile data/expert rollout/domain randomization,No F/T used,Not applicable; generated tactile assumes learned visual-to-contact mapping,Not applicable; generated tactile lacks force/shear/fine geometry,Not an F/T+tactile system; generated contact depth adds contact geometry to vision,Sensor combination ablation; Controlled comparison; Representation ablation,Visual+tactile outperforms single modalities; real visual-only deployment benefits from generated tactile; fusion/alignment ablations support design,"Tables II–VI, PDF pp.6–7","Generated contact depth lacks detailed physics, local force, shear, and fine geometry (§V p.8)",Predict physical properties and shear forces from visual motion (§V p.8),batch_003/papers/2025-wu-vitacgen-vision-to-touch-pushing.md
B088,Robotized Unplugging of a Cylindrical Peg Press-Fitted into a Cylindrical Hole,Shuihao Xu; Duc Truong Pham; Shizhong Su,2024,Royal Society Open Science 11: 230872,Partially Relevant,"Manipulation policy나 contact-localization 연구는 아니지만, wrist 6-axis F/T로 press-fit disassembly의 axial force와 torque를 측정하고 direct pull과 twist-pull을 비교한다. F/T가 global load를 정량화할 수 있으나 contact locality를 추정하지 않으며, 해석이 known cylindrical geometry·material·friction·quasi-static model에 의존하는 사례로 본 Review의 F/T-only 성립 조건에 제한적 근거를 제공한다.",Robotized removal of a cylindrical press-fit peg by direct pull or twist-and-pull,Model-based mechanics; Finite-element analysis; Predefined robot control,Elastic contact theory; Abaqus static analysis; fixed trajectories,Techman TM14; Robotiq 2F-85; ATI Axia80-M20 wrist F/T,Axial pull; simultaneous axial pull and z-axis rotation,Programmed Cartesian motion; exact servo law Not stated,Yes; initial peg localization/alignment only,Initial,Initial,Machine vision initial localization and axial alignment; no runtime tracking,Initial,Known cylindrical peg/hole dimensions and interference fit,Known/assumed EVA/steel elastic properties and friction coefficients,No,No,Not applicable,Not applicable,Not applicable,Not applicable,Not applicable,Yes,ATI Axia80-M20 wrist 6-axis F/T sensor,"6-axis wrench recorded; analysis emphasizes axial force Fz and axial torque Tz, peaks/curves",Measure global disassembly load; compare strategies; validate mechanics model,Robot pose/trajectory known; detailed joint state observation Not stated,Recorded force/torque time curves for analysis; no policy history,No policy; programmed trajectory,No,"Known geometry, material, friction, interference and commanded velocities",Runtime current pose; local/distributed contact state; contact location,Initial vision alignment; known cylindrical geometry/material/friction; fixed trajectory; wrist load curve,Constrain mechanics and quantify axial friction without local contact sensing,Not applicable,Not applicable,Not applicable,Not applicable,Not applicable,No; only global load measurement,Single concentric cylindrical press-fit; known geometry/interference/material/friction; quasi-static alignment,No locality/multi-contact analysis; small torque noisy and affected by wear/alignment/trajectory error,No tactile sensor or F/T+tactile comparison,Controlled comparison; Failure analysis; Theory–simulation–experiment comparison,Twist-pulling reduces measured axial force by about 32.5% and succeeds in one high-interference case where direct pulling fails,"Tables 3–5 and Figs.6–8, PDF pp.9–12","Linear elastic simplification, material wear, small torque fluctuation, geometry/sample scope (§3.3/§4)","Elastic-plastic/wear models, other materials/geometries and multi-cylinder cases (§4 p.13)",batch_003/papers/2024-xu-robotized-unplugging-press-fit.md
B089,Reactive Diffusion Policy: Slow-Fast Visual-Tactile Policy Learning for Contact-Rich Manipulation,Han Xue; Jieji Ren; Wendi Chen; Gu Zhang; Yuan Fang; Guoying Gu; Huazhe Xu; Cewu Lu,2025,arXiv preprint,Relevant,"Optical tactile PCA feature와 joint-torque-derived 6-D TCP wrench를 동일 slow-fast imitation framework의 대체 sensory variants로 비교하며, vision-only/open-loop baselines와 contact perturbation 실험을 제공한다. Tactile이 spatial deformation modes를 남기는 방식, estimated wrench가 global force/torque를 제공하는 방식, high-frequency feedback의 역할과 evidence를 직접 비교할 수 있다.",Peeling; curved-surface wiping; bimanual paper-cup lifting under perturbations,Imitation Learning; Slow-fast diffusion policy; Multimodal teleoperation,Reactive Diffusion Policy: latent diffusion slow policy + GRU asymmetric-tokenizer fast policy,One or two Flexiv Rizon 4 arms; Flexiv Grav grippers,Relative/absolute end-effector trajectory action chunks with high-frequency corrective actions,Interpolated TCP commands sent via Flexiv RDK at >500 Hz,Yes; wrist RGB and optional external RGB,기타,기타,Implicit in RGB/contact signal; no numeric current object pose,기타,Implicit visual/tactile appearance; no explicit geometry input,미제공,Yes in tactile variants,GelSight Mini and improved MCTac optical tactile sensors,Optical images and 2-D marker deformation fields,Marker tracking/optical flow relative to reference; PCA trained on random interactions; 24 FPS,15-D PCA embedding of marker deformation field,Normal/tangential deformation; torsional mode; rapid contact change,Raw pixels/texture; full marker spatial detail; explicit contact pose/location; global object state,Yes in force variants,Flexiv Rizon built-in joint torque sensors; Flexiv RDK estimated TCP wrench,6-D force+torque concatenated observation; 120 Hz downsampled to 24 FPS,High-frequency policy observation; contact/load regulation and recovery,Yes; relative or absolute robot/TCP state,Yes; observation horizon 2 and GRU autoregressive hidden state,Yes; current latent action chunk/previous fast trajectory context,No explicit object estimator; joint-torque-based wrench estimator in RDK,RGB; action chunk; sensor history,Numeric current pose/shape/physical properties; contact locality for wrench variant,Vision; proprioception; high-frequency tactile deformation or 6-D wrench; recurrent state,"Maintain contact, regulate load, and react within slow open-loop chunks",Not applicable; imitation policy runtime inputs only,Not applicable,Not applicable,Not applicable,Not applicable; demonstrations collected in real world,No; global estimated TCP wrench only,Accurate-enough robot dynamics/TCP transform; synchronized high-rate data; demonstrated contact regimes,Estimated wrench is noisy; no contact patch/locality or multi-contact separation,No simultaneous fusion ablation; tactile preserves local deformation modes while wrench gives low-dimensional global load in separate variants,Sensor/input ablation; Controlled comparison; Failure analysis; User study,RDP sensor variants outperform open-loop DP; force variant best; normal-only and tokenizer ablations substantially reduce peeling score,"Tables II–VI, PDF pp.9–11,17–18","Teleoperation latency/intuitiveness, two-finger scope, no high-rate vision, single-task policy (§VI p.14)","Lower latency, dexterous hands, high-rate visual fast policy, VLA integration (§VI p.14)",batch_003/papers/2025-xue-reactive-diffusion-policy.md
B090,Disambiguate Gripper State in Grasp-Based Tasks: Pseudo-Tactile as Feedback Enables Pure Simulation Learning,Yifei Yang; Lu Chen; Zherui Song; Yenan Chen; Wentao Sun; Zhongxiang Zhou; Rong Xiong; Yue Wang,2025,2025 IEEE/RSJ International Conference on Intelligent Robots and Systems (IROS),Relevant,"Force-controlled gripper의 equilibrium joint angle을 pseudo-tactile로 사용하여 ambiguous closed command를 reliable binary grasp-state feedback으로 바꾸고, 이 축약 정보가 vision-only policy의 부족분을 어떻게 보완하는지 직접 실험한다. Privileged object pose 기반 simulation expert와 runtime RGB/binary state를 분리하며 pseudo-tactile ablation을 제공한다.",Pick-and-lift; drawer opening; oven opening with forced premature-gripper disturbances,Imitation Learning; Hybrid policy and rule-based tactile/compliance control; Sim-to-real,Diffusion Policy with DDIM; privileged state-based expert data generation,UR5; Robotiq 2F-85; RealSense D435i,End-effector 6-DoF pose and binary gripper command,Pseudo-tactile rule-based gripper controller; Cartesian admittance controller for articulated tasks,Yes; third-person RGB continuously,기타,기타,Implicit RGB at runtime; GT simulator pose only for expert demonstration generation/completion,기타,Implicit RGB/simulation assets; no explicit runtime geometry vector,미제공,Yes (pseudo-tactile),Force-controlled Robotiq gripper joint angle; no added tactile hardware,Continuous gripper joint angle at force equilibrium,Manual rule detects maximum-angle empty close and overrides close with reopen,Corrected binary gripper state supplied to policy,Successful grasp/contact containment presence,Continuous angle; force magnitude/direction; contact location/patch; shear; object pose,Yes only in low-level admittance; source Not stated,"External force/torque for admittance, sensor/source Not stated; pseudo-tactile itself is gripper joint angle",External wrench in admittance equation; exact components/frame/filtering Not stated,Compliant pose correction under articulated-object kinematic mismatch,Yes; EEF 6-DoF pose; gripper joint angle only in low-level controller,Not stated,Not stated,No explicit object estimator; binary pseudo-tactile grasp-state correction,RGB; binary gripper state,Numeric current object pose; reliable grasp success from vision/command; contact force/location,RGB; EEF pose; equilibrium joint angle transformed to binary grasp state; admittance wrench,Disambiguate empty-close from grasp-close and absorb trajectory mismatch,No,Not applicable,Not applicable,Yes for expert rollout/data filtering using object pose or joint angles,Yes; privileged object pose expert and simulator randomization/data generation,No,Force-controlled gripper; separable equilibrium angles; manual rule/threshold; calibrated wrench for admittance,Binary grasp presence only; external-wrench source/locality not analyzed,Pseudo-tactile identifies grasp success; admittance wrench handles compliance at a separate low-level controller,Sensor/controller ablation; Architecture ablation; Controlled comparison; Failure analysis,Pseudo-tactile increases oven success 30→80% and resilience 30→100%; data/architecture scaling without feedback does not resolve ambiguity,"Tables I–IV, PDF pp.6–8",No dedicated section; depends on force-controlled gripper/equilibrium rule and retains only binary grasp presence,Not stated in §VI conclusion,batch_003/papers/2025-yang-pseudo-tactile-gripper-state.md
B092,Rotating without Seeing: Towards In-hand Dexterity through Touch,Zhao-Heng Yin; Binghao Huang; Yuzhe Qin; Qifeng Chen; Xiaolong Wang,2023,arXiv preprint,Relevant,"Vision 없이 16개 FSR를 binary contact로 축약하고 proprioception, previous target, 4-frame history와 결합해 in-hand rotation을 수행한다. Binary/continuous/no-sensor, palm/fingertip sensor ablation과 asymmetric critic/object-GT reward 구조를 모두 제공하여 축약 tactile 보완과 training privileged information을 직접 비교할 수 있다.",Vision-free in-hand object rotation about commanded x/y/z axes,Reinforcement Learning; Sim-to-real dexterous manipulation,PPO with asymmetric actor/value observations,XArm with 16-DoF Allegro hand and 16 FSR sensors,16-D relative joint-position target increment,EMA-smoothed joint targets; PD at 10 Hz,No at runtime,미제공,미제공,Actor none; simulator GT only for critic/reward/termination,미제공,No actor geometry; diverse training objects and tactile sequence only,Actor No; simulator randomized and critic privileged,Yes,"16 Force-Sensing Resistors on palm, finger links, and fingertips",Continuous nonlinear/noisy analog FSR voltages; simulated net force norm per sensor link,Per-sensor threshold; simulation threshold 0.01 N; current+3-state stacking,16-D binary contact vector over 4 frames,Contact presence; sensor-region locality/pattern; approximate object position/critical contact; short history,Force magnitude/direction; shear; exact contact point/normal; pressure distribution; explicit pose/shape,No wrist/global F/T; local tactile force only before binarization,FSR local sensors; continuous simulator contact force for critic only,Actor binary contact; critic privileged per-link continuous contact forces,Actor contact observation; critic training aid,Yes; 16 joint positions and previous joint target,Yes; current plus 3 historical states,Yes; previous joint-position target,No explicit object estimator; separate tactile-shape probe only for analysis,Desired rotation axis goal,Current pose; shape; physical parameters; continuous contact force,Binary tactile layout; joint state; previous target; 4-frame history; goal axis,Infer approximate in-hand position/contact transitions and sustain rotation,No,"Yes; contact forces, object GT pose, physical parameters",Yes; object rotation/velocity/fall/distance and controller state,Yes; object deviation/fall and horizon,Yes; object/physics/controller/noise domain randomization,No F/T; tactile sensor placement supplies coarse regional locality,Threshold calibration; known sensor layout; contacts occur on covered hand regions,Binary force magnitude/direction unavailable; sparse side-link coverage causes missed critical contacts,Not applicable; no global F/T used,Sensor ablation; Representation ablation; Shape probe; Failure analysis,Binary full-hand touch outperforms no/disabled/continuous sensing; both palm and fingertip sensors matter; touch halves shape-probe MSE,"Tables I–V and Figs.6–9, PDF pp.6–10",Sparse side-link coverage; continuous-signal sim–real gap; binary magnitude loss (§III-A/§V-E/I),Denser arrays and more diverse tasks (§VI p.10),batch_003/papers/2023-yin-rotating-without-seeing-touch-dexterity.md
B093,SAVR: Scooping Adaptation for Variable Food Properties via Reinforcement Learning,J-Anne Yow; Wei Tech Ang,2025,2025 IEEE/RSJ International Conference on Intelligent Robots and Systems (IROS),Relevant,"Wrist 6-axis F/T history와 segmented spoon/food image를 함께 사용해 current food properties를 직접 제공하지 않고 scooping trajectory를 조절하며 sensor-modality ablation을 제공한다. F/T가 interaction dynamics를, vision mask가 spoon/food spatial cue를 담당하는 실제 역할과 privileged simulator reward/data randomization을 구분할 수 있어 본 Review 질문에 직접 관련된다.",Goal-conditioned food scooping to a target portion across variable food properties,Reinforcement Learning; DMP residual/adaptation; Sim-to-real,PPO modifying the DMP force term,UFactory xArm-6; spoon; M3712B 6-axis F/T; RealSense D435i,"Scalar z-direction corrective force term Cf in [-1,1]",DMP and position controller at 100 Hz; PPO at 20 Hz,Yes; RGB-D initial center and tracked segmented masks,Initial,미명시,GroundingDINO + depth initial bowl/food center for DMP y0; no continuous numeric pose,기타,Tracked spoon/food segmentation masks; no full geometry,미제공; randomized in simulation and inferred through interaction,No,No,Not applicable,Not applicable,Not applicable,Not applicable,Not applicable,Yes,Sunrise Instruments M3712B spoon-mounted/wrist 6-axis F/T,5-step history of 6-D wrench; axes/frame/filtering Not stated,Policy observation; infer interaction/food properties; adapt DMP z-force,Yes; five EEF pose histories,Yes; k=5 EEF and F/T,Not stated,GroundingDINO/depth initial center; SAM2 mask tracking; no explicit physical-property estimator,Segmented 3×200×200 spoon/food image; target amount; final actual amount; DMP step,Current numeric pose/orientation; explicit food physical properties; local/distributed contact,Initial RGB-D center; tracked masks; 5-step F/T and EEF history; DMP prior,Align motion and adapt vertical scoop path from interaction and visual area cues,No,Not stated,Yes; simulator actual scooped amount,No; fixed 20-step DMP horizon,Yes; simulator pose/volume/particle/target randomization,No; global spoon/wrist wrench only,Calibrated tool transform; known DMP phase/start; synchronized histories; structured scooping motion,No locality/multi-contact recovery; sensor/perception error can affect real performance,No tactile; segmented vision adds spoon/food spatial-area cues to global force history,Sensor combination ablation; Representation ablation; Controlled comparison,Full masks+F/T gives best real strict/relaxed success; segmented masks outperform raw RGB+force in simulation,"Tables II–V, PDF pp.4–6",Weight/heaped-capacity metric inconsistent volumetrically; simulator lacks deformable-food physics (§VI),Depth/density-based volume estimation and deformable-food simulation (§VI p.7),batch_003/papers/2025-yow-savr-variable-food-scooping.md
B094,ForceVLA: Enhancing VLA Models with a Force-aware MoE for Contact-rich Manipulation,Jiawen Yu; Hairuo Liu; Qiaojun Yu; Jieji Ren; Ce Hao; Haitong Ding; Guangyu Huang; Guofan Huang; Yan Song; Panpan Cai; Wenqiang Zhang; Cewu Lu,2025,39th Conference on Neural Information Processing Systems (NeurIPS 2025),Relevant,"Vision-language-action policy에 single-step 6-axis estimated TCP wrench를 명시적으로 통합하고 force/no-force, naive fusion, MoE fusion ablations과 visual occlusion/failure analysis를 제공한다. F/T가 current numeric object pose 없이 contact dynamics를 보완하는 역할과 global wrench의 source/precision 한계를 직접 분석할 수 있다.",Bottle pumping; plug insertion; USB insertion; whiteboard wiping; cucumber peeling,Imitation Learning; Vision-Language-Action; Mixture-of-Experts force fusion,π0 conditional flow matching with post-VLM FVLMoE,Flexiv Rizon 7-DoF; Dahuan adaptive gripper; base/wrist RealSense cameras,Action chunks of target TCP pose and gripper width,Robot TCP/gripper execution; exact low-level controller/frequency Not stated,Yes; base and wrist RGB continuously,기타,기타,Implicit in RGB; no numeric current object pose,기타,Implicit visual-language representation; no explicit geometry,미제공,No,No,Not applicable,Not applicable,Not applicable,Not applicable,Not applicable,Yes,Estimated external TCP wrench from Flexiv Rizon platform; exact physical sensor/estimator source Not stated,"Single-timestep world-frame Fx,Fy,Fz,Mx,My,Mz projected to force token",Policy observation; contact/load modulation; retry/recovery; pressure regulation,Yes; TCP position/Euler orientation/gripper width,No explicit wrench/state history; action chunk only,Not stated,Estimated external TCP wrench; no explicit object-state estimator,Base/wrist RGB; language instruction,Numeric current pose/shape/physical parameters; contact locality/patch,Vision-language context; TCP/gripper state; estimated 6-D wrench,Infer scene/task and adapt action to global contact dynamics under occlusion/uncertainty,Not applicable / No simulator GT,Not applicable,Not applicable,Not applicable,Not applicable; real demonstrations only,No; no contact point/patch output,Calibrated estimated wrench/world frame; synchronized streams; platform-integrated sensing; expert contact examples,Estimated precision below direct high-fidelity sensing; global net wrench has no locality/multi-contact separation,No tactile used; vision/language provide context but not local contact distribution,Sensor combination ablation; Input masking; Fusion ablation; Generalization comparison; Failure analysis,MoE force fusion averages 60.5% vs 37.3% no-force; force masking causes large drops in insertion/pumping; fusion design matters,Fig.5/Table 2–3 pp.7–9; Table 6 pp.24–25,"Estimated-wrench precision, high-cost integrated sensing, real-only scale/simulation gap (§6 p.10)","Better/calibrated sensors, low-cost retrofit platforms, high-fidelity simulated scaling (§6 p.10)",batch_003/papers/2025-yu-forcevla-force-aware-moe.md
B095,Augmenting Robotic Disassembly Skill: Combining Compliance Control Strategy with Reinforcement Learning for Twist-Pulling Disassembly,Yue Zang; Xiazhen Xu; Yongquan Zhang; Amir M. Hajiyavand; Jiaqi Ye; Yongjing Wang,2025,2025 IEEE/RSJ International Conference on Intelligent Robots and Systems (IROS),Relevant,"Hidden cap–shaft geometry와 misalignment 상황에서 flange force/torque와 TCP pose만으로 rotation center를 탐색하고 impedance twist-pull을 수행한다. Object pose/geometry 없이 wrench가 policy observation·reward·compliance에 쓰이는 범위, 이를 성립시키는 known axis/grasp/controller assumptions와 controlled strategy comparisons를 제공한다.",Twist-and-pull cap–shaft robotic disassembly under hidden geometry and rotation-center misalignment,Reinforcement Learning; Cartesian impedance/compliance control; Hybrid,DDPG,Franka Emika with Franka Hand and internal torque sensing,"2-D rotation-center offset (Δx, Δy); controller executes z twist and 5 mm lifts",Cartesian impedance mapped by Jacobian transpose with nullspace/Coriolis; Fz-to-z-rotation compensation,No,미제공,미제공,No object pose; TCP pose only,미제공,Hidden/unknown connection geometry; geometry similarity implicit in training transfer,미제공,No,No,Not applicable,Not applicable,Not applicable,Not applicable,Not applicable,Yes,Franka internal torque sensor used for flange force/torque detection; exact estimator Not stated,"Flange force/torque + TCP pose; reward Fn and Tz; compliance Fz; simplified Fx,Fy,tauz variant",Policy state; reward; compliance/force regulation; overload safety; rotation-center search,Yes; TCP pose and impedance errors,Not stated,Not stated,No explicit object/contact-state estimator,Known z twist/pull axis; fixed lift step; specified success height,Current object pose; internal connection geometry/physical properties; contact locality,Flange wrench; TCP pose; mechanical twist-pull prior; impedance response,Search a low-load rotation center and comply with hidden resistance,No,Not stated,No; sensor-derived force/torque,No; robot/tool lift height and safety limits,No / Not stated; real-world training,"No; action-based center search, not contact-point estimation",Rigid grasp; known z axis/lift direction; structured cap–shaft interface; calibrated torque-to-wrench; impedance gains/threshold; geometry similarity,"No contact patch/type recovery; performance depends on offset, geometry, fixture and excessive initial torque",No tactile; local contact information is not added,Controlled method comparison; Transfer comparison; Controller ablation; Action-space comparison; No sensor ablation,Hybrid method outperforms RL-only/no-RL; transfer degrades with dissimilar geometry; medium compliance often best,"Tables I–IV, PDF pp.5–6",No RL-method comparison; success-only metric; limited structural validation; geometry/fixture sensitivity (§V–VI),Improve sample efficiency and extend to more complex/diverse disassembly structures (§VI p.6),batch_003/papers/2025-zang-compliance-rl-twist-pulling-disassembly.md
B096,Twist-pull as an execution skill primitive for robotic disassembly: Safety-aware skill augmentation under contact uncertainty,Yue Zang; Xiazhen Xu; Yongquan Zhang; Fan Zhang; Wupeng Deng; Amir M. Hajiyavand; Yongjing Wang,2026,"Journal of Manufacturing Systems 86, 22–37",Relevant,"Hidden internal contacts and missing explicit contact state are handled with a 6D wrench, vision-derived object progress, history, compliant control and structured RL. It directly shows what information is needed when end-effector pose alone is insufficient and documents wrench distortion under misalignment.","Twist–pull disassembly of cap–shaft, spanner-like, and real product assemblies under grasp misalignment and hidden contact resistance.",Reinforcement Learning; compliant control; safety policy; curriculum learning,DDPG with structured actor/critic branches,Franka Emika; Franka Hand,"Planar end-effector displacements dx, dy; rotational compensation gain k_c; safety policy separately modulates upward velocity",Cartesian impedance controller plus force-triggered twist–pull compensation and rule-based vertical-velocity safety policy,Yes; dual camera segmentation or ArUco supplies object–gripper height difference Δd,Tracking (relative axial progress Δd),"Initial; manually assigned/randomized, not continuously tracked by the policy",Vision-derived object–gripper relative height; end-effector pose/proprioception,Initial / task-specific geometry used for bounds and curriculum; not an actor input,Known experimental part dimensions and predefined curriculum cases,"Not provided to actor; hidden friction, stiffness and interference motivate feedback adaptation",No,Not applicable,Not applicable,Not applicable,Not applicable,Not applicable,Not applicable,Yes,Joint-torque-sensor-derived six-dimensional end-effector wrench on Franka; no separate wrist F/T specified,"[f_x, f_y, f_z, t_x, t_y, t_z]",Actor/critic observation; resistance feedback; structured motion/compliance branches; overload termination,Yes; gripper/end-effector pose contributes to Δd and impedance control,Yes; safety policy uses Δd and prior velocity history,Yes; previous upward velocity enters safety ratios,Vision supplies Δd; no explicit hidden-contact-state estimator,Scalar Δd object–gripper incremental height difference,"Internal contact geometry, friction and explicit hidden contact state are not observed; full current object pose is not an actor input",6D wrench; vision-derived Δd; proprioception/history; compliant primitive structure,Wrench indicates resistance and misalignment effects; Δd exposes object progress/slip that gripper pose alone misses; history safely modulates pull speed,No simulator GT identified; execution sensor observation is wrench + Δd,No; same structured sensor representation as actor is stated,No simulator GT identified; reward uses visually measured object lift and Δd mismatch,No; vision/force/task limits are used,No privileged state stated; predefined task environments and success-rate progression are used,No; wrench is not inverted to a contact location,"Quasi-static, rigid-body rotation-centre analysis; fixed disassembly axis; calibrated wrench/kinematics; low-speed compliant execution","Misalignment couples axial force into lateral forces and torques; gripper compliance, slip and hysteresis distort wrench; locality is not recovered",Not applicable; tactile is proposed only as future multimodal extension,Architecture/safety ablation; controlled baseline comparison; generalization and failure analysis,"Structured vs unstructured, safety-policy removal, RL/controller baselines and cross-structure transfer are compared; sensor removal is not tested","Fig.10 and Table 2, PDF pp.10–11; Table 3, pp.11–12; Discussion, pp.14–15","TP abstraction excludes interactions without dominant axial separation/rotational modulation; quasi-static rigid assumptions omit dynamics; biased axes, extreme misalignment/interference, slip and hysteresis remain limits",Model dynamic/hysteretic effects; adapt stiffness and physically ground k_c; extend to multiple execution skills and multi-skill coordination; add tactile or multimodal sensing,batch_003/papers/2026-zang-twist-pull-safety-aware-disassembly.md
B098,Learning Insertion Primitives with Discrete-Continuous Hybrid Action Space for Robotic Assembly Tasks,Xiang Zhang; Shiyu Jin; Changhao Wang; Xinghao Zhu; Masayoshi Tomizuka,2021,arXiv:2110.12618,Relevant,The paper exposes how current hole pose uncertainty is handled without vision: nominal relative pose and wrist wrench feed an RL policy whose force-thresholded primitives react to contact. It directly separates force-based contact detection from true contact localization and also exposes training-time pose GT in reward/termination.,Peg-in-hole and connector insertion under uncertain hole pose using learned motion primitives,Reinforcement Learning; parameterized action primitives,Twin-Smoothed Multi-pass Deep Q-Network (TS-MP-DQN),FANUC LR Mate 200iD,Discrete primitive type (translation/rotation/insertion) plus continuous velocity and force-limit parameters,Cartesian velocity commands with impedance control on the real robot; primitive terminates on projected-force or travel threshold,No,Tracking for manipulated peg relative to nominal hole; true hole pose is not observed,Tracking for peg relative to nominal reference; true hole yaw is perturbed/hidden,Robot/peg pose relative to nominal hole pose,미제공 to policy; known task geometry in simulation/evaluation,"Task fixtures and simulator meshes, not observation",Not stated as policy input,No,Not applicable,Not applicable,Not applicable,Not applicable,Not applicable,Not applicable,Yes,External wrench in simulation; wrist F/T sensor on real robot,External wrench F_ext in state; projected contact-force threshold f_lim in each primitive,Policy observation and contact-conditioned primitive termination,Yes; relative peg pose and velocity,No,No,No explicit estimator; nominal hole pose plus contact feedback,"Relative peg pose x, peg velocity x_dot",Actual hole pose differs from nominal pose and is not observed directly,External wrench; reactive force-limit primitives; relative peg state,"Contact force stops a motion when contact occurs and, together with pose/velocity, lets the primitive sequence search for the hidden hole offset",No in real execution; nominal hole-relative peg state and F/T are used,No; twin Q networks use the same state/action,Yes in simulation; exact pose error to x_goal defines reward,Yes in simulation; goal/terminal flag uses simulated task state in addition to primitive sensor thresholds,Not applicable,No; force detects contact along the commanded direction but does not recover location,Known nominal hole frame; peg rigidly held; calibrated F/T and velocity direction; thresholded single commanded motion; impedance-controlled real robot,No explicit wrench-locality discussion; unknown hole pose remains and force alone only stops primitives,Not applicable,Algorithm/action-space ablation; baseline comparison; sim-to-real evaluation,"TS-MP-DQN is compared with MP-DQN, discretized primitives and continuous control across simulation, transfer and six real tasks","Fig.5 and Table I, PDF pp.5–6; Table II, p.6","Vision is absent, so initial pose estimation is assumed nominal and perturbed; the paper does not present an explicit limitation section",Add vision for initial pose estimation; extend to bimanual and deformable-object manipulation,batch_003/papers/2021-zhang-parameterized-insertion-primitives.md
B099,Learning Variable Impedance Control via Inverse Reinforcement Learning for Force-Related Tasks,Xiang Zhang; Liting Sun; Zhian Kuang; Masayoshi Tomizuka,2021,"IEEE Robotics and Automation Letters 6(2), 2225–2232",Partially Relevant,"The paper does not use tactile and does not infer contact locality, but it separates wrist F/T used for demonstration collection from execution observations, and compares force-action versus impedance-gain representations and short history. This is useful evidence about when force information is training-only and about force-action transfer limitations.",Peg-in-hole and cup-on-plate variable-impedance manipulation learned from expert demonstrations,Inverse Reinforcement Learning; variable impedance control; learning from demonstration,AIRL with TRPO; behavior cloning and force-action baselines,FANUC LR Mate 200iD/7L,"Diagonal Cartesian stiffness/damping gains or Cartesian feedback force, depending on experimental variant",Cartesian impedance controller; simplified law does not measure external force during policy execution,No,Tracking for end-effector/attached object relative to fixed goal waypoint,Tracking where included in tracking error; exact components are task dependent,Robot kinematics and fixed desired trajectory/waypoint,미제공,Task geometry is not a policy input,Robot dynamics model enters controller; object parameters are not policy observations,No,Not applicable,Not applicable,Not applicable,Not applicable,Not applicable,Not applicable,"Yes, but only for real expert demonstration collection",Wrist F/T sensor during human kinesthetic demonstration,6D human-applied Cartesian force/torque; sliding-window estimate of stiffness/damping,Training demonstration and gain estimation; not an execution observation in the learned gain policy,Yes; tracking error e and tracking velocity e_dot,Yes in evaluated augmented-observation variants (last five e/e_dot pairs),No,Sliding-window least-squares gain estimation for expert data,Fixed desired waypoint/trajectory,Object geometry and environment contact state are not observed; goal waypoints are assumed fixed and given,Tracking error/velocity; impedance law; optional short history; expert F/T only at training-data collection,"Kinematic error drives task execution and impedance gains produce feedback force; history approximates acceleration, though experiments show no consistent benefit",No; actor uses tracking error/velocity available from robot kinematics,Not stated; no asymmetric critic is reported,"No; AIRL reward is learned from (observation, action), not hand-coded simulator GT",Not stated,Not applicable,No,Fixed known waypoints/desired trajectory; known robot dynamics; diagonal positive gains; attached object follows end effector; simplified impedance law,Execution controller omits external-force measurement and Cartesian dynamics remain coupled; direct force actions have poor transfer,Not applicable,Controlled action-space and learning-method comparison; real sim-to-real failure analysis,"Gain-AIRL, force-AIRL, gain/force BC and constant-gain are compared; history variants are also controlled","Tables I–III, PDF pp.4–6; Fig.7 and §V, pp.7–8",Simplified impedance law does not measure external force and yields coupled Cartesian dynamics; fixed/given waypoints limit time-varying goals,Add external force to decouple dynamics; output expert waypoints and add workspace image input,batch_003/papers/2021-zhang-variable-impedance-airl.md
B100,A residual reinforcement learning method for robotic assembly using visual and force information,Zhuangzhuang Zhang; Yizhao Wang; Zhinan Zhang; Lihui Wang; Huang Huang; Qixin Cao,2024,"Journal of Manufacturing Systems 72, 245–262",Relevant,"The paper explicitly assigns global relative-pose search to vision and local contact handling to wrist F/T, while keeping force out of the learned actor and putting it in a controller. It includes modality/controller ablations and exposes simulation GT used in the staged reward.","Vision-guided peg-in-hole assembly with force-controlled reaching, search and insertion stages",Residual Reinforcement Learning; hybrid force/position control,PPO actor–critic,UR10 with Robotiq 2F-140 gripper,3D Cartesian displacement Δx and z-axis rotation increment Δα_z from visual policy; force controller adds/replaces residual commands,Modified parallel explicit-force/admittance/position controller; IK to position commands,Yes; eye-in-hand RGB image encoded to 512 features,Tracking (implicit relative peg–hole feature from each RGB image),Tracking (implicit relative z-axis orientation feature),Eye-in-hand RGB through CNN; not explicit numeric pose at actor,"기타; implicit in RGB, no explicit geometry after training",Raw eye-in-hand RGB appearance,No object parameters in actor; controller gains manually set,No,Not applicable,Not applicable,Not applicable,Not applicable,Not applicable,Not applicable,Yes,ATI Mini45 six-axis wrist F/T sensor,"Filtered/gravity-compensated [F_x,F_y,F_z,M_x,M_y,M_z], force error and threshold events",Stage transition/contact detection; constant-force insertion; admittance correction; safety reset/termination; not direct actor input,Yes in controller/IK; not listed as visual actor input,No explicit actor history,No,CNN produces 512 implicit object-centric relative-pose features,Task stage determined by F_z events,Explicit geometric parameters and numeric part poses are not supplied after training,RGB relative-pose features + wrist F/T + analytical force-control prior,Vision drives global spatial search; F/T detects contact and handles local interaction/force regulation during search and insertion,No; actor sees RGB only,No; actor and critic share visual feature extractor,Yes in simulation; exact relative position/orientation/height variables shape reward,"No privileged state stated; F/T, action/time safety limits and completion contact are used",Not applicable,No,Known flat task frame/surface normal; calibrated F/T and gravity compensation; manually tuned force/admittance gains; rigid objects,F/T provides contact/stage and regulation but not part pose or contact locality; control parameters are material dependent,Not applicable,Sensor/modality and controller ablation; noise robustness; real transfer,"Full vision+modified force control is compared with no vision, force-threshold and admittance-only variants across clearances, poses and shapes","Fig.10 and Table 2, PDF pp.11–14; real results Table 3, pp.15–16",RGB is sensitive to brightness/color and limited field of view; manual force parameters may fail across material/hardness; sim-to-real gap remains; non-flat tasks enlarge action space,"Use depth/preprocessed images; learn force-control parameters with multimodal RL; add visual, force and proprioceptive data as RL observations for variable stiffness tasks",batch_003/papers/2024-zhang-residual-rl-visual-force-assembly.md
B101,SRL-VIC: A Variable Stiffness-based Safe Reinforcement Learning for Contact-rich Robotic Tasks,Heng Zhang; Gokhan Solak; Gustavo J. G. Lahr; Arash Ajoudani,2024,IEEE Robotics and Automation Letters (accepted preprint),Relevant,"This blind contact task removes vision and combines net F/T, proprioceptive position, learned safety risk and impedance modulation. It directly shows that F/T alone does not supply environment geometry or contact locality, and uses controlled component ablations to test how force feedback and controller priors compensate.","Blind, contact-rich maze exploration with collision safety and obstacle pushing",Safe Reinforcement Learning; variable impedance control; recovery policy,SAC task policy; DDPG recovery policy; learned safety critic,7-DoF Franka Emika Panda,"Relative planar displacement [ΔP_x,ΔP_y] and stiffness [K_x,K_y]",Task-space variable impedance controller,No,Not applicable; no manipulated target object,Not applicable,Not applicable; current end-effector position is proprioceptive state,미제공; maze geometry is not observed,"Fixed training layout is implicit in experience, not an observation",미제공,No,Not applicable,Not applicable,Not applicable,Not applicable,Not applicable,Not applicable,Yes,Six-dimensional F/T measurement; sensor hardware/brand is not stated,"[F_x,F_y,F_z,T_x,T_y,T_z]; force magnitude threshold; simulated observation noise",Safety critic/recovery state; task-policy state; collision constraint; VIC interaction feedback,"Yes; task policy also receives end-effector [P_x,P_y,P_z]",No recurrent/history input stated,No,"Safety critic predicts action risk Q_risk(s,a)",Known goal used in reward; current end-effector position in task policy,No vision or maze map/shape observation; contact location and obstacle geometry are unknown,6D F/T + end-effector position + learned risk + recovery policy,"F/T signals contact severity, position provides progress/memory in a fixed layout, and risk/recovery predicts unsafe actions before execution",No; real-executable F/T and end-effector position,No asymmetric GT; safety critic uses F/T state and proposed action,No object GT; reward uses robot position to a known goal and force-threshold events,"No; force constraint, entrance/goal and horizon are monitorable",Yes for offline data generation only; six known simulator points and scripted collision sampling create safety labels,No,"Known goal, calibrated F/T, reliable force threshold, fixed task-space controller; fixed training maze lets position encode progress","F/T measures net interaction but no contact point; simulation/real F/T dynamics and sensing differ, and force alone does not generalize task layout",Not applicable,Sensor/controller/safety-component ablation; risk analysis; real failure analysis,VIC+recovery is compared with constant-stiffness recovery and VIC without recovery; combinations isolate the contribution of stiffness adaptation and predictive safety,"Fig.4–6, PDF pp.5–6; real deployment and failure, pp.7–8",Task policy trained on one maze cannot generalize to a substantially different maze; simulator dynamics/F/T precision caused initial real failures,Evaluate more generalized task scenarios and incorporate model-based RL to improve safety and robustness,batch_003/papers/2024-zhang-srl-vic-contact-maze.md
B102,The Role of Tactile Sensing for Learning Reach and Grasp,Boya Zhang; Iris Andrussow; Andreas Zell; Georg Martius,2025,IEEE International Conference on Robotics and Automation (ICRA),Relevant,"This is a direct representation-ablation study of binary, magnitude, vector and regional tactile signals with vision, proprioception and history. It provides unusually strong evidence about what reduced tactile removes and what remains useful when visual object pose is imperfect.",Two-finger reach-and-grasp with systematic comparison of tactile sensing representations,Reinforcement Learning; sim-to-real tactile representation study,SAC and MPO,Franka Panda with two-finger antipodal gripper; real Minsight fingertips,Seven arm joint positions plus gripper opening width,Joint impedance controller interpolates 20-Hz policy output to 1 kHz on hardware,"Yes; exact/noised object state in core simulation, wrist RGB encoder in generalization, FoundationPose on real robot",Tracking,Tracking,Simulation GT with injected noise; wrist RGB encoder; FoundationPose on hardware,"기타; object type one-hot or implicit wrist RGB, no mesh passed to policy",One-hot identity / visual representation; meshes used for simulation and grasp generation,Not actor input; friction/controller parameters randomized for transfer,Yes,Two Minsight vision-based fingertip sensors; simulated 50 force-vector primitives per fingertip,Per-contact primitive 3D force vectors; real Minsight force estimates,Aggregate whole-finger force; threshold to binary; magnitude; K-region selection; optional concatenation of global vector,"B, M, V, BK, MK, VK for K=5/9/12; two fingers; five-frame observation history",Contact presence; force magnitude; global direction; regional contact distribution depending on representation,Binary removes magnitude/direction; magnitude removes direction; global V removes spatial locality; K-region versions quantize locality and omit full surface detail,"No; global force vector is fingertip tactile aggregation, not wrist F/T",Not applicable,Not applicable,Not applicable,Yes; TCP pose and gripper opening,Yes; typically five successive observations,No,Visual encoder/FoundationPose; no tactile pose estimator,"Object type, remaining-step scalar","Noisy/occluded visual pose and, for reduced tactile, spatial/magnitude/directional contact detail",Tactile representation + proprioception + short history + vision,Tactile supplies contact/force cues when vision is biased; proprioception/actions make them actionable; short history smooths tracking noise,Yes in core simulation variants: exact object pose/type before controlled noise; no on real hardware where FoundationPose is used,No asymmetric critic reported; same state representation is used,Yes; simulator contact distances/forces and post-rollout stability test with random forces,No special privileged early termination stated; fixed episode horizon,Yes; demo injection uses precomputed stable poses/robust grasps and simulation object models,Not applicable,Not applicable,Not applicable,No wrist F/T is used; study shows global fingertip force direction can outperform dense regional maps under noisy vision,"Representation, sensor-area, history and modality ablations; generalization and sim-to-real comparison","No-tactile, binary, magnitude, vector, regional maps, memory lengths and sensing areas are directly compared under perfect/noisy vision and hardware transfer","Table II–III and Fig.4–10, PDF pp.4–6; Table V, p.6",Simplified rigid sensor/contact model; controlled setting; algorithm/hyperparameter sensitivity; sim-to-real confounds; no online visual-tactile feature learning due compute,Blind grasping with active search and accumulated information; multi-finger in-hand manipulation; online visual-tactile feature learning,batch_003/papers/2025-zhang-role-tactile-reach-grasp.md
B105,ARMCL: ARM Contact point Localization via Monte Carlo Localization,Adrian Zwiener; Richard Hanten; Cornelia Schulz; Andreas Zell,2019,IEEE/RSJ International Conference on Intelligent Robots and Systems (IROS),Relevant,"This paper directly answers how far joint-torque-derived wrench information can recover contact locality and which extra constraints make that possible. It explicitly analyzes non-uniqueness, multiple contacts, tangential forces, known geometry and model-error limitations.",External contact point and force localization on a robot arm without tactile skin,State estimation; particle filter; model-based contact localization,Monte Carlo localization (ARMCL),Kinova Jaco2,Not applicable; estimator output only,Not applicable,No,Not applicable; external object is not modeled,Not applicable,Not applicable,Not applicable,"Known robot surface mesh, not object geometry",Not applicable,No,Not applicable,Not applicable,Not applicable,Not applicable,Not applicable,Not applicable,Yes,One-dimensional joint torque sensors; momentum-residual observer estimates external joint torques,Joint positions/velocities/torques → residual r≈τ_ext → normalized residual and particle likelihood; SVD force amplitude,"Contact detection, surface contact-location distribution and normal-force amplitude estimation","Yes; q, q_dot and joint torques",Yes implicitly in momentum residual integration and sequential particle filter,No,Particle filter over known triangular robot surface mesh with density estimation,"Known robot kinematics, dynamics, surface normals and mesh topology","No external-object pose/shape, contact patch or tangential force; joint torques underdetermine location",Known robot mesh/kinematics/dynamics; normal-force and single-contact assumptions; temporal particle belief,Geometric and dynamic constraints turn ambiguous joint-torque residuals into a probability distribution over robot surface locations,Not applicable,Not applicable,Not applicable,Not applicable,Not applicable,"Yes, under restrictive assumptions",Known robot surface mesh/kinematics/dynamics; contact lies on surface; force is normal; primarily single contact; sufficient torque channels; threshold removes noise,1D joint torques have no unique solution; multiple contacts can equal one apparent contact; tangent forces yield infinitely many solutions; geometry and acceleration/model error bias estimates,Not applicable; tactile skin is explicitly absent,Controlled estimator comparison; real/simulation accuracy and convergence tests; failure analysis,"Particle variants are compared with direct optimization, RF, MLP and friction-cone filter; real contact points/forces validate convergence and errors","Table I, PDF p.5; Table II, p.6; Discussion, p.7",Contact problem is ambiguous; model/sensor accuracy and high acceleration affect estimates; normal-force and single-contact focus excludes tangential/multiple-contact cases,"Investigate multiple contacts, fuse 3D environmental sensing as prior, and analyze tangential contact forces",batch_003/papers/2019-zwiener-armcl-contact-localization.md
B106,"Framework for Robot Door Opening Based on Visual, Force, and Tactile Integration",Valentin Šimundić; Luka Petrović; Matej Džijan; Robert Cupec,2026,"IEEE Access 14, 11110–11128",Relevant,"This paper gives an explicit F/T–tactile division: wrist F/T detects unexpected collisions globally, while a fingertip tactile sensor verifies local door-leaf contact and contact loss. Failure events and pose/history then correct an initially vision-derived object model, while the authors directly state that exact contact locality is still unknown.",Autonomous opening of handleless cabinet doors with failure-driven camera/environment-model correction,Rule-based finite-state machine; geometric optimization; motion planning,Levenberg–Marquardt camera-parameter correction with sampled contact hypotheses,UR5; Robotiq 3-Finger Gripper,"Planned joint-space approach, insertion and door-opening trajectories; retry after correction",Trajectory execution with sensor-threshold state transitions and replanning,Yes; eye-in-hand RGB-D/LiDAR door detection and event-triggered recapture,Initial plus failure-triggered recapture/update; not continuous tracking,Initial plus door-state recapture after contact loss,RGB-D door model; corrected camera model; recapture module,Initial,"RGB-D polyhedral cabinet/door model with size, hinge axis and leaf offset",Rigid polyhedral model and hinge kinematics assumed; friction not estimated,Yes,Single XELA uSPa 44 fingertip tactile sensor,Sensor output details/units not stated,Threshold to significant tactile feedback/contact/no-contact; exact threshold not stated,"Contact established, missed contact, and contact-loss events",Local fingertip contact presence and continuity with door leaf,"Exact contact point, distributed patch, force vector/magnitude and full gripper coverage are unavailable in the method",Yes,Robotiq FT300-S six-axis wrist F/T sensor,External force/torque monitored against a predefined threshold; tool pose recorded at threshold crossing,Collision detection during approach/insertion and trigger for model correction/replanning,"Yes; robot tool pose, joint state and calibrated transforms support planning/correction",Yes; execution trace of all failed actions/scenes accumulates across trials,Yes; failed pose/path and candidate contact sets enter recursive correction,RGB-D door-state estimator during recapture; optimized camera/cabinet model,Known robot/tool kinematics and polyhedral feature geometry,Camera calibration/model bias and exact tool–environment contact correspondence,Wrist F/T collision events; fingertip tactile contact/miss/loss; tool pose; failure history; known geometry,"F/T identifies unexpected global collision, tactile identifies local door-leaf contact continuity, and both generate constraints that correct the visual model",Not applicable,Not applicable,Not applicable,Not applicable,Not applicable,No; all possible feature pairs are enumerated because contact point is unknown,Rigid convex/polyhedral tool and environment; known kinematics/transforms; calibrated threshold; dominant camera-calibration error; correct segmentation/model correspondence,Thresholded wrench cannot specify which tool/environment features contacted; candidate enumeration is computationally expensive; force direction is unused,"Tactile confirms local fingertip–door contact and detects miss/loss during opening, events that wrist collision threshold alone does not identify",Correction-parameter ablation; real repeated-trial comparison; author explanation (no sensor-removal ablation),Camera/optimization parameters and calibration strategies are compared; the exact F/T+tactile modality split is not ablated,"Table 4 and Fig.8–10, PDF pp.13–14; Fig.11–12, pp.14–15; modality logic §III-D, p.5","Exact contact correspondence is unknown, forcing expensive consideration of all candidates; method assumes rigid polyhedral bodies and does not address segmentation error",Use wrist force direction to reject inconsistent surfaces; use full-gripper tactile coverage with precise contact localization; extend correction to other rigid polyhedral manipulation tasks,batch_003/papers/2026-simundic-visual-force-tactile-door-opening.md
